Run,Condition,source,target,edge,edge_type,N_valid,N_present,prevalence,mean_Ep_A,mean_Pp_A
Run 1,ALL,IFG_L,IFG_L,IFG_L→IFG_L,self,45,0,0.0,-0.0288856700378129,0.5905657695517391
Run 1,ALL,IFG_L,V1_L,IFG_L→V1_L,between_roi,45,0,0.0,0.0837413723793191,0.7200466612245854
Run 1,ALL,IFG_L,lOTC,IFG_L→lOTC,between_roi,45,0,0.0,0.0711184443031885,0.6916378712056418
Run 1,ALL,IFG_L,vOTC,IFG_L→vOTC,between_roi,45,0,0.0,0.070999590352442,0.6910337771072256
Run 1,ALL,V1_L,IFG_L,V1_L→IFG_L,between_roi,45,0,0.0,0.0631159357668421,0.688473464223202
Run 1,ALL,V1_L,V1_L,V1_L→V1_L,self,45,1,0.0222222222222222,-0.0621972444295374,0.6783112522364926
Run 1,ALL,V1_L,lOTC,V1_L→lOTC,between_roi,45,9,0.2,0.0916636084612527,0.7402426141864825
Run 1,ALL,V1_L,vOTC,V1_L→vOTC,between_roi,45,5,0.1111111111111111,0.0902957078207846,0.741619449011876
Run 1,ALL,lOTC,IFG_L,lOTC→IFG_L,between_roi,45,0,0.0,0.0563072404406446,0.6700739044234298
Run 1,ALL,lOTC,V1_L,lOTC→V1_L,between_roi,45,9,0.2,0.0981476102041159,0.7492500755498582
Run 1,ALL,lOTC,lOTC,lOTC→lOTC,self,45,0,0.0,-0.0481204455836105,0.644400291564421
Run 1,ALL,lOTC,vOTC,lOTC→vOTC,between_roi,45,1,0.0222222222222222,0.0820490505799387,0.7223307533089693
Run 1,ALL,vOTC,IFG_L,vOTC→IFG_L,between_roi,45,0,0.0,0.0573312153580705,0.6706950195269983
Run 1,ALL,vOTC,V1_L,vOTC→V1_L,between_roi,45,10,0.2222222222222222,0.098728007964425,0.7511067262021747
Run 1,ALL,vOTC,lOTC,vOTC→lOTC,between_roi,45,1,0.0222222222222222,0.0833609898844231,0.7237430873151002
Run 1,ALL,vOTC,vOTC,vOTC→vOTC,self,45,0,0.0,-0.047405850658348,0.6423338140920793
Run 1,Block-01,IFG_L,IFG_L,IFG_L→IFG_L,self,45,0,0.0,-0.0036647849565156,0.5205109215692804
Run 1,Block-01,IFG_L,V1_L,IFG_L→V1_L,between_roi,45,0,0.0,0.0153838827719426,0.5291812190689668
Run 1,Block-01,IFG_L,lOTC,IFG_L→lOTC,between_roi,45,0,0.0,0.0188082394536573,0.5335686518654728
Run 1,Block-01,IFG_L,vOTC,IFG_L→vOTC,between_roi,45,0,0.0,0.0169334466827706,0.5271287830258454
Run 1,Block-01,V1_L,IFG_L,V1_L→IFG_L,between_roi,45,0,0.0,0.0094133286068823,0.5229671858820534
Run 1,Block-01,V1_L,V1_L,V1_L→V1_L,self,45,0,0.0,-0.0075167260209744,0.5276658841872424
Run 1,Block-01,V1_L,lOTC,V1_L→lOTC,between_roi,45,0,0.0,0.0207046222060071,0.5428944777286295
Run 1,Block-01,V1_L,vOTC,V1_L→vOTC,between_roi,45,0,0.0,0.0172110022853259,0.533497324775142
Run 1,Block-01,lOTC,IFG_L,lOTC→IFG_L,between_roi,45,0,0.0,0.011584327559292,0.5256234023075834
Run 1,Block-01,lOTC,V1_L,lOTC→V1_L,between_roi,45,0,0.0,0.0189285654984218,0.5405822046513235
Run 1,Block-01,lOTC,lOTC,lOTC→lOTC,self,45,1,0.0222222222222222,-0.0116878759590205,0.5288471912103219
Run 1,Block-01,lOTC,vOTC,lOTC→vOTC,between_roi,45,0,0.0,0.0189121034426655,0.5364266230516113
Run 1,Block-01,vOTC,IFG_L,vOTC→IFG_L,between_roi,45,0,0.0,0.0114827205480153,0.5259286693667248
Run 1,Block-01,vOTC,V1_L,vOTC→V1_L,between_roi,45,0,0.0,0.0182636110355461,0.5392744990443736
Run 1,Block-01,vOTC,lOTC,vOTC→lOTC,between_roi,45,1,0.0222222222222222,0.0219094925975537,0.543443947207851
Run 1,Block-01,vOTC,vOTC,vOTC→vOTC,self,45,1,0.0222222222222222,-0.0102882958763448,0.524319012361187
Run 1,Block-02,IFG_L,IFG_L,IFG_L→IFG_L,self,45,0,0.0,-0.0010298489182512,0.5033914492294983
Run 1,Block-02,IFG_L,V1_L,IFG_L→V1_L,between_roi,45,0,0.0,0.0106098440882395,0.5089262950554775
Run 1,Block-02,IFG_L,lOTC,IFG_L→lOTC,between_roi,45,0,0.0,0.0087931170338724,0.5034216980661652
Run 1,Block-02,IFG_L,vOTC,IFG_L→vOTC,between_roi,45,0,0.0,0.0090263720201499,0.5038749092558628
Run 1,Block-02,V1_L,IFG_L,V1_L→IFG_L,between_roi,45,0,0.0,0.0083229774555204,0.5043485890116739
Run 1,Block-02,V1_L,V1_L,V1_L→V1_L,self,45,0,0.0,-0.0006238427137777,0.5036880103210015
Run 1,Block-02,V1_L,lOTC,V1_L→lOTC,between_roi,45,0,0.0,0.0086221344466884,0.5025879735933276
Run 1,Block-02,V1_L,vOTC,V1_L→vOTC,between_roi,45,0,0.0,0.0087999253463409,0.5031512021468462
Run 1,Block-02,lOTC,IFG_L,lOTC→IFG_L,between_roi,45,0,0.0,0.0074680088163399,0.506284343615778
Run 1,Block-02,lOTC,V1_L,lOTC→V1_L,between_roi,45,0,0.0,0.0084708027136356,0.5060933932286475
Run 1,Block-02,lOTC,lOTC,lOTC→lOTC,self,45,0,0.0,-0.0003335028130999,0.5016236561294292
Run 1,Block-02,lOTC,vOTC,lOTC→vOTC,between_roi,45,0,0.0,0.0087150219668991,0.5028866474696632
Run 1,Block-02,vOTC,IFG_L,vOTC→IFG_L,between_roi,45,0,0.0,0.008662657551405,0.5053886710961455
Run 1,Block-02,vOTC,V1_L,vOTC→V1_L,between_roi,45,0,0.0,0.0096273109964744,0.5068699269785957
Run 1,Block-02,vOTC,lOTC,vOTC→lOTC,between_roi,45,0,0.0,0.0087903499221504,0.5031217332324863
Run 1,Block-02,vOTC,vOTC,vOTC→vOTC,self,45,0,0.0,-0.0006082745288492,0.5023022059716395
Run 1,Block-03,IFG_L,IFG_L,IFG_L→IFG_L,self,45,3,0.0666666666666666,-0.0595083028143355,0.684176686643779
Run 1,Block-03,IFG_L,V1_L,IFG_L→V1_L,between_roi,45,11,0.2444444444444444,0.0243085403740906,0.8061476148653374
Run 1,Block-03,IFG_L,lOTC,IFG_L→lOTC,between_roi,45,10,0.2222222222222222,0.0657524327151654,0.8082375232828816
Run 1,Block-03,IFG_L,vOTC,IFG_L→vOTC,between_roi,45,9,0.2,0.0679635473211232,0.7835602582661049
Run 1,Block-03,V1_L,IFG_L,V1_L→IFG_L,between_roi,45,19,0.4222222222222222,0.1295007945643848,0.8751578544907559
Run 1,Block-03,V1_L,V1_L,V1_L→V1_L,self,45,10,0.2222222222222222,-0.118617011695446,0.8006871332450397
Run 1,Block-03,V1_L,lOTC,V1_L→lOTC,between_roi,45,24,0.5333333333333333,0.1855966156005828,0.8868672374659298
Run 1,Block-03,V1_L,vOTC,V1_L→vOTC,between_roi,45,23,0.5111111111111111,0.1731712381928952,0.882542094588431
Run 1,Block-03,lOTC,IFG_L,lOTC→IFG_L,between_roi,45,17,0.3777777777777777,0.1592071576379094,0.8486694821968758
Run 1,Block-03,lOTC,V1_L,lOTC→V1_L,between_roi,45,21,0.4666666666666667,0.1687854877980715,0.8534565964903876
Run 1,Block-03,lOTC,lOTC,lOTC→lOTC,self,45,7,0.1555555555555555,-0.1080274538443099,0.7734839732117008
Run 1,Block-03,lOTC,vOTC,lOTC→vOTC,between_roi,45,22,0.4888888888888889,0.2128050545423137,0.8835930207179552
Run 1,Block-03,vOTC,IFG_L,vOTC→IFG_L,between_roi,45,16,0.3555555555555555,0.1252559658164005,0.8308913784996846
Run 1,Block-03,vOTC,V1_L,vOTC→V1_L,between_roi,45,13,0.2888888888888888,0.1245833833341371,0.8269153681729468
Run 1,Block-03,vOTC,lOTC,vOTC→lOTC,between_roi,45,19,0.4222222222222222,0.1583783840895762,0.8544148564247899
Run 1,Block-03,vOTC,vOTC,vOTC→vOTC,self,45,5,0.1111111111111111,-0.0877104989148024,0.742693558793945
Run 2,ALL,IFG_L,IFG_L,IFG_L→IFG_L,self,45,0,0.0,-0.0348174382384966,0.6016330897426452
Run 2,ALL,IFG_L,V1_L,IFG_L→V1_L,between_roi,45,1,0.0222222222222222,0.0637028228826176,0.6582913108509393
Run 2,ALL,IFG_L,lOTC,IFG_L→lOTC,between_roi,45,0,0.0,0.059192509531261,0.650992296515036
Run 2,ALL,IFG_L,vOTC,IFG_L→vOTC,between_roi,45,0,0.0,0.0626371348394951,0.6589564992097954
Run 2,ALL,V1_L,IFG_L,V1_L→IFG_L,between_roi,45,1,0.0222222222222222,0.0477501567270549,0.6553066389739272
Run 2,ALL,V1_L,V1_L,V1_L→V1_L,self,45,0,0.0,-0.0393708227022063,0.6183152619818933
Run 2,ALL,V1_L,lOTC,V1_L→lOTC,between_roi,45,0,0.0,0.0535644825096514,0.6566754872995199
Run 2,ALL,V1_L,vOTC,V1_L→vOTC,between_roi,45,1,0.0222222222222222,0.0554914826832852,0.6650956722974253
Run 2,ALL,lOTC,IFG_L,lOTC→IFG_L,between_roi,45,0,0.0,0.0456510129032546,0.6314611806619532
Run 2,ALL,lOTC,V1_L,lOTC→V1_L,between_roi,45,0,0.0,0.0575397522088149,0.6475772712957439
Run 2,ALL,lOTC,lOTC,lOTC→lOTC,self,45,0,0.0,-0.0331335415337271,0.599014071923964
Run 2,ALL,lOTC,vOTC,lOTC→vOTC,between_roi,45,0,0.0,0.053314360661217,0.6439460552142905
Run 2,ALL,vOTC,IFG_L,vOTC→IFG_L,between_roi,45,0,0.0,0.0526717546513335,0.6386139048193616
Run 2,ALL,vOTC,V1_L,vOTC→V1_L,between_roi,45,2,0.0444444444444444,0.0623130429165824,0.6555817278976467
Run 2,ALL,vOTC,lOTC,vOTC→lOTC,between_roi,45,0,0.0,0.0570222702019475,0.6454301826592321
Run 2,ALL,vOTC,vOTC,vOTC→vOTC,self,45,0,0.0,-0.0375043851149729,0.6065895530424024
Run 2,Block-01,IFG_L,IFG_L,IFG_L→IFG_L,self,45,0,0.0,-0.0026614779869813,0.5214258159091281
Run 2,Block-01,IFG_L,V1_L,IFG_L→V1_L,between_roi,45,0,0.0,0.0151190933785456,0.5453536869872246
Run 2,Block-01,IFG_L,lOTC,IFG_L→lOTC,between_roi,45,0,0.0,0.0063351049507332,0.5350433245750766
Run 2,Block-01,IFG_L,vOTC,IFG_L→vOTC,between_roi,45,0,0.0,0.0058932984562806,0.5336046581033844
Run 2,Block-01,V1_L,IFG_L,V1_L→IFG_L,between_roi,45,0,0.0,0.0131612511347092,0.5337400022237272
Run 2,Block-01,V1_L,V1_L,V1_L→V1_L,self,45,0,0.0,-0.0112203824146549,0.5394770759316586
Run 2,Block-01,V1_L,lOTC,V1_L→lOTC,between_roi,45,2,0.0444444444444444,0.0198129373913337,0.550865034530113
Run 2,Block-01,V1_L,vOTC,V1_L→vOTC,between_roi,45,2,0.0444444444444444,0.0182405356650861,0.5505073169296631
Run 2,Block-01,lOTC,IFG_L,lOTC→IFG_L,between_roi,45,0,0.0,0.0120462297181576,0.5259459297196198
Run 2,Block-01,lOTC,V1_L,lOTC→V1_L,between_roi,45,2,0.0444444444444444,0.027691257773627,0.5529861283033365
Run 2,Block-01,lOTC,lOTC,lOTC→lOTC,self,45,0,0.0,-0.0055089009301419,0.528446719819576
Run 2,Block-01,lOTC,vOTC,lOTC→vOTC,between_roi,45,2,0.0444444444444444,0.0195271877078824,0.5374885982916886
Run 2,Block-01,vOTC,IFG_L,vOTC→IFG_L,between_roi,45,0,0.0,0.0119944361455673,0.526632482524561
Run 2,Block-01,vOTC,V1_L,vOTC→V1_L,between_roi,45,1,0.0222222222222222,0.026519706748856,0.5540586035003159
Run 2,Block-01,vOTC,lOTC,vOTC→lOTC,between_roi,45,2,0.0444444444444444,0.0188846483009657,0.5404503457489885
Run 2,Block-01,vOTC,vOTC,vOTC→vOTC,self,45,0,0.0,-0.0045585794101088,0.5253450274147128
Run 2,Block-02,IFG_L,IFG_L,IFG_L→IFG_L,self,45,0,0.0,-0.0031988964275403,0.5111231460579078
Run 2,Block-02,IFG_L,V1_L,IFG_L→V1_L,between_roi,45,0,0.0,0.0095703298065723,0.5085173517109703
Run 2,Block-02,IFG_L,lOTC,IFG_L→lOTC,between_roi,45,1,0.0222222222222222,0.013863178400169,0.5178002087746981
Run 2,Block-02,IFG_L,vOTC,IFG_L→vOTC,between_roi,45,1,0.0222222222222222,0.0153716139142353,0.519460854710777
Run 2,Block-02,V1_L,IFG_L,V1_L→IFG_L,between_roi,45,1,0.0222222222222222,0.0033191515593072,0.5130603280868724
Run 2,Block-02,V1_L,V1_L,V1_L→V1_L,self,45,0,0.0,-0.0022726781290048,0.5084212712359447
Run 2,Block-02,V1_L,lOTC,V1_L→lOTC,between_roi,45,0,0.0,0.0040417666885867,0.5142745291259023
Run 2,Block-02,V1_L,vOTC,V1_L→vOTC,between_roi,45,1,0.0222222222222222,0.0040873810836795,0.5160828415024982
Run 2,Block-02,lOTC,IFG_L,lOTC→IFG_L,between_roi,45,0,0.0,0.0131792782956226,0.5156463125876957
Run 2,Block-02,lOTC,V1_L,lOTC→V1_L,between_roi,45,0,0.0,0.0114574254616204,0.5110467139544755
Run 2,Block-02,lOTC,lOTC,lOTC→lOTC,self,45,0,0.0,-0.0022160989153082,0.5088391572638934
Run 2,Block-02,lOTC,vOTC,lOTC→vOTC,between_roi,45,0,0.0,0.0137531058288457,0.5181966252799103
Run 2,Block-02,vOTC,IFG_L,vOTC→IFG_L,between_roi,45,1,0.0222222222222222,0.0141254188488079,0.5158146268002793
Run 2,Block-02,vOTC,V1_L,vOTC→V1_L,between_roi,45,0,0.0,0.01085845068186,0.5096342685306043
Run 2,Block-02,vOTC,lOTC,vOTC→lOTC,between_roi,45,0,0.0,0.0132305703356233,0.5167394507339146
Run 2,Block-02,vOTC,vOTC,vOTC→vOTC,self,45,0,0.0,-0.0032048850586978,0.5112362257655195
Run 2,Block-03,IFG_L,IFG_L,IFG_L→IFG_L,self,45,2,0.0444444444444444,-0.0603810602106292,0.6995151239117411
Run 2,Block-03,IFG_L,V1_L,IFG_L→V1_L,between_roi,45,14,0.3111111111111111,0.0725621787519471,0.8177556275360564
Run 2,Block-03,IFG_L,lOTC,IFG_L→lOTC,between_roi,45,12,0.2666666666666666,0.0725979944144862,0.7918899456161911
Run 2,Block-03,IFG_L,vOTC,IFG_L→vOTC,between_roi,45,10,0.2222222222222222,0.0972739534097032,0.7837556578167733
Run 2,Block-03,V1_L,IFG_L,V1_L→IFG_L,between_roi,45,21,0.4666666666666667,0.1003896887894266,0.8422788504640617
Run 2,Block-03,V1_L,V1_L,V1_L→V1_L,self,45,9,0.2,-0.1013577465075367,0.7788834043446777
Run 2,Block-03,V1_L,lOTC,V1_L→lOTC,between_roi,45,20,0.4444444444444444,0.1612448448466309,0.8487636537865773
Run 2,Block-03,V1_L,vOTC,V1_L→vOTC,between_roi,45,20,0.4444444444444444,0.1281865457172316,0.8561976234098331
Run 2,Block-03,lOTC,IFG_L,lOTC→IFG_L,between_roi,45,25,0.5555555555555556,0.1917527117228146,0.853154525478239
Run 2,Block-03,lOTC,V1_L,lOTC→V1_L,between_roi,45,24,0.5333333333333333,0.1921130241423481,0.8703420065465737
Run 2,Block-03,lOTC,lOTC,lOTC→lOTC,self,45,7,0.1555555555555555,-0.1145830529290482,0.7898060969517857
Run 2,Block-03,lOTC,vOTC,lOTC→vOTC,between_roi,45,27,0.6,0.2280889491673066,0.8873514239594963
Run 2,Block-03,vOTC,IFG_L,vOTC→IFG_L,between_roi,45,22,0.4888888888888889,0.1446926901863624,0.8321481847779472
Run 2,Block-03,vOTC,V1_L,vOTC→V1_L,between_roi,45,18,0.4,0.1237017883653672,0.8084053826905245
Run 2,Block-03,vOTC,lOTC,vOTC→lOTC,between_roi,45,19,0.4222222222222222,0.1770741884643751,0.8443525351454123
Run 2,Block-03,vOTC,vOTC,vOTC→vOTC,self,45,4,0.0888888888888888,-0.0996263743642034,0.7648068154413844
