parameter,effect,posterior_mean,posterior_sd,posterior_probability,source,target,target_row,source_col,edge,edge_type,PP_ge_95,PP_ge_99,CI95_low,CI95_high,EffectLabel,retained_label
"A(1,4)",Late_B3_gt_mean_B1B2,-0.11407348631456,0.0253617068400341,1.0,IFG_L,vOTC,1,4,IFG_L→vOTC,between_roi,True,True,-0.1637824317210268,-0.0643645409080931,"Late: B3 > mean(B1,B2)", *
"A(2,4)",Late_B3_gt_mean_B1B2,-0.0532823840323031,0.0364838819069872,0.782948831193148,IFG_L,lOTC,2,4,IFG_L→lOTC,between_roi,False,False,-0.124790792569998,0.0182260245053918,"Late: B3 > mean(B1,B2)",
"A(4,1)",Late_B3_gt_mean_B1B2,-0.0478548222578375,0.0248750710155978,0.864842531319254,vOTC,IFG_L,4,1,vOTC→IFG_L,between_roi,False,False,-0.0966099614484091,0.0009003169327341,"Late: B3 > mean(B1,B2)",
"A(3,4)",Late_B3_gt_mean_B1B2,-6.53997140624986e-06,0.0001008587101778,0.0,IFG_L,V1_L,3,4,IFG_L→V1_L,between_roi,False,False,-0.0002042230433547,0.0001911431005422,"Late: B3 > mean(B1,B2)",
"A(2,1)",Late_B3_gt_mean_B1B2,-8.31109504387122e-07,0.000101370904698,0.0,vOTC,lOTC,2,1,vOTC→lOTC,between_roi,False,False,-0.0001995180827124,0.0001978558637036,"Late: B3 > mean(B1,B2)",
"A(3,1)",Late_B3_gt_mean_B1B2,1.66874816475126e-06,0.0001031282942953,0.0,vOTC,V1_L,3,1,vOTC→V1_L,between_roi,False,False,-0.000200462708654,0.0002038002049835,"Late: B3 > mean(B1,B2)",
"A(4,3)",Late_B3_gt_mean_B1B2,0.115149498268404,0.0324758152811268,1.0,V1_L,IFG_L,4,3,V1_L→IFG_L,between_roi,True,True,0.0514969003173954,0.1788020962194125,"Late: B3 > mean(B1,B2)", *
"A(3,2)",Late_B3_gt_mean_B1B2,0.144453582335601,0.0263777563574313,1.0,lOTC,V1_L,3,2,lOTC→V1_L,between_roi,True,True,0.0927531798750356,0.1961539847961663,"Late: B3 > mean(B1,B2)", *
"A(1,3)",Late_B3_gt_mean_B1B2,0.148808053736724,0.0356732487728424,1.0,V1_L,vOTC,1,3,V1_L→vOTC,between_roi,True,True,0.0788884861419529,0.2187276213314951,"Late: B3 > mean(B1,B2)", *
"A(4,2)",Late_B3_gt_mean_B1B2,0.233874013728145,0.0318840531476696,1.0,lOTC,IFG_L,4,2,lOTC→IFG_L,between_roi,True,True,0.1713812695587125,0.2963667578975774,"Late: B3 > mean(B1,B2)", *
"A(2,3)",Late_B3_gt_mean_B1B2,0.242957523981538,0.0346288018411532,1.0,V1_L,lOTC,2,3,V1_L→lOTC,between_roi,True,True,0.1750850723728777,0.3108299755901982,"Late: B3 > mean(B1,B2)", *
"A(1,2)",Late_B3_gt_mean_B1B2,0.263194117330991,0.0328721949916076,1.0,lOTC,vOTC,1,2,lOTC→vOTC,between_roi,True,True,0.1987646151474401,0.3276236195145419,"Late: B3 > mean(B1,B2)", *
