parameter,effect,posterior_mean,posterior_sd,posterior_probability,source,target,target_row,source_col,edge,edge_type,PP_ge_95,PP_ge_99,CI95_low,CI95_high,EffectLabel
"A(1,1)",Mean,-0.0811907478481575,0.0271639900877007,1.0,vOTC,vOTC,1,1,vOTC→vOTC,self,True,True,-0.1344321684200508,-0.0279493272762641,Mean
"A(2,1)",Mean,0.103219914423193,0.0219957044850336,1.0,vOTC,lOTC,2,1,vOTC→lOTC,between_roi,True,True,0.0601083336325271,0.1463314952138588,Mean
"A(3,1)",Mean,0.0443594893255056,0.0228832909923117,0.895670238296091,vOTC,V1_L,3,1,vOTC→V1_L,between_roi,False,False,-0.0004917610194253,0.0892107396704365,Mean
"A(4,1)",Mean,-3.28071114508952e-06,9.815153103704e-05,0.0,vOTC,IFG_L,4,1,vOTC→IFG_L,between_roi,False,False,-0.0001956577119776,0.0001890962896875,Mean
"A(1,2)",Mean,0.179681159069176,0.0255388098867838,1.0,lOTC,vOTC,1,2,lOTC→vOTC,between_roi,True,True,0.1296250916910797,0.2297372264472722,Mean
"A(2,2)",Mean,-0.132454502944939,0.0270176981806931,1.0,lOTC,lOTC,2,2,lOTC→lOTC,self,True,True,-0.1854091913790974,-0.0794998145107805,Mean
"A(3,2)",Mean,0.172960663256322,0.0240359006753067,1.0,lOTC,V1_L,3,2,lOTC→V1_L,between_roi,True,True,0.1258502979327208,0.2200710285799231,Mean
"A(4,2)",Mean,0.160421718160403,0.0258705266466818,1.0,lOTC,IFG_L,4,2,lOTC→IFG_L,between_roi,True,True,0.1097154859329066,0.2111279503878993,Mean
"A(1,3)",Mean,0.0866779318921851,0.0269365635602801,1.0,V1_L,vOTC,1,3,V1_L→vOTC,between_roi,True,True,0.0338822673140361,0.139473596470334,Mean
"A(2,3)",Mean,0.143925201972271,0.0275286873206308,1.0,V1_L,lOTC,2,3,V1_L→lOTC,between_roi,True,True,0.0899689748238346,0.1978814291207073,Mean
"A(3,3)",Mean,-0.104723202136178,0.0265642655595021,1.0,V1_L,V1_L,3,3,V1_L→V1_L,self,True,True,-0.1567891626328021,-0.0526572416395538,Mean
"A(4,3)",Mean,0.0399674420025279,0.0315844565983319,0.732307653220424,V1_L,IFG_L,4,3,V1_L→IFG_L,between_roi,False,False,-0.0219380929302026,0.1018729769352584,Mean
"A(1,4)",Mean,2.85614074195431e-06,9.98034941907901e-05,0.0,IFG_L,vOTC,1,4,IFG_L→vOTC,between_roi,False,False,-0.0001927587078719,0.0001984709893559,Mean
"A(2,4)",Mean,3.7490725234432e-06,9.93355893013244e-05,0.0,IFG_L,lOTC,2,4,IFG_L→lOTC,between_roi,False,False,-0.0001909486825071,0.000198446827554,Mean
"A(3,4)",Mean,3.99404079644515e-07,0.0001005210825716,0.0,IFG_L,V1_L,3,4,IFG_L→V1_L,between_roi,False,False,-0.0001966219177606,0.0001974207259199,Mean
"A(4,4)",Mean,-1.61243459419861e-06,9.95235871124391e-05,0.0,IFG_L,IFG_L,4,4,IFG_L→IFG_L,self,False,False,-0.0001966786653345,0.0001934537961461,Mean
"A(1,1)",Late_B3_gt_mean_B1B2,-0.0311484855983183,0.0383028934725335,0.51084891949433,vOTC,vOTC,1,1,vOTC→vOTC,self,False,False,-0.1062221568044839,0.0439251856078473,"Late: B3 > mean(B1,B2)"
"A(2,1)",Late_B3_gt_mean_B1B2,-8.31109504387122e-07,0.000101370904698,0.0,vOTC,lOTC,2,1,vOTC→lOTC,between_roi,False,False,-0.0001995180827124,0.0001978558637036,"Late: B3 > mean(B1,B2)"
"A(3,1)",Late_B3_gt_mean_B1B2,1.66874816475126e-06,0.0001031282942953,0.0,vOTC,V1_L,3,1,vOTC→V1_L,between_roi,False,False,-0.000200462708654,0.0002038002049835,"Late: B3 > mean(B1,B2)"
"A(4,1)",Late_B3_gt_mean_B1B2,-0.0478548222578375,0.0248750710155978,0.864842531319254,vOTC,IFG_L,4,1,vOTC→IFG_L,between_roi,False,False,-0.0966099614484091,0.0009003169327341,"Late: B3 > mean(B1,B2)"
"A(1,2)",Late_B3_gt_mean_B1B2,0.263194117330991,0.0328721949916076,1.0,lOTC,vOTC,1,2,lOTC→vOTC,between_roi,True,True,0.1987646151474401,0.3276236195145419,"Late: B3 > mean(B1,B2)"
"A(2,2)",Late_B3_gt_mean_B1B2,-0.18071201214849,0.0328583553212739,1.0,lOTC,lOTC,2,2,lOTC→lOTC,self,True,True,-0.2451143885781868,-0.1163096357187931,"Late: B3 > mean(B1,B2)"
"A(3,2)",Late_B3_gt_mean_B1B2,0.144453582335601,0.0263777563574313,1.0,lOTC,V1_L,3,2,lOTC→V1_L,between_roi,True,True,0.0927531798750356,0.1961539847961663,"Late: B3 > mean(B1,B2)"
"A(4,2)",Late_B3_gt_mean_B1B2,0.233874013728145,0.0318840531476696,1.0,lOTC,IFG_L,4,2,lOTC→IFG_L,between_roi,True,True,0.1713812695587125,0.2963667578975774,"Late: B3 > mean(B1,B2)"
"A(1,3)",Late_B3_gt_mean_B1B2,0.148808053736724,0.0356732487728424,1.0,V1_L,vOTC,1,3,V1_L→vOTC,between_roi,True,True,0.0788884861419529,0.2187276213314951,"Late: B3 > mean(B1,B2)"
"A(2,3)",Late_B3_gt_mean_B1B2,0.242957523981538,0.0346288018411532,1.0,V1_L,lOTC,2,3,V1_L→lOTC,between_roi,True,True,0.1750850723728777,0.3108299755901982,"Late: B3 > mean(B1,B2)"
"A(3,3)",Late_B3_gt_mean_B1B2,-0.0257799469010201,0.0324579624545432,0.520643286512706,V1_L,V1_L,3,3,V1_L→V1_L,self,False,False,-0.0893975533119247,0.0378376595098845,"Late: B3 > mean(B1,B2)"
"A(4,3)",Late_B3_gt_mean_B1B2,0.115149498268404,0.0324758152811268,1.0,V1_L,IFG_L,4,3,V1_L→IFG_L,between_roi,True,True,0.0514969003173954,0.1788020962194125,"Late: B3 > mean(B1,B2)"
"A(1,4)",Late_B3_gt_mean_B1B2,-0.11407348631456,0.0253617068400341,1.0,IFG_L,vOTC,1,4,IFG_L→vOTC,between_roi,True,True,-0.1637824317210268,-0.0643645409080931,"Late: B3 > mean(B1,B2)"
"A(2,4)",Late_B3_gt_mean_B1B2,-0.0532823840323031,0.0364838819069872,0.782948831193148,IFG_L,lOTC,2,4,IFG_L→lOTC,between_roi,False,False,-0.124790792569998,0.0182260245053918,"Late: B3 > mean(B1,B2)"
"A(3,4)",Late_B3_gt_mean_B1B2,-6.53997140624986e-06,0.0001008587101778,0.0,IFG_L,V1_L,3,4,IFG_L→V1_L,between_roi,False,False,-0.0002042230433547,0.0001911431005422,"Late: B3 > mean(B1,B2)"
"A(4,4)",Late_B3_gt_mean_B1B2,-1.06145996529317e-06,9.83943297687067e-05,0.0,IFG_L,IFG_L,4,4,IFG_L→IFG_L,self,False,False,-0.0001939143463119,0.0001917914263813,"Late: B3 > mean(B1,B2)"
"A(1,1)",Mid_B2_gt_B1,-5.93865744097438e-06,9.94636195257329e-05,0.0,vOTC,vOTC,1,1,vOTC→vOTC,self,False,False,-0.0002008873517114,0.0001890100368294,Mid: B2 > B1
"A(2,1)",Mid_B2_gt_B1,-2.46865497516531e-06,9.72689497600035e-05,0.0,vOTC,lOTC,2,1,vOTC→lOTC,between_roi,False,False,-0.0001931157965047,0.0001881784865544,Mid: B2 > B1
"A(3,1)",Mid_B2_gt_B1,-2.90057554800077e-06,9.56545619316656e-05,0.0,vOTC,V1_L,3,1,vOTC→V1_L,between_roi,False,False,-0.000190383516934,0.000184582365838,Mid: B2 > B1
"A(4,1)",Mid_B2_gt_B1,4.68205644076016e-07,9.96986755031885e-05,0.0,vOTC,IFG_L,4,1,vOTC→IFG_L,between_roi,False,False,-0.0001949411983421,0.0001958776096303,Mid: B2 > B1
"A(1,2)",Mid_B2_gt_B1,1.97790344386424e-06,9.48087010109775e-05,0.0,lOTC,vOTC,1,2,lOTC→vOTC,between_roi,False,False,-0.0001838471505376,0.0001878029574253,Mid: B2 > B1
"A(2,2)",Mid_B2_gt_B1,-2.90886277389027e-06,9.74653975316784e-05,0.0,lOTC,lOTC,2,2,lOTC→lOTC,self,False,False,-0.0001939410419359,0.0001881233163881,Mid: B2 > B1
"A(3,2)",Mid_B2_gt_B1,3.52939224219604e-06,0.0001012802654456,0.0,lOTC,V1_L,3,2,lOTC→V1_L,between_roi,False,False,-0.0001949799280311,0.0002020387125155,Mid: B2 > B1
"A(4,2)",Mid_B2_gt_B1,-3.84494953056608e-06,9.45477332205151e-05,0.0,lOTC,IFG_L,4,2,lOTC→IFG_L,between_roi,False,False,-0.0001891585066427,0.0001814686075816,Mid: B2 > B1
"A(1,3)",Mid_B2_gt_B1,2.36255303008214e-06,9.88424389424768e-05,0.0,V1_L,vOTC,1,3,V1_L→vOTC,between_roi,False,False,-0.0001913686272971,0.0001960937333573,Mid: B2 > B1
"A(2,3)",Mid_B2_gt_B1,1.47596406806287e-06,9.72926011178555e-05,0.0,V1_L,lOTC,2,3,V1_L→lOTC,between_roi,False,False,-0.0001892175341229,0.000192169462259,Mid: B2 > B1
"A(3,3)",Mid_B2_gt_B1,-2.28745667704034e-06,9.96338750123725e-05,0.0,V1_L,V1_L,3,3,V1_L→V1_L,self,False,False,-0.0001975698517012,0.0001929949383472,Mid: B2 > B1
"A(4,3)",Mid_B2_gt_B1,6.21839437881703e-06,9.94353352668483e-05,0.0,V1_L,IFG_L,4,3,V1_L→IFG_L,between_roi,False,False,-0.0001886748627442,0.0002011116515018,Mid: B2 > B1
"A(1,4)",Mid_B2_gt_B1,1.81706701697761e-06,9.91078123639953e-05,0.0,IFG_L,vOTC,1,4,IFG_L→vOTC,between_roi,False,False,-0.0001924342452164,0.0001960683792504,Mid: B2 > B1
"A(2,4)",Mid_B2_gt_B1,5.94110440459546e-06,9.48613231266548e-05,0.0,IFG_L,lOTC,2,4,IFG_L→lOTC,between_roi,False,False,-0.0001799870889236,0.0001918692977328,Mid: B2 > B1
"A(3,4)",Mid_B2_gt_B1,3.34159706523168e-06,0.0001003526850954,0.0,IFG_L,V1_L,3,4,IFG_L→V1_L,between_roi,False,False,-0.0001933496657217,0.0002000328598522,Mid: B2 > B1
"A(4,4)",Mid_B2_gt_B1,1.93613391448746e-06,0.0001050846979012,0.0,IFG_L,IFG_L,4,4,IFG_L→IFG_L,self,False,False,-0.0002040298739718,0.0002079021418008,Mid: B2 > B1
"A(1,1)",Run2_gt_Run1,-2.72416253048625e-06,9.81785364695649e-05,0.0,vOTC,vOTC,1,1,vOTC→vOTC,self,False,False,-0.0001951540940108,0.0001897057689498,Run 2 > Run 1
"A(2,1)",Run2_gt_Run1,3.85023986560094e-06,9.68072685045537e-05,0.0,vOTC,lOTC,2,1,vOTC→lOTC,between_roi,False,False,-0.0001858920064033,0.0001935924861345,Run 2 > Run 1
"A(3,1)",Run2_gt_Run1,3.15933226783594e-06,0.0001020452026381,0.0,vOTC,V1_L,3,1,vOTC→V1_L,between_roi,False,False,-0.0001968492649028,0.0002031679294385,Run 2 > Run 1
"A(4,1)",Run2_gt_Run1,-1.53400886033469e-06,9.50643178955793e-05,0.0,vOTC,IFG_L,4,1,vOTC→IFG_L,between_roi,False,False,-0.0001878600719356,0.000184792054215,Run 2 > Run 1
"A(1,2)",Run2_gt_Run1,6.07787266284785e-07,9.76901472157577e-05,0.0,lOTC,vOTC,1,2,lOTC→vOTC,between_roi,False,False,-0.0001908649012766,0.0001920804758091,Run 2 > Run 1
"A(2,2)",Run2_gt_Run1,-7.72034232641928e-07,0.000101669672563,0.0,lOTC,lOTC,2,2,lOTC→lOTC,self,False,False,-0.0002000445924561,0.0001985005239908,Run 2 > Run 1
"A(3,2)",Run2_gt_Run1,-1.70810847097611e-06,9.8928576466135e-05,0.0,lOTC,V1_L,3,2,lOTC→V1_L,between_roi,False,False,-0.0001956081183446,0.0001921919014026,Run 2 > Run 1
"A(4,2)",Run2_gt_Run1,-1.33605891296659e-06,9.34380394463234e-05,0.0,lOTC,IFG_L,4,2,lOTC→IFG_L,between_roi,False,False,-0.0001844746162277,0.0001818024984018,Run 2 > Run 1
"A(1,3)",Run2_gt_Run1,2.14888559821134e-06,0.0001011286382729,0.0,V1_L,vOTC,1,3,V1_L→vOTC,between_roi,False,False,-0.0001960632454166,0.000200361016613,Run 2 > Run 1
"A(2,3)",Run2_gt_Run1,-1.54771504512375e-06,9.87326214874965e-05,0.0,V1_L,lOTC,2,3,V1_L→lOTC,between_roi,False,False,-0.0001950636531606,0.0001919682230703,Run 2 > Run 1
"A(3,3)",Run2_gt_Run1,1.8919630619592e-06,9.90352337534284e-05,0.0,V1_L,V1_L,3,3,V1_L→V1_L,self,False,False,-0.0001922170950947,0.0001960010212186,Run 2 > Run 1
"A(4,3)",Run2_gt_Run1,-3.6375856127657e-06,9.90776484839224e-05,0.0,V1_L,IFG_L,4,3,V1_L→IFG_L,between_roi,False,False,-0.0001978297766412,0.0001905546054157,Run 2 > Run 1
"A(1,4)",Run2_gt_Run1,2.29357522894139e-06,9.88587280992747e-05,0.0,IFG_L,vOTC,1,4,IFG_L→vOTC,between_roi,False,False,-0.0001914695318456,0.0001960566823035,Run 2 > Run 1
"A(2,4)",Run2_gt_Run1,-4.5769652847049e-06,0.0001012558692186,0.0,IFG_L,lOTC,2,4,IFG_L→lOTC,between_roi,False,False,-0.0002030384689531,0.0001938845383837,Run 2 > Run 1
"A(3,4)",Run2_gt_Run1,-4.52359776002494e-06,9.72456054103475e-05,0.0,IFG_L,V1_L,3,4,IFG_L→V1_L,between_roi,False,False,-0.0001951249843643,0.0001860777888442,Run 2 > Run 1
"A(4,4)",Run2_gt_Run1,1.89312339726892e-06,9.95611197061243e-05,0.0,IFG_L,IFG_L,4,4,IFG_L→IFG_L,self,False,False,-0.0001932466712267,0.0001970329180212,Run 2 > Run 1
"A(1,1)",Late_x_Run,-0.164331165415156,0.0603879104796033,1.0,vOTC,vOTC,1,1,vOTC→vOTC,self,True,True,-0.2826914699551784,-0.0459708608751335,Late × Run
"A(2,1)",Late_x_Run,1.34982479437748e-06,0.0001001841953041,0.0,vOTC,lOTC,2,1,vOTC→lOTC,between_roi,False,False,-0.0001950111980016,0.0001977108475904,Late × Run
"A(3,1)",Late_x_Run,-4.31244278506642e-06,0.0001000346414499,0.0,vOTC,V1_L,3,1,vOTC→V1_L,between_roi,False,False,-0.0002003803400268,0.0001917554544567,Late × Run
"A(4,1)",Late_x_Run,-3.60939712567853e-06,0.0001020428481163,0.0,vOTC,IFG_L,4,1,vOTC→IFG_L,between_roi,False,False,-0.0002036133794336,0.0001963945851822,Late × Run
"A(1,2)",Late_x_Run,-3.26678196322018e-06,0.0001001946896351,0.0,lOTC,vOTC,1,2,lOTC→vOTC,between_roi,False,False,-0.000199648373648,0.0001931148097215,Late × Run
"A(2,2)",Late_x_Run,-1.21845191114989e-06,9.64020134225948e-05,0.0,lOTC,lOTC,2,2,lOTC→lOTC,self,False,False,-0.0001901663982194,0.0001877294943971,Late × Run
"A(3,2)",Late_x_Run,3.33845867568142e-06,0.0001013595188601,0.0,lOTC,V1_L,3,2,lOTC→V1_L,between_roi,False,False,-0.0001953261982901,0.0002020031156414,Late × Run
"A(4,2)",Late_x_Run,0.146109677837024,0.0467565566294523,1.0,lOTC,IFG_L,4,2,lOTC→IFG_L,between_roi,True,True,0.0544668268432975,0.2377525288307505,Late × Run
"A(1,3)",Late_x_Run,-0.10385901153899,0.079627286532577,0.744704678267794,V1_L,vOTC,1,3,V1_L→vOTC,between_roi,False,False,-0.2599284931428409,0.0522104700648609,Late × Run
"A(2,3)",Late_x_Run,4.16875523934623e-06,9.88126560146513e-05,0.0,V1_L,lOTC,2,3,V1_L→lOTC,between_roi,False,False,-0.0001895040505493,0.000197841561028,Late × Run
"A(3,3)",Late_x_Run,5.87660754311263e-06,0.0001007720270656,0.0,V1_L,V1_L,3,3,V1_L→V1_L,self,False,False,-0.0001916365655054,0.0002033897805916,Late × Run
"A(4,3)",Late_x_Run,-0.124299687143908,0.0636513668777012,0.886460557618842,V1_L,IFG_L,4,3,V1_L→IFG_L,between_roi,False,False,-0.2490563662242023,0.0004569919363863,Late × Run
"A(1,4)",Late_x_Run,3.97440583572571e-07,0.0001016242819616,0.0,IFG_L,vOTC,1,4,IFG_L→vOTC,between_roi,False,False,-0.0001987861520611,0.0001995810332283,Late × Run
"A(2,4)",Late_x_Run,7.54083441486911e-07,9.99294483907659e-05,0.0,IFG_L,lOTC,2,4,IFG_L→lOTC,between_roi,False,False,-0.0001951076354044,0.0001966158022873,Late × Run
"A(3,4)",Late_x_Run,0.0806613774858244,0.0257358848933302,1.0,IFG_L,V1_L,3,4,IFG_L→V1_L,between_roi,True,True,0.0302190430948972,0.1311037118767515,Late × Run
"A(4,4)",Late_x_Run,-5.04747975597774e-07,9.95300182335653e-05,0.0,IFG_L,IFG_L,4,4,IFG_L→IFG_L,self,False,False,-0.0001955835837133,0.0001945740877621,Late × Run
"A(1,1)",Mid_x_Run,7.04295060644541e-07,0.0001004169149056,0.0,vOTC,vOTC,1,1,vOTC→vOTC,self,False,False,-0.0001961128581543,0.0001975214482756,Mid × Run
"A(2,1)",Mid_x_Run,-2.4109195486435e-06,0.0001003811780932,0.0,vOTC,lOTC,2,1,vOTC→lOTC,between_roi,False,False,-0.0001991580286113,0.000194336189514,Mid × Run
"A(3,1)",Mid_x_Run,4.9760323994797e-06,0.0001007831576481,0.0,vOTC,V1_L,3,1,vOTC→V1_L,between_roi,False,False,-0.0001925589565907,0.0002025110213897,Mid × Run
"A(4,1)",Mid_x_Run,-1.58666181759128e-06,0.0001001660304869,0.0,vOTC,IFG_L,4,1,vOTC→IFG_L,between_roi,False,False,-0.0001979120815719,0.0001947387579367,Mid × Run
"A(1,2)",Mid_x_Run,3.6485177174609e-06,0.0001018007534064,0.0,lOTC,vOTC,1,2,lOTC→vOTC,between_roi,False,False,-0.000195880958959,0.000203177994394,Mid × Run
"A(2,2)",Mid_x_Run,-1.71484219641481e-06,0.0001021674815302,0.0,lOTC,lOTC,2,2,lOTC→lOTC,self,False,False,-0.0002019631059956,0.0001985334216027,Mid × Run
"A(3,2)",Mid_x_Run,4.62466948522069e-07,9.53087938231823e-05,0.0,lOTC,V1_L,3,2,lOTC→V1_L,between_roi,False,False,-0.0001863427689449,0.0001872677028419,Mid × Run
"A(4,2)",Mid_x_Run,-5.6953460459603e-07,0.0001002837628074,0.0,lOTC,IFG_L,4,2,lOTC→IFG_L,between_roi,False,False,-0.0001971257097071,0.0001959866404979,Mid × Run
"A(1,3)",Mid_x_Run,2.89975622046814e-06,0.0001009627074811,0.0,V1_L,vOTC,1,3,V1_L→vOTC,between_roi,False,False,-0.0001949871504424,0.0002007866628834,Mid × Run
"A(2,3)",Mid_x_Run,-8.02469746590927e-07,9.86259233081085e-05,0.0,V1_L,lOTC,2,3,V1_L→lOTC,between_roi,False,False,-0.0001941092794304,0.0001925043399373,Mid × Run
"A(3,3)",Mid_x_Run,-2.66094325681952e-06,9.99309259958497e-05,0.0,V1_L,V1_L,3,3,V1_L→V1_L,self,False,False,-0.0001985255582086,0.000193203671695,Mid × Run
"A(4,3)",Mid_x_Run,1.86735145876965e-07,9.77676252718166e-05,0.0,V1_L,IFG_L,4,3,V1_L→IFG_L,between_roi,False,False,-0.0001914378103868,0.0001918112806786,Mid × Run
"A(1,4)",Mid_x_Run,4.74991202017072e-06,9.87471702823843e-05,0.0,IFG_L,vOTC,1,4,IFG_L→vOTC,between_roi,False,False,-0.0001887945417333,0.0001982943657736,Mid × Run
"A(2,4)",Mid_x_Run,3.1961942063335e-06,0.0001007522703825,0.0,IFG_L,lOTC,2,4,IFG_L→lOTC,between_roi,False,False,-0.0001942782557433,0.000200670644156,Mid × Run
"A(3,4)",Mid_x_Run,3.40493768387342e-06,0.0001006619670782,0.0,IFG_L,V1_L,3,4,IFG_L→V1_L,between_roi,False,False,-0.0001938925177893,0.0002007023931571,Mid × Run
"A(4,4)",Mid_x_Run,-8.32492877724174e-08,0.000100283838623,0.0,IFG_L,IFG_L,4,4,IFG_L→IFG_L,self,False,False,-0.0001966395729888,0.0001964730744133,Mid × Run
