path,size_bytes,sha256
.gitignore,304,e04351d9fc861a51929ce9b1839f0f5d6e782e6f6fb42df71b4ce3fc265f07c6
AUTHORS.md,487,1cbdddd7ee6fcc6e76d35ee715c1adb703ba25fad82fd545b3a957a3f038efee
CITATION.cff,1154,ccd7e0ce374052be76284e967cd4fb4c93cd82c1416895782729144e3366323b
LICENSE,1115,c88f6c63915a35f16c0ede533aed60961c924b902dc478aa6292f8019c8c9beb
README.md,8201,4d6ceac2875ba97b9336a57e39c3238d648b10c43764301fd7dfb8dac1bfef2a
VERSION,6,59854984853104df5c353e2f681a15fc7924742f9a2e468c29af248dce45ce03
code/README.md,1132,6007842adc8082ff431e5e56ae388cb45315711c1ee05eb11699cda33e83f527
code/matlab/block_timing/build_three_block_timing_table.m,2500,1b08e6f7052219c03998502a5c1fb4758521dee73da92069c5468c99ccd20229
code/matlab/dcm_export/export_dcm_a_matrices.m,5017,e7a6b4fa497a54029aa8b3ec5f8346b33f2812acb7648e32b94960f2e7634283
code/matlab/dcm_export/summarize_dcm_a_matrices.m,7290,ebd841729bab39843ba3d86ce8c8f2167b7f90b6fcfbc56f573af9fae926ae36
code/matlab/fc/run_raw_fc_analysis.m,38403,f1e474cd2cca855026c9031cf48f4a2a47524e09df527a030310c549b7337116
code/matlab/glm_dcm/build_fullrun_block_specific_dcm.m,12583,5a5af36c14a8c6ad913d9c4991b424a41cadcac0be6390d391b688ed373ec888
code/matlab/glm_dcm/run_fullrun_block_specific_glm.m,11811,e71df2405aae42c045c3bbb25d180e67afbf82f2bc63dad131c310f128f11890
code/matlab/peb/run_peb_group_analysis.m,21119,570efd0cb69723dc34f2305b00442c47bbaea3fa0954c554b15e138ce1ac5d7f
code/matlab/project_paths.m,1830,e8f16409e81ee5e17d85ffad494f7a26f54609ab233e524d84c297f8fa1bb78e
code/matlab/qc/run_dcm_model_fit_qc.m,19927,16cd5eb0c7dbefd8ad5b1aa9fb8fd816420ffb6fa68fcbd026214941f1d40466
code/matlab/qc/run_dcm_parameter_qc.m,24599,99f85bbc1dd28670daa391b00d78c33eea8b946943e724c88d0b1e9f09b111de
code/matlab/residual_fc/run_residual_fc_analysis.m,53980,8de810edbbcedcf0ab1e159a8b432874af6a4288849434e5686ad5826a30594d
code/matlab/roi/check_ROI_masks_against_reference.m,1378,3c412dd7d83b553419398701d1e90b57a46e01c5b9bc282da0a0a378cb37eb2e
code/matlab/roi/make_analysis_roi_masks.m,6204,b833afe1490f1d5b0abd7b74b094cf4675d37c90c202ad86aaf6d7d4ed45fe85
code/matlab/setup_repository.m,542,4fe2e3217d10694cc03f124393e1c667d865e9db0b74643cff503c4f5e96245d
code/python/summarize_primary_results.py,4735,f330db203317ca2d3097177826e599f9cf8326cebc62bfab7abd33ae25425ab9
data/README.md,942,bbdc0bd6e8b14fd035ee38f6e7d419cd4965ee02a925ea699e09dba85dd65bba
data/derived/block_timing/FC_blocks_COND.csv,7446,e998f9023312e97b278825b66d99270ae3a4309bff83f53b620afb094aa204d1
data/derived/dcm/DCM_A_allsubjects_wide.csv,134976,fed2932ea3c392ea6730a307e8cf746c044b0812d1890f044ac080473d828c08
data/derived/dcm/DCM_group_edge_summary.csv,18285,a9f2ad25abd41f63f582ddd10361021633e3e97d512a7ce015ad4f60ba9a35ff
data/derived/dcm/README.md,441,593572788acee9a9bcbdbd03b9ae3dd904b708ec0ee67ab51eae3e983db87a16
data/derived/dcm_model_fit/dcm_model_fit_group_summary.csv,1300,d5378b9a4c28376972f67a318c8bded1f91d5ba6f5707273c471b069e7350b5b
data/derived/dcm_model_fit/dcm_model_fit_long.csv,84222,ac8f76ca97b0702f711a43627f8cbb5ec8f16d9ba37ec42b8abc1ea261b43aa6
data/derived/dcm_model_fit/dcm_model_fit_warnings.txt,13,0a27f34f0aa68e26e867e7254d893c113c6411491df963836570cf32d8d22f57
data/derived/dcm_qc/README_DCM_QC_outputs.txt,497,0cf9749a1e4be3241bc604777c31d0ab78805718d88a72d5b1d35e346a3fbc84
data/derived/dcm_qc/dcm_qc_edge_level.csv,1097297,803cb5cc967b3119110f0728fdf0b4922423f9bbc75bf5101a87dee511d8f700
data/derived/dcm_qc/dcm_qc_edge_prevalence_summary.csv,1486,ca54e99ba088168a33310a2830c1d1cd553506ea6929cac26fa88f96bddd3adf
data/derived/dcm_qc/dcm_qc_file_level.csv,50092,9390c9b2eb5cf710fe3b582f3697fdaa33fecf65bf5a854bb2b089e890279010
data/derived/fc_raw/FC_allsubjects_wide.csv,43543,9cac50849d40a6ce4afe5db62670a0c1063770c3f31645d2bd7d1f45cc40a31a
data/derived/fc_raw/FC_file_inventory.csv,22528,1ea9a204b84027c4dee511047ba8b6c086028d7ba434f1ff0272d9c257c9c378
data/derived/fc_raw/FC_group_R1_ALL_allsubjects_wide.csv,5293,0e025cc8333732e4d32c2ee553454731fda559f9c18f6bb36dad6e01d04b97e3
data/derived/fc_raw/FC_group_R1_ALL_edge_summary.csv,442,7b606c256e21577972e2f3843a1b060b1141483c24aa38deb213e0e1f8ca4c0b
data/derived/fc_raw/FC_group_R1_ALL_mean.csv,258,647977e6e926e9dbee29a43408f146debdca3a8c286e1fb24ef5f9c3f9cb5b30
data/derived/fc_raw/FC_group_R1_ALL_median.csv,258,97719003a02cfc428929427185c4167619603c661c08aadf67bd5b9e0ce71e11
data/derived/fc_raw/FC_group_R1_ALL_mode.csv,160,e772483d6f8852e3208f4d7082d13432ae294fb108e626a46cb91dd515d62a3e
data/derived/fc_raw/FC_group_R1_Block-01_allsubjects_wide.csv,5516,d032eb9cf5c4df9e8eb575c9fb465e9244473ed15aa048b1d8c67c3fa5817c5a
data/derived/fc_raw/FC_group_R1_Block-01_edge_summary.csv,471,73a48a8ad1c9b0d8a728e757b9fce8e5c13bfd31ff3b72bd64249d926f1ab96b
data/derived/fc_raw/FC_group_R1_Block-01_mean.csv,258,4d68669808714364d27a559883012f652d0a25590dfa4cc80caee93b1ec471aa
data/derived/fc_raw/FC_group_R1_Block-01_median.csv,258,90366e9bad0b2552d5c6ce52609e81c4c2cbaf657381e12aa29cc32b20a3ad85
data/derived/fc_raw/FC_group_R1_Block-01_mode.csv,162,f6614f3492989804ee8a1e383176460d7f96d353925261e4f7bd800a6b61cf3a
data/derived/fc_raw/FC_group_R1_Block-02_allsubjects_wide.csv,5513,f7c63f9ebcdea36e043263adb5c4f8756240ff5b6213c4a1d8e8f9cb46c0e9f5
data/derived/fc_raw/FC_group_R1_Block-02_edge_summary.csv,470,bfc520186e6584433667ba7de47e977ab19cab47b1ce398ef97e9b81b345386b
data/derived/fc_raw/FC_group_R1_Block-02_mean.csv,252,78345c940f3a0516a8d4664c511a2a8f42a1685c266be8e730023cbf6829000a
data/derived/fc_raw/FC_group_R1_Block-02_median.csv,258,9972a5e503c6cb69ecb7d3c689bb7fa0d1fa5870d27a7e59007ad28e92d2055a
data/derived/fc_raw/FC_group_R1_Block-02_mode.csv,162,be71f2fcf15e91a6da486e87202b5bd3b4f060cf3c42268cb272b7f4abdc16cb
data/derived/fc_raw/FC_group_R1_Block-03_allsubjects_wide.csv,5514,b10f80d394d3673b05d0c14f4b213a7bf1938b2115e05680e18b66af81f7a919
data/derived/fc_raw/FC_group_R1_Block-03_edge_summary.csv,472,fbb90dc1b36a381ddab8a832ca39222a76b862b98f18fad9b704c1d71fcfa9e0
data/derived/fc_raw/FC_group_R1_Block-03_mean.csv,256,bde250c2284fef7d335c734edb0d152e5828e4e04e97f4c10a7481bdab2c8f4c
data/derived/fc_raw/FC_group_R1_Block-03_median.csv,258,f6d60d06d91dd04d5d0e38b34cbdd84632d64ec14ffaf1469cf7d5202151a18d
data/derived/fc_raw/FC_group_R1_Block-03_mode.csv,162,ab62e353c397307c0c8887154628d8cdd89fab8c04f593af7d471041a7b45961
data/derived/fc_raw/FC_group_R2_ALL_allsubjects_wide.csv,5408,233138350c92ed72ba76ba53406aab281b943901f8a59bdfe8778ab6a68c63f5
data/derived/fc_raw/FC_group_R2_ALL_edge_summary.csv,443,97051142cdc4a1997e31354994d22c5785579ce18de2a81b1253f3e143de3259
data/derived/fc_raw/FC_group_R2_ALL_mean.csv,258,4940140a3033d2b3341e0222e6c9ffd27abea7e85975a57e12c0aca411cb6d14
data/derived/fc_raw/FC_group_R2_ALL_median.csv,258,53d1d0b0f70fd1e9daab8853470bff9b76486f34bdaad816ddd5206210ea3564
data/derived/fc_raw/FC_group_R2_ALL_mode.csv,162,55d6852c3f7cf881b85384b965eb84a281d69f551dec9d5eeca45f836ba36164
data/derived/fc_raw/FC_group_R2_Block-01_allsubjects_wide.csv,5623,a8452258c9601752ce4cc29a1999fa204b88f0b1ca803c1dd8e4c86e6276996c
data/derived/fc_raw/FC_group_R2_Block-01_edge_summary.csv,472,cfc1bec7a2c0bb7609800746c9171e2a930f150d0303d37b469797c2f9358b5d
data/derived/fc_raw/FC_group_R2_Block-01_mean.csv,258,a3b14a21bedd1ae6fff399787f2bb1b3bbd726db86ee24bb6040aabe7d901e3a
data/derived/fc_raw/FC_group_R2_Block-01_median.csv,258,b2a6dd36bb5639daa82d0543b97baffa87ad991476a9fd8dae7cf2f7c897cdfd
data/derived/fc_raw/FC_group_R2_Block-01_mode.csv,160,78a91455c75bdb2ac851b0d40737f75cdd5765207432ce0350eaca4318326c47
data/derived/fc_raw/FC_group_R2_Block-02_allsubjects_wide.csv,5635,db0149ed8cf3ea8faaff30e7524e93522159f0c41e3cea1cbc192b142e61aac7
data/derived/fc_raw/FC_group_R2_Block-02_edge_summary.csv,471,8807cdd2b7ef2672d7cc8bf01b4125fa372c9559f0b7446b2d470d45d390f5f4
data/derived/fc_raw/FC_group_R2_Block-02_mean.csv,256,c2b324464a3ff881dfe1f6c7c70397fb37b40d98ec52c7b44165360b9f7c1c38
data/derived/fc_raw/FC_group_R2_Block-02_median.csv,256,d4998fde6015c19905775ec0132469bcb199137aad3289011a47425951564105
data/derived/fc_raw/FC_group_R2_Block-02_mode.csv,162,4276079c8848699ba8a120f578c15d161a82771156c70817aeef55b3a5cdb063
data/derived/fc_raw/FC_group_R2_Block-03_allsubjects_wide.csv,5636,b7a13f3d1c68a887f5296e1a853ce7c07cba2b96b763a2385cd266749588a351
data/derived/fc_raw/FC_group_R2_Block-03_edge_summary.csv,472,30189da300a0d515eafb173557d8ad871b56fcedbb805e3cdaf43f03845fb123
data/derived/fc_raw/FC_group_R2_Block-03_mean.csv,256,a7e5255cc30b8ecceeb556317e2b901b9dfdb50ada37e295879c6938cd2587ce
data/derived/fc_raw/FC_group_R2_Block-03_median.csv,258,6f39ceb51f9e26ebbad56d3ca9474f07deecc5ba33ad00540ca06bf425e3d7f6
data/derived/fc_raw/FC_group_R2_Block-03_mode.csv,162,57eba93dd4f58ce7b9db3b8b106fc1c943d03428040435ac7979e17023bee469
data/derived/fc_raw/FC_group_edge_summary.csv,3447,b9f6449dddb9d0dd003004c09d03d3fc58bd9bb3d7d7d0fc583815cb095c6677
data/derived/fc_residual/ResidualFC_allsubjects_wide.csv,47215,6cfca9fd239d43acc322310eba816836ebac1d52a115d977d60be5f39c90bee5
data/derived/fc_residual/ResidualFC_file_inventory.csv,27208,7e59a85b6fee0746e5dcb2ebe4e63b26a2263b7507bbdb9e2cf33c44598e6d0d
data/derived/fc_residual/ResidualFC_group_R1_ALL_allsubjects_wide.csv,5778,681d2c41167ad37f68e43bba1a495b54b58c23ac110c909ed2951c8be2388005
data/derived/fc_residual/ResidualFC_group_R1_ALL_edge_summary.csv,706,dbbadae11cb941e74258665619808b3e0984f3c3a4512e81d5b434a99bae80ea
data/derived/fc_residual/ResidualFC_group_R1_ALL_mean.csv,284,b52b00ae2001475b403e4eac851fc51c5c96ffbdc33eca1f03a6c5d3325296fb
data/derived/fc_residual/ResidualFC_group_R1_ALL_median.csv,284,2ab0943ecf45158d6c0ad80d2d1ba7a66c758d31c3b9e8e96b89faaaf0c37d6b
data/derived/fc_residual/ResidualFC_group_R1_ALL_mode.csv,172,c48228f502da8c106590059bebfd91e9582eb39b7e6b665a80e47c78ac5412fd
data/derived/fc_residual/ResidualFC_group_R1_Block-01_allsubjects_wide.csv,5945,c709958878379c780d379b57579d6fbe10e15acb99cbc24b05d7f2b5f878d378
data/derived/fc_residual/ResidualFC_group_R1_Block-01_edge_summary.csv,733,814d648ad1e45af9a36a06651e1e3cfd1ded6e9657072b59d2623298f586d266
data/derived/fc_residual/ResidualFC_group_R1_Block-01_mean.csv,282,0a42543e6c5ee244bcc01128066374d619ff6fee63562c14a857f772812cf48d
data/derived/fc_residual/ResidualFC_group_R1_Block-01_median.csv,284,241d2de4bc90993d06c74bde9d8e1d3ff3afea6ed9e6614ef278893e286c5a58
data/derived/fc_residual/ResidualFC_group_R1_Block-01_mode.csv,170,04204fb78bddfd875d78cef199750f3c26ec4cd84040835238b4d18b9e1b7a7f
data/derived/fc_residual/ResidualFC_group_R1_Block-02_allsubjects_wide.csv,5954,d3bcc3db218fe8a1c793bf8b941ce453b2bbc56d98934974453c896778f75af5
data/derived/fc_residual/ResidualFC_group_R1_Block-02_edge_summary.csv,734,6e68b629bded04a6d0f2c7c41cff29c7849eaf3328ab46e7740ba2f0743b973e
data/derived/fc_residual/ResidualFC_group_R1_Block-02_mean.csv,282,e299cd97e27056344f1cbc1ce9c83103213d6f2dca45b9c6de759f3ed9270e33
data/derived/fc_residual/ResidualFC_group_R1_Block-02_median.csv,282,8505f9c48fdbf2286a38687fc6769e3c61a6d38e17245aeb85cbcfc52566827d
data/derived/fc_residual/ResidualFC_group_R1_Block-02_mode.csv,172,a04ad4d257ed903b0901f7c9275d09cfbaa8ab8699a2226472274b856ca0677f
data/derived/fc_residual/ResidualFC_group_R1_Block-03_allsubjects_wide.csv,5948,518fcec5f0a5dc520f03246ec770525d0e609b8bef71b4ede6fbb2f0f568812b
data/derived/fc_residual/ResidualFC_group_R1_Block-03_edge_summary.csv,731,d6b2d41b5ac6fb4809baf3ed53c3b9e4174efda32798a60536bb30efe8064b3c
data/derived/fc_residual/ResidualFC_group_R1_Block-03_mean.csv,284,7e6cc09ff0425c3a55bf6451b4ff9d5400a9d7f682d0a2427966318ef9efa33a
data/derived/fc_residual/ResidualFC_group_R1_Block-03_median.csv,278,d18bcf8833083fd9f7e9bdd4113612fa7d04205334195c844cc846be2c580aba
data/derived/fc_residual/ResidualFC_group_R1_Block-03_mode.csv,172,b5750fa87a862e41345ec2a16ac4771e29b45bfd10accab25884e7bce9816a94
data/derived/fc_residual/ResidualFC_group_R2_ALL_allsubjects_wide.csv,5894,c2b66943f7ff88fbae5b2484aee3d63fd7067e19bd16539782bc7502c9da1b25
data/derived/fc_residual/ResidualFC_group_R2_ALL_edge_summary.csv,704,31e5338120542b7a349b64edfd79b41c4a286eb32a26df13b121597e1130ea61
data/derived/fc_residual/ResidualFC_group_R2_ALL_mean.csv,282,fdc555e3e3a0e2edcb7178c1eb71cfaf9af5e121d358fbd38272f54d557e2b11
data/derived/fc_residual/ResidualFC_group_R2_ALL_median.csv,286,ea9f3e90e5c48339e5b3cfabb9cffa25d1181e7a80116472ff8a129307921c38
data/derived/fc_residual/ResidualFC_group_R2_ALL_mode.csv,170,edd162678838aae0bbd8aae7ad07d757477c93633e781b1c69838df59e9a03de
data/derived/fc_residual/ResidualFC_group_R2_Block-01_allsubjects_wide.csv,6097,40c68d3b89ebea00aa9b611cbc1fa43c916bd7e8542abbd22e0fa543702c6554
data/derived/fc_residual/ResidualFC_group_R2_Block-01_edge_summary.csv,734,90af89df5d1565b35af6c4b15d911446e04f28d73cd5ea92a7ce1aeee3a9b287
data/derived/fc_residual/ResidualFC_group_R2_Block-01_mean.csv,286,9fb876cfc601aebf0cb897c6cbf8fe9671d1ca0296ab87416cc1e147b5335c97
data/derived/fc_residual/ResidualFC_group_R2_Block-01_median.csv,280,d869390a81033a8a0f59c3a2ad61bef6624a73b4e9e30982dd807224a5fd2072
data/derived/fc_residual/ResidualFC_group_R2_Block-01_mode.csv,174,4c07b2d7ecb4ac77741ffc68ddb80258d013553ac83ecf9b1664c9bd57e2f6fd
data/derived/fc_residual/ResidualFC_group_R2_Block-02_allsubjects_wide.csv,6104,a669060244bef3c9464feec5121624c0635cc759a06109d75a14e425a9673b40
data/derived/fc_residual/ResidualFC_group_R2_Block-02_edge_summary.csv,737,53affe2c9c13101eac0582a6be56489ab868ee31368d11f573dcad756b3c43fb
data/derived/fc_residual/ResidualFC_group_R2_Block-02_mean.csv,286,c8c8c070efda75085103d5c058d8e6717da0dc679ed42295d13d1500fa15f8b3
data/derived/fc_residual/ResidualFC_group_R2_Block-02_median.csv,286,46af81feeec624648a11f3702bfe261efb720ec58d2467a8440a7e3eb68b7a2f
data/derived/fc_residual/ResidualFC_group_R2_Block-02_mode.csv,172,2f5fd8bd6a033e7e9d70fa0614c4f79baf4a6441adc46328d8003dd04309be5f
data/derived/fc_residual/ResidualFC_group_R2_Block-03_allsubjects_wide.csv,6090,47b5453b78e5ad515966be304b2a81c9a5c1ceb53d631d983a734f8094bfd3d5
data/derived/fc_residual/ResidualFC_group_R2_Block-03_edge_summary.csv,731,9348c12e5e2e1f0c3fb47a1a247fb1972dd7c856385f3e026089381b19135d7c
data/derived/fc_residual/ResidualFC_group_R2_Block-03_mean.csv,282,31581e955c2d9f66d01f133ede36e6d8dd81cd59e187ca6646d0e4b1ec0d53e8
data/derived/fc_residual/ResidualFC_group_R2_Block-03_median.csv,282,06f61418214d609006774b59173de7e0503c678f929b9f7940c16d083f2c1957
data/derived/fc_residual/ResidualFC_group_R2_Block-03_mode.csv,170,2a9087ff4b0e30d7fb40923b2acde592160c5e48d1f28092307164848c20da82
data/derived/fc_residual/ResidualFC_group_edge_summary.csv,5467,922c2a06c60641639afea2981fd207095107c8c02536a0019ba3d99d402dbfe5
data/derived/peb/PEB_A_participant_indicator_sensitivity_flat_table.csv,61264,e9f06f6f492e838de80935869fc97b8677e3209b9b08b25a7fd33ee737be87f3
data/derived/peb/PEB_BMA_A_main_Late_B3_gt_mean_B1B2_matrix.csv,357,266b6332c051618cfaf7ef51a5ca86a9c1ed33b15ae73403b90e8da4d1de061f
data/derived/peb/PEB_BMA_A_main_Late_B3_gt_mean_B1B2_posterior_probability.csv,141,ebf999b719e366e87ae83f989836085462fb336072e38e2075e2da686ee4e8c4
data/derived/peb/PEB_BMA_A_main_Late_B3_gt_mean_B1B2_posterior_sd.csv,355,e94e09c5f55b7cbeec3a3284fc8152551fd3e82d61dae6fbe4494d43fcdb0934
data/derived/peb/PEB_BMA_A_main_Late_x_Run_matrix.csv,375,8d99434d6c59fef3400fc53336deb709373deb9ec2d92e42ffcbffeb4eae31dc
data/derived/peb/PEB_BMA_A_main_Late_x_Run_posterior_probability.csv,110,83caab74fb9082f7963ea508da78650f269cccc34bebeac688e81126ff11c694
data/derived/peb/PEB_BMA_A_main_Late_x_Run_posterior_sd.csv,371,3215b6605e29cd815b68d177662947f020ab19bf5e4e7622962b773f9184bbea
data/derived/peb/PEB_BMA_A_main_Mean_matrix.csv,357,ef2090bdf5e6d004aa079319f417d29c1920cf00376feadf56272ef7f5fb5b9e
data/derived/peb/PEB_BMA_A_main_Mean_posterior_probability.csv,110,f265e223e642e0fc88d430542f9bb0bbf8f100dc7a1e2968b7e4bf0919f19e2a
data/derived/peb/PEB_BMA_A_main_Mean_posterior_sd.csv,358,86372ac006fe65666418b614fe55f0f4ea8b9f50b2326cdee84696c4539c4a2a
data/derived/peb/PEB_BMA_A_main_Mid_B2_gt_B1_matrix.csv,388,f5c79378729be74d11e4d7d3a1471d177beeb8c3f106352a0c5546662ab3bb73
data/derived/peb/PEB_BMA_A_main_Mid_B2_gt_B1_posterior_probability.csv,78,931f639c5cd34ad6ba3a20634c29d89a85fd41204056caa1ebc3173057c002eb
data/derived/peb/PEB_BMA_A_main_Mid_B2_gt_B1_posterior_sd.csv,380,50a1338b7c0d77f379aaa78d6ac362f8b83e7c5587e675e0b719d28fdc122c0c
data/derived/peb/PEB_BMA_A_main_Mid_x_Run_matrix.csv,384,90eb906ac4f46857c01515487f55ada17cc250883c2a0a094f61f60fadf53d16
data/derived/peb/PEB_BMA_A_main_Mid_x_Run_posterior_probability.csv,78,931f639c5cd34ad6ba3a20634c29d89a85fd41204056caa1ebc3173057c002eb
data/derived/peb/PEB_BMA_A_main_Mid_x_Run_posterior_sd.csv,379,5d38a987ab76f11f2a009e259522676706b5a1a722bfd82bb78ffd948beac2ac
data/derived/peb/PEB_BMA_A_main_Run2_gt_Run1_matrix.csv,388,14b416305de1c5f27cfe752cb5a90becafba37498b35fe24c30fcc5e3f809c14
data/derived/peb/PEB_BMA_A_main_Run2_gt_Run1_posterior_probability.csv,78,931f639c5cd34ad6ba3a20634c29d89a85fd41204056caa1ebc3173057c002eb
data/derived/peb/PEB_BMA_A_main_Run2_gt_Run1_posterior_sd.csv,381,f6155fbfd30b1d3340d40c5fb9e7d785c3a7eb28198a7d57bb450dee3346e916
data/derived/peb/PEB_BMA_A_main_flat_table.csv,7767,dda67f3c8e91af1db0a61e0a5d4c00ad682f8bfc024055d4a9bcfad9b40599c3
data/derived/peb/peb_design_table.csv,31385,97768b92a68745e7801ee1a52684d164e558b54050abd933a11a06ea81a5bbd6
docs/METHODS_AND_OUTPUT_NOTES.md,2372,c0e1f77131d8e9aa77a51d6a1c46269931e9c500a1da11f3c7fb9cfe08e5055d
docs/REPRODUCIBILITY.md,1869,4fbfe7f37e4157f83252a17da50f2621d02c74e33fb1080ad7fb5112cfc8ed79
figures/FIGURE_MANIFEST.csv,1762,ae6914293a63ede8328d42411e2d0a56ce5f1be21da0304b1f705d31c9f9f675
figures/README.md,755,188fc43b173000d6d2006849f9ac76849d3cd936a37521553300192bc159f29c
figures/main/Figure_1_Core_Analytical_Strategy.pdf,26390,2eb886a3a18aecdeff49eddd06bfe45d0a90c01ddb2c613b76adf0dc471a0f85
figures/main/Figure_1_Core_Analytical_Strategy.png,259062,31065bc5179d5d6fe03773bf8555887041a1405d8103ef59775352d2dc5f5704
figures/main/Figure_2_DCM_Block_and_Late_Heatmaps.pdf,449615,d72e5ba2f4138fb049ec7b30643f39aa79c0c5b62077aaaeb80eb925cbb15e64
figures/main/Figure_2_DCM_Block_and_Late_Heatmaps.png,302314,016630aeb5c89721c3a8a3dbdc54401f5a10bc0501989a84db4f3d36ceb5b1b3
figures/main/Figure_3_All_12_DCM_Late_Effects.pdf,18162,1a0af89a0422e271ed2892fd5220879011d31217f57316352dd9d50bdbbc8fcc
figures/main/Figure_3_All_12_DCM_Late_Effects.png,192295,f326f451260cdf7ebfb6b86d45d2e7c09b92172d1510a05c3fa08cc00e21e8b6
figures/main/Figure_4_PEB_BMA_All_12_Late_Effects.pdf,16400,c4c23df37502825d8056b189eaafed1a0ad431101a833def81fd1235f925cce7
figures/main/Figure_4_PEB_BMA_All_12_Late_Effects.png,161370,872e4e51d30745f51d8de414b65f148cd3d885ac7fb0425e56ce255a896c9d3b
figures/main/Figure_5_SelfConnections_and_ModelBehavior.pdf,381636,7b74a6dbff41695e60b2772d93ff27ab7b71283b14032fe146e008f0ed6779fb
figures/main/Figure_5_SelfConnections_and_ModelBehavior.png,362025,e06970e69d3ba3d1733c6939fac8a9e42ff1d7920fede53f640cff4d44590374
figures/main/Figure_6_Raw_and_Residual_FC_All_Edges.pdf,304960,91ec967f7ba16b88bfea83ce4a0f167c51fffdbc0dae9c4306ef8a0d4e902be7
figures/main/Figure_6_Raw_and_Residual_FC_All_Edges.png,244099,9c88c54c6f63ff23b0f9a458753eb33b017ff2df5dd6c56e1db890282658c372
figures/source_data/Figure_3_all_12_DCM_Late_edges.csv,3045,8c4b68d39eaf0a4418b61795e0dc37a4feefccaa89fad120eb7d0445e23d9783
figures/source_data/Figure_4_PEB_Late_all_12_extrinsic.csv,2461,d39916ccde15864bafab1729a87e15764020b7d48314e6cec4fa8b3ad6291a76
figures/source_data/Figure_5_posterior_prevalence_counts.csv,131,930a98584f5d9cda5bc0a4b201096a1219a6e5cc9b031444274081e94597e121
figures/source_data/Figure_5_transformed_self_connections.csv,701,095329c42ee6da5c2ebef6b31da044869d6011339293193a28178b58753258f7
figures/source_data/LateEffect_ModelFit_Association.csv,2080,73b75f42401428134bd911beef5f1e2a7693bee213ca1c99c7e4038982904ee0
figures/source_data/Participant_CrossEdge_Consistency.csv,2300,75eeae1423bdba19a217c514c841e264442ccb89d56131a3c235a99060bfe600
figures/source_data/Participant_StrongEdge_Heterogeneity.csv,798,a0736d9339d3b19b3afa5cd96ee9ef23ebee1db680cea08538147d06ab77aef7
figures/source_data/README.md,1026,830d7179bc36d26b47ed8803bdc00cf9880a17db3144e2fa22dc2fa405a1f139
figures/source_data/dcm_edge_contrasts.csv,14541,95c7b412c84645e5cf300ff68bb621ab6138b5072509989da1b135ce640c78f6
figures/source_data/dcm_model_fit_group_summary.csv,1299,b03b2aad1db632eb52c759ebcbe8191d014e21826708c0d5a06da4adc9564db2
figures/source_data/dcm_posterior_prevalence_by_run.csv,12916,29ac520127f6068c0ec037793c6570db9f66ae7cbd366b0f6db5b6ccf42be615
figures/source_data/peb_bma_all_effects.csv,16250,a2ceffa996155c07040b534fb5c03b81bcd5a4983844908d6a58e318bef72a72
figures/source_data/primary_fullrun_DCM_A_allsubjects_wide.csv,107366,ea2f886d137d78f814e60689d5c36d90b8cb5888189f2d068d049d3f7ba8f78f
figures/source_data/raw_fc_edge_summary.csv,3844,76f73064e1f6c58770787604ce9ef8ea7beba1468386a9e0e35ea591f5a42fcf
figures/source_data/residual_fc_edge_summary.csv,4020,7543450a679d60b4ec4263a382775b9d2211db44f01d0117544c22ad3ae73dfb
figures/supplementary/DCM_AllEdge_Trajectories_ByRun.pdf,484477,79f75df55f5bbe2e074fdb30bd91153f3778f736205b1fa46a631450ca8b6066
figures/supplementary/DCM_AllEdge_Trajectories_ByRun.png,606547,7ee63a5991a38363a7b3a9a534226098f9f274ad2042e7e1d7caf1436e4bc396
figures/supplementary/DCM_ModelFit_FreeEnergy.pdf,181501,bb2e91de897881618f2f783d61ecc6ac284dad102e9697fecbd7c815a9e790b2
figures/supplementary/DCM_ModelFit_FreeEnergy.png,121806,317b1cca49d490c8b0a0b7278a636fb84cbdaa9ae82bf565d9e931d4b2147c39
figures/supplementary/DCM_NodeLevel_Roles_AcrossBlocks.pdf,295146,0b680d4444eb8d0f75d61ccdb36e5e737c23bb384a2ced1de0a59fc941f131a1
figures/supplementary/DCM_NodeLevel_Roles_AcrossBlocks.png,295067,009d8a0f49527966fc5ecf9c8c261b3885eae23501a6fcf9f8360fe98100fc48
figures/supplementary/DCM_ParticipantByEdge_LateContrast.pdf,24716,387a3c7cac4bff1757ecb5177057cdca2f5d5647f790906b65fa12b7de1e32fe
figures/supplementary/DCM_ParticipantByEdge_LateContrast.png,255304,fd42fbe9b8eaab0301fc8029f0c3fac4de6df378e77221a8cb3959393d508e69
figures/supplementary/DCM_ParticipantLevel_StrongestEdges.pdf,849211,9624a7fd2820c58d4944ed6c310042e515e77cc392d5f2ee1e40a472a6e1961e
figures/supplementary/DCM_ParticipantLevel_StrongestEdges.png,1937298,d372b3adea347e1bb8a74eff5c943255298f806d9fae21ff7d8c8dfd8f281d5a
figures/supplementary/DCM_PositiveLateContrast_Prevalence.pdf,15950,4a276a51c14c66bff3350178b8faa899d333f1d12d54f8216cc3b4b4ab9c5cdc
figures/supplementary/DCM_PositiveLateContrast_Prevalence.png,95202,a1f03230bc4b2444f87147cfd327e2369fb467253fb6c0ea64d47683d8cb554c
figures/supplementary/DCM_RunSpecific_Mean_Heatmaps.pdf,877670,ebaceb9c8bad6b4c23e7dd3faaa13003c946dc1f12026d81eb775600f7ca1604
figures/supplementary/DCM_RunSpecific_Mean_Heatmaps.png,463644,c75969610fb5c9ab5e8e1bd5d6ccc91239689f5d172242d5b3d95f7eb9cd080d
figures/supplementary/DCM_SelfConnections_ByRun.pdf,291845,3917b53668d532f848b6e2952d93fe33a47f41e034546e151e23a03bbaa563c0
figures/supplementary/DCM_SelfConnections_ByRun.png,279358,e57fff739a7aee3e1747755fd24232d5bf0d6c9e6b3aee4d675ad5b931ef38d9
figures/supplementary/DCM_StrongestEdge_Trajectories.pdf,25862,5490ce825ac2c0ad55034080aee89c53dec6d5ac03bab82071cb772887234669
figures/supplementary/DCM_StrongestEdge_Trajectories.png,240421,018bd3282642969304f29446aa848c2ccb5243f5d0bbab8ffda0baeb0ec9ef83
figures/supplementary/DCM_WeightedMedian_Heatmaps.pdf,419812,16a4b2142bfcd379e98cf29b8e8920551480d826286e3c7e7cc17548083dc2ad
figures/supplementary/DCM_WeightedMedian_Heatmaps.png,208033,4d5f8020718cae0af4d4e2b9e5d0c1d0d3f1d06ddf878eb2f092db5ee8475ffc
figures/supplementary/DCM_WeightedMode_Heatmaps.pdf,433483,cf7909fbb710fdc26ce8c494c2eaba7de8d856fe8be5e886ec4cdf8fe9a3e6ee
figures/supplementary/DCM_WeightedMode_Heatmaps.png,206543,09fe038a515f487c252024fde875ec42ff89f3ffb42c99f8d975f2f6beaa8a83
figures/supplementary/FC_RawResidual_TemporalChanges.pdf,191747,2f49f4f5825688d301cc02890413bf3719efc201ffcea117b8e1b2aa28966ed9
figures/supplementary/FC_RawResidual_TemporalChanges.png,138209,59b9cb86d405e543ca609bdd5284a687577b7f8c978b18f10987dda032df3c6b
figures/supplementary/FC_Raw_Heatmaps_ByBlockRun.pdf,546185,d46653fcf41725c5ac1fa261887683f3ba4b9fe0544fcdbdabe5fdd9123d8d20
figures/supplementary/FC_Raw_Heatmaps_ByBlockRun.png,283424,ccebcf87beb4b624e089e0274c3eedfe3707f208e43a24efd57897a4962cf5e4
figures/supplementary/Integrated_Blockwise_Overview.pdf,430850,4abfdc0eedefc0a59d1ebeff262306c2a6d1d2c55b369395b02f47a7dda877d1
figures/supplementary/Integrated_Blockwise_Overview.png,328185,1f4b90246d98d8b09ff304fdde8c7a7f113fb7fa034bbf19bbd58884fab7a662
figures/supplementary/PEB_Top12_Late_Effects.pdf,22981,52b16b2e211f7c020fa0d46235d4ce4b265d83612fc038e497cdedb9f3706a24
figures/supplementary/PEB_Top12_Late_Effects.png,168255,748592a572c83a9c2ad20806505c775ae796a3c8c1385918373a6fb3498652c4
figures/supplementary/PEB_Top12_Mean_Effects.pdf,23601,b938e62dbc4d7011f9bda21af37acf007a164159feee933dab1813cd482681af
figures/supplementary/PEB_Top12_Mean_Effects.png,172032,1e7d4afe136e9e62aa2c937e87deff057c4a47ce048559627e16105d2841cfef
requirements.txt,31,6629a0ea6130dc92c8fb716b9b155ad0b8f1bcf2a0ecad9c0b4396edbbc3fd53
resources/rois/IFG_L_mask.nii,902981,95ba73283340707651320c562cc484823e916d634530296453df617409b359c6
resources/rois/README.md,1175,ac5c2e781950ca1d28337ec39fc1dfd0cfe0aabc53b295c1b636f5a9fc0cc0e9
resources/rois/V1_L_mask.nii,902981,2c31f7ed219d807b3ffa7710b95b5c8bf359f39920ab3a400a48dfd662319e03
resources/rois/lOTC_mask.nii,902981,18e903222d4f6d6635781a45df23c8dc4477aabf4107228cb99f85fb6dc249db
resources/rois/qc/ROI_QC_summary.csv,655,f9b15b7c7c1c54fccff1e8a2a86e4de9f1369edde26588ae3683bb5458dbd9d1
resources/rois/qc/ROI_voxelwise_verification.txt,975,7fc590db9ff00393b0e5ea81594091b87b11ed55e719d54084ee16927956f42b
resources/rois/vOTC_mask.nii,902981,acd6bd392b1b0ee05fe33b1b17eeadb271a4a74749632acf83125a7be8b02780
results/README.md,650,2e1a5629b161d0e3c46f0191fb05c6cf96165e8d0d63620588eca57798b019d9
results/reproduced/dcm_late_contrasts_runaveraged.csv,1816,f1ad3cf301b71178afb01a0a6bf4d00166108cac35a689a2723b0fe13873dfd6
results/reproduced/raw_fc_late_contrasts_runaveraged.csv,926,913c31489ea339f4241197ac814ff0fce496ec6ad078e1b6cbd56a14625a85a5
results/reproduced/residual_fc_late_contrasts_runaveraged.csv,911,dbb6fbde215f7a1ae8fdc410cedc4288baa8f56be3c86a2950aa7cde205c60ca
results/tables_csv/00_table_manifest.csv,3921,649093fbabb363c73ede20575d0db4b76d05c8fa7f6c0e0a802a4df8101709a6
results/tables_csv/block_timing_FC_blocks_COND.csv,7974,c021e08a5cd85c5e1b530e6b65887324f0da654f1ea5e44f3f8decf41997c1b6
results/tables_csv/dcm_01_run_edge_summary.csv,24070,899639d03080ef369dc2f64767c4ddef3a043c0e5a086a95b6d72a0c43ee9e50
results/tables_csv/dcm_02_weighted_edge_summary_all_subject_runs.csv,11766,670b6dbff004d6c7cdd6c38691b5d4e5f811f666f3214af83734391849f05f6a
results/tables_csv/dcm_03_subject_runavg_edge_summary.csv,11920,da76fbb75d00b386174f86a1eee6f30691642f0ad03b3c754cf8a3529f7b999b
results/tables_csv/dcm_04_edge_contrasts_runaveraged.csv,14540,5c12ddce4670b6bb4fd62539ad7dea2bf6ae8959612595bbfbbbc11011fce5e1
results/tables_csv/dcm_05_edge_contrasts_by_run.csv,29278,bcb680fb0b670e908d4a97b435b41a10e44eeeb21a9ce02987c1af04b8508d3b
results/tables_csv/dcm_06_aggregate_offdiag_self_summary_by_run.csv,4202,fd6b53b084e98a52d4b76807186c3b498154e0edcf408079f0395c84b0663901
results/tables_csv/dcm_07_aggregate_offdiag_self_summary_weighted.csv,2035,29cd8ec9725c92b86125a353b3d657bd83d1e52adfca44d7b4c0844edb332b29
results/tables_csv/dcm_08_aggregate_offdiag_self_contrasts.csv,2751,5dad49ef0a3065d32a2f4ae0a08fcf8a66e1a8e1d3127a3b1396d6c9ceea16f1
results/tables_csv/dcm_09_node_strength_summary_by_run.csv,17706,de6eaddab08b04b565f3443f9010e4b047cd14e182d4b5ad22984c7966a31654
results/tables_csv/dcm_10_node_strength_summary_weighted.csv,8575,313eb28ee62dae21bd9102d6fd253430a9ab2d45898c432d745f8bd702df6058
results/tables_csv/dcm_11_node_strength_contrasts.csv,11281,56520e019cfddde6c6760069adb53096d9e7840234c2851df9a6ab16c32b5c4d
results/tables_csv/dcm_fit_01_group_summary.csv,1299,b03b2aad1db632eb52c759ebcbe8191d014e21826708c0d5a06da4adc9564db2
results/tables_csv/dcm_fit_02_model_fit_long_with_flags.csv,106694,a33578690a0edd89001f3e71c0f47d6f6c6a59032e717f5e2fb8e64d2fc15835
results/tables_csv/dcm_fit_03_outliers.csv,8070,da510332e2a998d9fd9e7ab6f960d00f2441e43daf529343d2bdef5e985ec749
results/tables_csv/dcm_qc_01_edge_prevalence_by_run.csv,13175,117f0f162cdfb83907137a9e1a588090819884867da264779b6aef1198a5ebda
results/tables_csv/dcm_qc_02_edge_prevalence_weighted.csv,6384,f6463f81372401776e9f91271817b776382d15debbd5966af4af589dc1eb5404
results/tables_csv/dcm_qc_03_file_level.csv,50092,9390c9b2eb5cf710fe3b582f3697fdaa33fecf65bf5a854bb2b089e890279010
results/tables_csv/fc_compare_01_raw_vs_residual_aggregate_by_run.csv,2633,ac252e438f67509244741d4a22e6c353df8a02acdd2ce628cf3df9b1e2612b29
results/tables_csv/fc_compare_02_raw_vs_residual_aggregate_weighted.csv,1296,e5acf96dc9e441bfbbd8e29c37893dd15ead732dd2d43c54de2621aaab84c76d
results/tables_csv/fc_missing_inventory.csv,22528,1ea9a204b84027c4dee511047ba8b6c086028d7ba434f1ff0272d9c257c9c378
results/tables_csv/fc_raw_01_run_edge_summary.csv,8007,939eb8b04f5dac7559ad62a4614a48591b640c08e6b6bf653df112da044b7802
results/tables_csv/fc_raw_02_weighted_edge_summary_all_subject_runs.csv,3892,1b62760d0b79909382d0caa1e2284786016296271a92719a67fb9122320c0587
results/tables_csv/fc_raw_03_subject_runavg_edge_summary.csv,3964,21dfec095a8447e7b61b6ce19e324e313b48668b6a91ec5ecb9b654ef13550aa
results/tables_csv/fc_raw_04_edge_contrasts_runaveraged.csv,5565,c05ffbe8a67940a6efa88961eb891dce2f236079ec998658ae2b7970de40aa7f
results/tables_csv/fc_raw_05_edge_contrasts_by_run.csv,11112,de2dc4edae8fcf484b344279ccd06c9d7282a6bfeab5bc4f9dbbdf4d900e472e
results/tables_csv/fc_raw_06_aggregate_summary_by_run.csv,1374,985e422f62b4c93d6c7ab1682cba3005304b019220d521569933100aab8ba160
results/tables_csv/fc_raw_07_aggregate_summary_weighted.csv,689,5313fc0e3466255b8b5225a201f273168253fa771eb259b0e60b981effedc25e
results/tables_csv/fc_raw_08_aggregate_contrasts.csv,1000,c217f803e09427dbf2369a1c26f9eee2135f1d6b0936cce02cd5c9143e25ce54
results/tables_csv/fc_residual_01_run_edge_summary.csv,8472,fd1f13ea00e8be5d6e4155a70bd0eb8ff9d754138fa76155a612de24f82a4b77
results/tables_csv/fc_residual_02_weighted_edge_summary_all_subject_runs.csv,4136,2438a85ec63c871db52891c1bfa8936293912c139fd7f21a59209ccbab0673ac
results/tables_csv/fc_residual_03_subject_runavg_edge_summary.csv,4203,420ffa1ce48f74598327404a6f33fc1f8cdd75989726cde31ff7eb2eb72c755b
results/tables_csv/fc_residual_04_edge_contrasts_runaveraged.csv,5483,df285e6348f737306b227ed9d8d83a970d63ace7d5f3523cf1617d98a9f58e32
results/tables_csv/fc_residual_05_edge_contrasts_by_run.csv,11014,4facf46c6199e7cc5e4b332e6196e899a9e1da7959585086233cd8495ac3fdcf
results/tables_csv/fc_residual_06_aggregate_summary_by_run.csv,1454,50e83c919352142a4b7270c7db6ce33fa0058a2afedce9458d0e40e749a1d75b
results/tables_csv/fc_residual_07_aggregate_summary_weighted.csv,730,b65366707aa4cddd0ff27b4616706d479dcb8fa4d89aa9612c4d42a45d767212
results/tables_csv/fc_residual_08_aggregate_contrasts.csv,997,e17bcb79192d255cfa4d66f2d9d1b086cf1a7844107c51b9f6644390546f3b9a
results/tables_csv/peb_01_bma_all_effects.csv,16821,f30cd76a7f7d5f87dad77fcabad788fed9807f030c3b834dbe79afbda8c1a7fb
results/tables_csv/peb_02_bma_retained_pp_ge_95.csv,3446,62d38e554f4aae2b3e9e8946bed632bb834d22c14742434cf2d8966c40ed6b7c
results/tables_csv/peb_03_participant_indicator_sensitivity_all_effects.csv,109102,15f3824aa083a7d9a735ffc3b724df685a1762464228c566edfbb517d7cc3409
results/tables_csv/peb_04_design_table.csv,31745,91d9f404244a1dbb0f794e3f248561d7590fafec5e07ff69839118d97aaf7942
sensitivity/cropped_dcm/code/cropped_segmentwise_dcm_code/README_cropped_segmentwise_dcm.txt,1268,67f5509b2cc68a16d9b72109cb72bc7adbe698f67c6b8cbcc8420a760f124f9f
sensitivity/cropped_dcm/code/cropped_segmentwise_dcm_code/build_dcm_spm12_cropped_segments.m,9184,2513f8267046a43c85a81031fcc78c2488a55ac189cfc4378976e1b1d18e1776
sensitivity/cropped_dcm/code/cropped_segmentwise_dcm_code/check_cropped_dcm_timepoints.m,2177,7ccd34f355818d2090e0234752d8383f7a0e6b8a235239420a7d30380efee09b
sensitivity/cropped_dcm/code/cropped_segmentwise_dcm_code/run_cropped_segmentwise_glm_3blocks.m,20283,d68ec282c8d9f39f0ef0ed09ba6127fab588ba675918a26c22990a6edf9eadd0
sensitivity/cropped_dcm/cropped_dcm_estimation_summary.csv,40923,b0a30d8e14571d2ba9585f14f48a28e8854d3496f0780541c05be31e4185463f
sensitivity/cropped_dcm/cropped_dcm_timepoint_QA.csv,38751,54bf995250210f4e95b123dbd62f9054c74cdd6f26ceab99160c81e1117c5346
sensitivity/cropped_dcm/cropped_dcm_timepoint_QA_summary.csv,441,b6ebe49b00c173d7105cce5217c8e9624be7da2cb2f478b669bbb3a8bc96280a
sensitivity/cropped_dcm/cropped_segmentwise_glm_QA.csv,22177,5a4c8675e1fabddb8a9d85238f979820e7858cbbac44f7223c6c0131a7f0f734
sensitivity/cropped_dcm/derived/dcm_exports/DCM_A_allsubjects_wide.csv,145679,f45d1522d02051bd539176dcb87db20b87208f9b4383e25845c690d24f6c00f4
sensitivity/cropped_dcm/derived/dcm_exports/DCM_group_R1_ALL_mean.csv,308,adc5a16e23ac8fb88a3a81ff603e396a347f5eab86f766eb44c64a5490660563
sensitivity/cropped_dcm/derived/dcm_exports/DCM_group_R1_ALL_median.csv,258,38e7a6344423e068ce750a1ad1a8e4363efd2da8c50ee86b7f472c14526b72aa
sensitivity/cropped_dcm/derived/dcm_exports/DCM_group_R1_ALL_mode.csv,167,fccdf43974e913362399a76a6d297f56c537d7efe6ce06013359149112e92063
sensitivity/cropped_dcm/derived/dcm_exports/DCM_group_R1_Block-01_mean.csv,308,621a69a383f2464d05959a950576cee58aecb8a2f0aabec1bf298b7d33baa80b
sensitivity/cropped_dcm/derived/dcm_exports/DCM_group_R1_Block-01_median.csv,310,6b4072503623a107e71f5bdc76df5a60049cadac37fc746157494d2b77968c5a
sensitivity/cropped_dcm/derived/dcm_exports/DCM_group_R1_Block-01_mode.csv,135,8be0eea824a47c1069ef4aadd97f7a5b22d7e728eedb979f35f1dd4774a24f74
sensitivity/cropped_dcm/derived/dcm_exports/DCM_group_R1_Block-02_mean.csv,309,aba2bbef0bcff547dacf2c31b6e34446afe17a9b7465bbebf61579a628003bef
sensitivity/cropped_dcm/derived/dcm_exports/DCM_group_R1_Block-02_median.csv,309,cbda1aa5b1f51fb8d49bfc66b99ce5ad2a64d88fb04db376fbf6198cb6e0dfcf
sensitivity/cropped_dcm/derived/dcm_exports/DCM_group_R1_Block-02_mode.csv,148,0c5cf9ecd82b55ac326e1c868ffd4ef14de52b31d81db2660dffb84bde187653
sensitivity/cropped_dcm/derived/dcm_exports/DCM_group_R1_Block-03_mean.csv,307,7e4933cf7bb332d0f40e0b2dbc94a0319c2d117b55f67665b76d9cd6b8a3fbe5
sensitivity/cropped_dcm/derived/dcm_exports/DCM_group_R1_Block-03_median.csv,309,9c2116f609907ebb99e4ff89943b22bb40b8ed836d40f893144bcd8852d4fa56
sensitivity/cropped_dcm/derived/dcm_exports/DCM_group_R1_Block-03_mode.csv,137,84499786cdc49ce08205ae35b919a48ce50f8dac4ff90335063b61fd5622dab4
sensitivity/cropped_dcm/derived/dcm_exports/DCM_group_R2_ALL_mean.csv,306,7d5d7570cad2688b45211db93fd9a5d286252971f561b0e826158b2baf287835
sensitivity/cropped_dcm/derived/dcm_exports/DCM_group_R2_ALL_median.csv,309,3c38b096cd975a2f9136f0a468be59fabbede4e55fa3f67b796585a4f4502e0a
sensitivity/cropped_dcm/derived/dcm_exports/DCM_group_R2_ALL_mode.csv,156,dc3930181fd901da9559bda06c568b46ae7dcc5626370d05b70bc45145f6ac13
sensitivity/cropped_dcm/derived/dcm_exports/DCM_group_R2_Block-01_mean.csv,308,eb678c5bc1246f8f5242831e4615ebe161f7e115558648faba84bfee4ce326c5
sensitivity/cropped_dcm/derived/dcm_exports/DCM_group_R2_Block-01_median.csv,308,1232aea72cd62c95dcf70c87141a0d929945a1dceb817fb3076155f03b920d79
sensitivity/cropped_dcm/derived/dcm_exports/DCM_group_R2_Block-01_mode.csv,132,2f430312c8a47e3fec345c074dfd0b8df4e1ac2de6619e75165a5fa3de3022eb
sensitivity/cropped_dcm/derived/dcm_exports/DCM_group_R2_Block-02_mean.csv,308,99d0bf4de357364148d5e2e0b9e2fb483a0f98471412024ed8682529034a822e
sensitivity/cropped_dcm/derived/dcm_exports/DCM_group_R2_Block-02_median.csv,311,5f0ccdb71fc3ff04437d117fedd6a5855e7cd0ad701eab40d909ad86348301b8
sensitivity/cropped_dcm/derived/dcm_exports/DCM_group_R2_Block-02_mode.csv,149,8ac22e50d4c5c9fd30f6dc9dfbfeb2ad52f9e120ba3077f8be9ef32e7439e994
sensitivity/cropped_dcm/derived/dcm_exports/DCM_group_R2_Block-03_mean.csv,309,63fe8b0943f865647d48f901c80d734e0cb753f720c19032f9b2e51672c6a55b
sensitivity/cropped_dcm/derived/dcm_exports/DCM_group_R2_Block-03_median.csv,312,52298efea6b5f27381131088ac4e4050521ecd616de4844238c43b581d8198a6
sensitivity/cropped_dcm/derived/dcm_exports/DCM_group_R2_Block-03_mode.csv,156,44f88f5a9212c2b5fc64678614bbc66d929365643dd62c78e7bee06341f63af6
sensitivity/cropped_dcm/derived/dcm_exports/DCM_group_edge_summary.csv,18247,10ffd534c5f9a4c626bfdc56cb6e8fa17a039b3ea8180ac618c1833c912ee5a6
