parameter,N,mean_late_contrast,sd_late_contrast,cohen_dz,t,p,q_FDR,FDR_sig_05
A_lOTC_to_vOTC,45,0.20522014711823694,0.12446494469251039,1.648818851165134,11.060613101365044,2.7247185793849888e-14,1.6348311476309934e-13,True
A_V1_L_to_vOTC,45,0.13859418085995534,0.1330506847884957,1.0416645437058207,6.987698188432548,1.1916183569898014e-08,2.0427743262682308e-08,True
A_IFG_L_to_vOTC,45,0.0708125675970541,0.11315486008909736,0.6258022637410073,4.198009206594432,0.00012884079597021316,0.00015460895516425578,True
A_vOTC_to_lOTC,45,0.15202252098790237,0.125226656053316,1.2139789225320994,8.143618182101177,2.511220178988101e-10,7.394248184116038e-10,True
A_V1_L_to_lOTC,45,0.16012536504045286,0.15767983891598344,1.015509440783818,6.812244424156243,2.1555345386138952e-08,3.233301807920843e-08,True
A_IFG_L_to_lOTC,45,0.057225303605217825,0.13696997664137506,0.4177945051056653,2.8026507421264513,0.0075095531837411755,0.008192239836808555,True
A_vOTC_to_V1_L,45,0.10782531598406811,0.09011714998614812,1.1965016203979144,8.026376875195158,3.697124092058019e-10,7.394248184116038e-10,True
A_lOTC_to_V1_L,45,0.16381224310838363,0.12062674720234993,1.358009288218562,9.109803247598425,1.092409329581378e-11,4.369637318325512e-11,True
A_IFG_L_to_V1_L,45,0.03576457205169388,0.1176781602007709,0.3039185180213209,2.0387473977500052,0.04751147324792476,0.04751147324792476,True
A_vOTC_to_IFG_L,45,0.12340801972793253,0.10309591885967762,1.1970213864226906,8.029863571686542,3.6547748993830385e-10,7.394248184116038e-10,True
A_lOTC_to_IFG_L,45,0.16441047358300898,0.09907334997505744,1.6594823292479834,11.132145886974536,2.2073524734429254e-14,1.6348311476309934e-13,True
A_V1_L_to_IFG_L,45,0.10639106448780095,0.12597901780563134,0.8445141606989509,5.665173213852107,1.0454511037722928e-06,1.3939348050297237e-06,True
