parameter,effect,posterior_mean,posterior_sd,posterior_probability,source,target,target_row,source_col
"A(1,1)",Mean,-0.0801682048683268,0.0802731386525243,NaN,vOTC,vOTC,1,1
"A(2,1)",Mean,0.132793120286792,0.0651768490582329,NaN,vOTC,lOTC,2,1
"A(3,1)",Mean,0.0730248608850641,0.0707225357516178,NaN,vOTC,V1_L,3,1
"A(4,1)",Mean,0.0819592804131779,0.0712506541497176,NaN,vOTC,IFG_L,4,1
"A(1,2)",Mean,0.0957055834756359,0.0715977847825262,NaN,lOTC,vOTC,1,2
"A(2,2)",Mean,-0.0313524448980815,0.076236025347537,NaN,lOTC,lOTC,2,2
"A(3,2)",Mean,-0.0349374979540104,0.0674759023827874,NaN,lOTC,V1_L,3,2
"A(4,2)",Mean,-0.00383834424207633,0.0702144770897738,NaN,lOTC,IFG_L,4,2
"A(1,3)",Mean,0.058540595623576,0.0714943299310002,NaN,V1_L,vOTC,1,3
"A(2,3)",Mean,0.0707985116160553,0.0703510594895724,NaN,V1_L,lOTC,2,3
"A(3,3)",Mean,-0.0883165990907732,0.0681932309973056,NaN,V1_L,V1_L,3,3
"A(4,3)",Mean,0.0633588875146236,0.0646962452301201,NaN,V1_L,IFG_L,4,3
"A(1,4)",Mean,0.243588634936815,0.0753441343871923,NaN,IFG_L,vOTC,1,4
"A(2,4)",Mean,0.239851860826542,0.0746184759486617,NaN,IFG_L,lOTC,2,4
"A(3,4)",Mean,0.294759257861146,0.0713944941542505,NaN,IFG_L,V1_L,3,4
"A(4,4)",Mean,-0.0971038818458522,0.0805553059805994,NaN,IFG_L,IFG_L,4,4
"A(1,1)",Late_B3_gt_mean_B1B2,-0.0723590020771251,0.0355160885423004,NaN,vOTC,vOTC,1,1
"A(2,1)",Late_B3_gt_mean_B1B2,0.0840475499480755,0.0284154253129634,NaN,vOTC,lOTC,2,1
"A(3,1)",Late_B3_gt_mean_B1B2,0.00620627642446794,0.0290984245750728,NaN,vOTC,V1_L,3,1
"A(4,1)",Late_B3_gt_mean_B1B2,0.0132395774714217,0.0286584936122365,NaN,vOTC,IFG_L,4,1
"A(1,2)",Late_B3_gt_mean_B1B2,0.269716052820563,0.0309274298400042,NaN,lOTC,vOTC,1,2
"A(2,2)",Late_B3_gt_mean_B1B2,-0.185286966374142,0.0352963008166553,NaN,lOTC,lOTC,2,2
"A(3,2)",Late_B3_gt_mean_B1B2,0.156627330915795,0.0294241868067089,NaN,lOTC,V1_L,3,2
"A(4,2)",Late_B3_gt_mean_B1B2,0.224287386843674,0.03052697533181,NaN,lOTC,IFG_L,4,2
"A(1,3)",Late_B3_gt_mean_B1B2,0.0910179457313767,0.0293401888098343,NaN,V1_L,vOTC,1,3
"A(2,3)",Late_B3_gt_mean_B1B2,0.17280624165729,0.0286767933710553,NaN,V1_L,lOTC,2,3
"A(3,3)",Late_B3_gt_mean_B1B2,-0.128711946921469,0.0307236341199486,NaN,V1_L,V1_L,3,3
"A(4,3)",Late_B3_gt_mean_B1B2,0.0690966446280855,0.0272177070978217,NaN,V1_L,IFG_L,4,3
"A(1,4)",Late_B3_gt_mean_B1B2,-0.0981728548200697,0.0276371433935569,NaN,IFG_L,vOTC,1,4
"A(2,4)",Late_B3_gt_mean_B1B2,-0.0760626984211536,0.0278398012385507,NaN,IFG_L,lOTC,2,4
"A(3,4)",Late_B3_gt_mean_B1B2,-0.0496259715310179,0.0272925690114133,NaN,IFG_L,V1_L,3,4
"A(4,4)",Late_B3_gt_mean_B1B2,0.106307874914171,0.0319960213270666,NaN,IFG_L,IFG_L,4,4
"A(1,1)",Mid_B2_gt_B1,0.0207951285683261,0.0356386624262447,NaN,vOTC,vOTC,1,1
"A(2,1)",Mid_B2_gt_B1,-0.0253607214887157,0.0335178531067934,NaN,vOTC,lOTC,2,1
"A(3,1)",Mid_B2_gt_B1,-0.0314554212467279,0.0333473021614373,NaN,vOTC,V1_L,3,1
"A(4,1)",Mid_B2_gt_B1,0.00681225834331472,0.0335829859626021,NaN,vOTC,IFG_L,4,1
"A(1,2)",Mid_B2_gt_B1,-0.0175838861553757,0.0348065933616894,NaN,lOTC,vOTC,1,2
"A(2,2)",Mid_B2_gt_B1,0.0307641700935728,0.0356602042478606,NaN,lOTC,lOTC,2,2
"A(3,2)",Mid_B2_gt_B1,-0.0427010900607743,0.033629144253304,NaN,lOTC,V1_L,3,2
"A(4,2)",Mid_B2_gt_B1,5.19280294469733e-05,0.0343175102874753,NaN,lOTC,IFG_L,4,2
"A(1,3)",Mid_B2_gt_B1,-0.0191714530356026,0.0342883531835532,NaN,V1_L,vOTC,1,3
"A(2,3)",Mid_B2_gt_B1,-0.0333361104071635,0.0341442137554283,NaN,V1_L,lOTC,2,3
"A(3,3)",Mid_B2_gt_B1,0.0267580015894362,0.0353996373438607,NaN,V1_L,V1_L,3,3
"A(4,3)",Mid_B2_gt_B1,-0.00368645504406458,0.0333783072110758,NaN,V1_L,IFG_L,4,3
"A(1,4)",Mid_B2_gt_B1,0.0398311777961837,0.0340027955159386,NaN,IFG_L,vOTC,1,4
"A(2,4)",Mid_B2_gt_B1,0.033721188384445,0.0339416035856911,NaN,IFG_L,lOTC,2,4
"A(3,4)",Mid_B2_gt_B1,0.0247184501908069,0.0338286976997293,NaN,IFG_L,V1_L,3,4
"A(4,4)",Mid_B2_gt_B1,0.00829988086191522,0.0356511673502216,NaN,IFG_L,IFG_L,4,4
"A(1,1)",Run2_gt_Run1,-0.00453076741374537,0.0539537445998167,NaN,vOTC,vOTC,1,1
"A(2,1)",Run2_gt_Run1,0.040186834720394,0.0472848448391369,NaN,vOTC,lOTC,2,1
"A(3,1)",Run2_gt_Run1,0.0198981980562505,0.0474366893361935,NaN,vOTC,V1_L,3,1
"A(4,1)",Run2_gt_Run1,0.0181172976298429,0.0475255022633432,NaN,vOTC,IFG_L,4,1
"A(1,2)",Run2_gt_Run1,0.0541462108919683,0.0499535977699968,NaN,lOTC,vOTC,1,2
"A(2,2)",Run2_gt_Run1,-0.00291593027908563,0.0531867624923113,NaN,lOTC,lOTC,2,2
"A(3,2)",Run2_gt_Run1,0.0896438174002211,0.0477625291463559,NaN,lOTC,V1_L,3,2
"A(4,2)",Run2_gt_Run1,0.0623271146559846,0.0490516247241286,NaN,lOTC,IFG_L,4,2
"A(1,3)",Run2_gt_Run1,-0.0275551884415459,0.0488000479410204,NaN,V1_L,vOTC,1,3
"A(2,3)",Run2_gt_Run1,-0.000244074612033258,0.0482637987341092,NaN,V1_L,lOTC,2,3
"A(3,3)",Run2_gt_Run1,0.01836364033381,0.0502176390833072,NaN,V1_L,V1_L,3,3
"A(4,3)",Run2_gt_Run1,0.00311821761033753,0.0466477903930424,NaN,V1_L,IFG_L,4,3
"A(1,4)",Run2_gt_Run1,-0.0263198198157138,0.0468665456675762,NaN,IFG_L,vOTC,1,4
"A(2,4)",Run2_gt_Run1,-0.0579300236966274,0.0468672321977004,NaN,IFG_L,lOTC,2,4
"A(3,4)",Run2_gt_Run1,-0.00273160596083279,0.046463524971366,NaN,IFG_L,V1_L,3,4
"A(4,4)",Run2_gt_Run1,-0.00193954899471601,0.0509046088547664,NaN,IFG_L,IFG_L,4,4
"A(1,1)",Late_x_Run,-0.0536249781830123,0.0698806834926984,NaN,vOTC,vOTC,1,1
"A(2,1)",Late_x_Run,0.0164922352122955,0.0544769965515114,NaN,vOTC,lOTC,2,1
"A(3,1)",Late_x_Run,-0.0876227433059824,0.055394279464709,NaN,vOTC,V1_L,3,1
"A(4,1)",Late_x_Run,-0.0350551126550875,0.0549551478281102,NaN,vOTC,IFG_L,4,1
"A(1,2)",Late_x_Run,0.0110241164388209,0.0595394258691273,NaN,lOTC,vOTC,1,2
"A(2,2)",Late_x_Run,-0.0406225255146284,0.0673461829160502,NaN,lOTC,lOTC,2,2
"A(3,2)",Late_x_Run,0.00848884053219098,0.0558295414915112,NaN,lOTC,V1_L,3,2
"A(4,2)",Late_x_Run,0.0321852313009136,0.0579886707526419,NaN,lOTC,IFG_L,4,2
"A(1,3)",Late_x_Run,-0.0961473565878618,0.0569843933248948,NaN,V1_L,vOTC,1,3
"A(2,3)",Late_x_Run,-0.0454367603551858,0.055553892985716,NaN,V1_L,lOTC,2,3
"A(3,3)",Late_x_Run,0.0805587656659637,0.0582869689049323,NaN,V1_L,V1_L,3,3
"A(4,3)",Late_x_Run,-0.0373764077786353,0.0523447767029941,NaN,V1_L,IFG_L,4,3
"A(1,4)",Late_x_Run,0.0835470167895775,0.0514272457411272,NaN,IFG_L,vOTC,1,4
"A(2,4)",Late_x_Run,0.0400919899790058,0.051603748373032,NaN,IFG_L,lOTC,2,4
"A(3,4)",Late_x_Run,0.0902596219959667,0.0503161344590672,NaN,IFG_L,V1_L,3,4
"A(4,4)",Late_x_Run,0.00855211673697471,0.0599664546304309,NaN,IFG_L,IFG_L,4,4
"A(1,1)",Mid_x_Run,-0.0492636609687755,0.0712595964995195,NaN,vOTC,vOTC,1,1
"A(2,1)",Mid_x_Run,0.0153686039976821,0.0669751676375272,NaN,vOTC,lOTC,2,1
"A(3,1)",Mid_x_Run,-0.037399012589508,0.0666185082653511,NaN,vOTC,V1_L,3,1
"A(4,1)",Mid_x_Run,0.0193253399334145,0.0671013831048308,NaN,vOTC,IFG_L,4,1
"A(1,2)",Mid_x_Run,0.00978860401510914,0.0695748337699561,NaN,lOTC,vOTC,1,2
"A(2,2)",Mid_x_Run,-0.0403963461695644,0.0713093528332502,NaN,lOTC,lOTC,2,2
"A(3,2)",Mid_x_Run,-0.0355111563326302,0.0671965207487038,NaN,lOTC,V1_L,3,2
"A(4,2)",Mid_x_Run,0.0254697870300136,0.0685952633329302,NaN,lOTC,IFG_L,4,2
"A(1,3)",Mid_x_Run,-0.0308292971110695,0.0685162959023974,NaN,V1_L,vOTC,1,3
"A(2,3)",Mid_x_Run,-0.0321868807688031,0.0682554669930371,NaN,V1_L,lOTC,2,3
"A(3,3)",Mid_x_Run,0.00711320693443029,0.0707914969961878,NaN,V1_L,V1_L,3,3
"A(4,3)",Mid_x_Run,-0.0333263061221326,0.0667043369617519,NaN,V1_L,IFG_L,4,3
"A(1,4)",Mid_x_Run,0.121152238902836,0.0679807484146618,NaN,IFG_L,vOTC,1,4
"A(2,4)",Mid_x_Run,0.119920164941772,0.0678643565797512,NaN,IFG_L,lOTC,2,4
"A(3,4)",Mid_x_Run,0.0468843879133698,0.0676225392175781,NaN,IFG_L,V1_L,3,4
"A(4,4)",Mid_x_Run,-0.00581550235642469,0.0712990469579455,NaN,IFG_L,IFG_L,4,4
"A(1,1)",Subj_sub_02,0.058032728516933,0.179309932144148,NaN,vOTC,vOTC,1,1
"A(2,1)",Subj_sub_02,-0.178593232359484,0.116090651479497,NaN,vOTC,lOTC,2,1
"A(3,1)",Subj_sub_02,0.00492396548982616,0.130818513592794,NaN,vOTC,V1_L,3,1
"A(4,1)",Subj_sub_02,-0.025828235849735,0.129810291718255,NaN,vOTC,IFG_L,4,1
"A(1,2)",Subj_sub_02,-0.212412988020629,0.138361868594497,NaN,lOTC,vOTC,1,2
"A(2,2)",Subj_sub_02,0.097678857742452,0.170269270781853,NaN,lOTC,lOTC,2,2
"A(3,2)",Subj_sub_02,-0.0250092189471238,0.128700990219353,NaN,lOTC,V1_L,3,2
"A(4,2)",Subj_sub_02,-0.102886888439087,0.13715603409341,NaN,lOTC,IFG_L,4,2
"A(1,3)",Subj_sub_02,0.051998159767453,0.131095632666285,NaN,V1_L,vOTC,1,3
"A(2,3)",Subj_sub_02,-0.00864469549826278,0.124715576272404,NaN,V1_L,lOTC,2,3
"A(3,3)",Subj_sub_02,0.0795431985315816,0.110626519373176,NaN,V1_L,V1_L,3,3
"A(4,3)",Subj_sub_02,-0.00154170979887591,0.108586023306773,NaN,V1_L,IFG_L,4,3
"A(1,4)",Subj_sub_02,-0.10179892062706,0.1020183181902,NaN,IFG_L,vOTC,1,4
"A(2,4)",Subj_sub_02,-0.0866487979861308,0.104176438238099,NaN,IFG_L,lOTC,2,4
"A(3,4)",Subj_sub_02,-0.20318791186478,0.0986716709676567,NaN,IFG_L,V1_L,3,4
"A(4,4)",Subj_sub_02,-0.0646231945426888,0.139386045080069,NaN,IFG_L,IFG_L,4,4
"A(1,1)",Subj_sub_03,0.143702478233689,0.203951734397252,NaN,vOTC,vOTC,1,1
"A(2,1)",Subj_sub_03,-0.171910613134634,0.160228661395903,NaN,vOTC,lOTC,2,1
"A(3,1)",Subj_sub_03,-0.158589893159866,0.168009397191603,NaN,vOTC,V1_L,3,1
"A(4,1)",Subj_sub_03,-0.0152047792004673,0.158489460538235,NaN,vOTC,IFG_L,4,1
"A(1,2)",Subj_sub_03,-0.00797249313955262,0.175559290884008,NaN,lOTC,vOTC,1,2
"A(2,2)",Subj_sub_03,0.0128664899976037,0.203749570725855,NaN,lOTC,lOTC,2,2
"A(3,2)",Subj_sub_03,0.30314863195379,0.161495715711797,NaN,lOTC,V1_L,3,2
"A(4,2)",Subj_sub_03,0.152447788726633,0.174285537094475,NaN,lOTC,IFG_L,4,2
"A(1,3)",Subj_sub_03,0.189729441764696,0.150866288634723,NaN,V1_L,vOTC,1,3
"A(2,3)",Subj_sub_03,0.308756782322978,0.142716654006978,NaN,V1_L,lOTC,2,3
"A(3,3)",Subj_sub_03,-0.268834909309824,0.175731161428736,NaN,V1_L,V1_L,3,3
"A(4,3)",Subj_sub_03,-0.139178443602501,0.124144704243977,NaN,V1_L,IFG_L,4,3
"A(1,4)",Subj_sub_03,0.0495375239220589,0.149972389367926,NaN,IFG_L,vOTC,1,4
"A(2,4)",Subj_sub_03,0.0423658533129796,0.154397630718454,NaN,IFG_L,lOTC,2,4
"A(3,4)",Subj_sub_03,-0.384525475602692,0.133970501551474,NaN,IFG_L,V1_L,3,4
"A(4,4)",Subj_sub_03,0.0161407880011327,0.188751226456201,NaN,IFG_L,IFG_L,4,4
"A(1,1)",Subj_sub_04,-0.117786071676223,0.203681175865017,NaN,vOTC,vOTC,1,1
"A(2,1)",Subj_sub_04,0.0926384118068317,0.158762800820947,NaN,vOTC,lOTC,2,1
"A(3,1)",Subj_sub_04,0.217812184619632,0.163868990780357,NaN,vOTC,V1_L,3,1
"A(4,1)",Subj_sub_04,-0.0878834208104639,0.161211701659137,NaN,vOTC,IFG_L,4,1
"A(1,2)",Subj_sub_04,0.068475324699091,0.180961360810349,NaN,lOTC,vOTC,1,2
"A(2,2)",Subj_sub_04,-0.286450890866886,0.203295162228621,NaN,lOTC,lOTC,2,2
"A(3,2)",Subj_sub_04,0.32258923835675,0.173903617757594,NaN,lOTC,V1_L,3,2
"A(4,2)",Subj_sub_04,0.144900937925769,0.181283219956358,NaN,lOTC,IFG_L,4,2
"A(1,3)",Subj_sub_04,0.501915053786136,0.177697855865503,NaN,V1_L,vOTC,1,3
"A(2,3)",Subj_sub_04,0.415697068555752,0.168400432577255,NaN,V1_L,lOTC,2,3
"A(3,3)",Subj_sub_04,-0.427964538295353,0.189819101604208,NaN,V1_L,V1_L,3,3
"A(4,3)",Subj_sub_04,0.622842126974664,0.160139618476402,NaN,V1_L,IFG_L,4,3
"A(1,4)",Subj_sub_04,-0.805845661808085,0.13420651335443,NaN,IFG_L,vOTC,1,4
"A(2,4)",Subj_sub_04,-0.798480533682567,0.135671644934472,NaN,IFG_L,lOTC,2,4
"A(3,4)",Subj_sub_04,-0.700902767627869,0.131030493529174,NaN,IFG_L,V1_L,3,4
"A(4,4)",Subj_sub_04,0.976935807800552,0.15220026034894,NaN,IFG_L,IFG_L,4,4
"A(1,1)",Subj_sub_05,0.0671893631850711,0.187461929279056,NaN,vOTC,vOTC,1,1
"A(2,1)",Subj_sub_05,-0.151613897370244,0.121396098237089,NaN,vOTC,lOTC,2,1
"A(3,1)",Subj_sub_05,-0.0675185485049784,0.141391768531362,NaN,vOTC,V1_L,3,1
"A(4,1)",Subj_sub_05,-0.0762422785729378,0.141384566315918,NaN,vOTC,IFG_L,4,1
"A(1,2)",Subj_sub_05,-0.182721577707932,0.150519863059074,NaN,lOTC,vOTC,1,2
"A(2,2)",Subj_sub_05,0.0300521457683654,0.183403008953858,NaN,lOTC,lOTC,2,2
"A(3,2)",Subj_sub_05,0.00657776988308678,0.143785188518097,NaN,lOTC,V1_L,3,2
"A(4,2)",Subj_sub_05,-0.0468403726749068,0.152032413981501,NaN,lOTC,IFG_L,4,2
"A(1,3)",Subj_sub_05,-0.114202754934701,0.140924869489917,NaN,V1_L,vOTC,1,3
"A(2,3)",Subj_sub_05,-0.154761791709127,0.138873263487847,NaN,V1_L,lOTC,2,3
"A(3,3)",Subj_sub_05,0.154207332570548,0.136427862418368,NaN,V1_L,V1_L,3,3
"A(4,3)",Subj_sub_05,-0.0892250730695511,0.118830058821475,NaN,V1_L,IFG_L,4,3
"A(1,4)",Subj_sub_05,-0.084971380756332,0.106915929599015,NaN,IFG_L,vOTC,1,4
"A(2,4)",Subj_sub_05,-0.129746251236197,0.108459490538507,NaN,IFG_L,lOTC,2,4
"A(3,4)",Subj_sub_05,-0.163876045370156,0.102855774255622,NaN,IFG_L,V1_L,3,4
"A(4,4)",Subj_sub_05,-0.0174513046936407,0.146469010365887,NaN,IFG_L,IFG_L,4,4
"A(1,1)",Subj_sub_06,0.623074129800886,0.178938429818166,NaN,vOTC,vOTC,1,1
"A(2,1)",Subj_sub_06,-0.527972725598541,0.138373440175802,NaN,vOTC,lOTC,2,1
"A(3,1)",Subj_sub_06,-0.42632992268358,0.14032772035787,NaN,vOTC,V1_L,3,1
"A(4,1)",Subj_sub_06,-0.409956934100419,0.12771525020715,NaN,vOTC,IFG_L,4,1
"A(1,2)",Subj_sub_06,0.383300115461793,0.188790263868831,NaN,lOTC,vOTC,1,2
"A(2,2)",Subj_sub_06,-0.165493049131252,0.205261286701942,NaN,lOTC,lOTC,2,2
"A(3,2)",Subj_sub_06,0.65865199063745,0.166285111714309,NaN,lOTC,V1_L,3,2
"A(4,2)",Subj_sub_06,0.324149541624123,0.185157932763473,NaN,lOTC,IFG_L,4,2
"A(1,3)",Subj_sub_06,0.434179969296675,0.181163210113959,NaN,V1_L,vOTC,1,3
"A(2,3)",Subj_sub_06,0.465915722944578,0.170459632898855,NaN,V1_L,lOTC,2,3
"A(3,3)",Subj_sub_06,-0.20081293875841,0.199468106355452,NaN,V1_L,V1_L,3,3
"A(4,3)",Subj_sub_06,0.277159341864891,0.171498519920517,NaN,V1_L,IFG_L,4,3
"A(1,4)",Subj_sub_06,-0.536459593534411,0.172221569203168,NaN,IFG_L,vOTC,1,4
"A(2,4)",Subj_sub_06,-0.265243335841616,0.186250492033263,NaN,IFG_L,lOTC,2,4
"A(3,4)",Subj_sub_06,-0.237048894497779,0.182809598132445,NaN,IFG_L,V1_L,3,4
"A(4,4)",Subj_sub_06,0.111176655420495,0.205941126651706,NaN,IFG_L,IFG_L,4,4
"A(1,1)",Subj_sub_07,-0.0285208814307278,0.206318092291912,NaN,vOTC,vOTC,1,1
"A(2,1)",Subj_sub_07,0.0855172939821573,0.174662511423568,NaN,vOTC,lOTC,2,1
"A(3,1)",Subj_sub_07,0.0807283616630358,0.175487509784215,NaN,vOTC,V1_L,3,1
"A(4,1)",Subj_sub_07,0.171697370079442,0.174878445410755,NaN,vOTC,IFG_L,4,1
"A(1,2)",Subj_sub_07,0.0380649786035398,0.186278679753807,NaN,lOTC,vOTC,1,2
"A(2,2)",Subj_sub_07,-0.00377390462424492,0.205225029077079,NaN,lOTC,lOTC,2,2
"A(3,2)",Subj_sub_07,0.0692498287987095,0.175372520399168,NaN,lOTC,V1_L,3,2
"A(4,2)",Subj_sub_07,0.12136506392109,0.183645436693926,NaN,lOTC,IFG_L,4,2
"A(1,3)",Subj_sub_07,-0.38030875656302,0.164477966310551,NaN,V1_L,vOTC,1,3
"A(2,3)",Subj_sub_07,-0.37270816107537,0.162602033947329,NaN,V1_L,lOTC,2,3
"A(3,3)",Subj_sub_07,0.279226238648222,0.188176131219827,NaN,V1_L,V1_L,3,3
"A(4,3)",Subj_sub_07,-0.396294712378636,0.152303986655127,NaN,V1_L,IFG_L,4,3
"A(1,4)",Subj_sub_07,0.2411367285364,0.18131415815367,NaN,IFG_L,vOTC,1,4
"A(2,4)",Subj_sub_07,0.167486125939505,0.183673852885729,NaN,IFG_L,lOTC,2,4
"A(3,4)",Subj_sub_07,0.0562725431740007,0.183467437022394,NaN,IFG_L,V1_L,3,4
"A(4,4)",Subj_sub_07,-0.104311714150191,0.205843545389382,NaN,IFG_L,IFG_L,4,4
"A(1,1)",Subj_sub_08,0.0243920890082031,0.175688565424017,NaN,vOTC,vOTC,1,1
"A(2,1)",Subj_sub_08,-0.107529259647767,0.114452847263509,NaN,vOTC,lOTC,2,1
"A(3,1)",Subj_sub_08,-0.0142786647702481,0.12724837649827,NaN,vOTC,V1_L,3,1
"A(4,1)",Subj_sub_08,-0.0273892222019627,0.125769713936884,NaN,vOTC,IFG_L,4,1
"A(1,2)",Subj_sub_08,-0.0741809084634146,0.140758362691567,NaN,lOTC,vOTC,1,2
"A(2,2)",Subj_sub_08,0.0313444740334289,0.165269903799895,NaN,lOTC,lOTC,2,2
"A(3,2)",Subj_sub_08,0.0692179919653681,0.125853452043918,NaN,lOTC,V1_L,3,2
"A(4,2)",Subj_sub_08,0.0107669434962243,0.136246388710107,NaN,lOTC,IFG_L,4,2
"A(1,3)",Subj_sub_08,-0.0609148414980784,0.135667117518905,NaN,V1_L,vOTC,1,3
"A(2,3)",Subj_sub_08,-0.0974967910534259,0.133546009471337,NaN,V1_L,lOTC,2,3
"A(3,3)",Subj_sub_08,0.154893324705868,0.125740981664456,NaN,V1_L,V1_L,3,3
"A(4,3)",Subj_sub_08,-0.041281127488602,0.114055916597497,NaN,V1_L,IFG_L,4,3
"A(1,4)",Subj_sub_08,-0.0628027393112911,0.102858917312682,NaN,IFG_L,vOTC,1,4
"A(2,4)",Subj_sub_08,-0.108504402465809,0.105300681313467,NaN,IFG_L,lOTC,2,4
"A(3,4)",Subj_sub_08,-0.140693746698998,0.0991215893720892,NaN,IFG_L,V1_L,3,4
"A(4,4)",Subj_sub_08,-0.0395227163154021,0.140956908384163,NaN,IFG_L,IFG_L,4,4
"A(1,1)",Subj_sub_09,0.0685677104315495,0.154893715863264,NaN,vOTC,vOTC,1,1
"A(2,1)",Subj_sub_09,-0.170432760537112,0.0983865922435148,NaN,vOTC,lOTC,2,1
"A(3,1)",Subj_sub_09,-0.0327162777959118,0.107210559070419,NaN,vOTC,V1_L,3,1
"A(4,1)",Subj_sub_09,-0.0668807126605234,0.106861241480916,NaN,vOTC,IFG_L,4,1
"A(1,2)",Subj_sub_09,-0.254700169878775,0.122810461148604,NaN,lOTC,vOTC,1,2
"A(2,2)",Subj_sub_09,0.0786307942644519,0.142920575146944,NaN,lOTC,lOTC,2,2
"A(3,2)",Subj_sub_09,-0.0239758802817651,0.105577278337727,NaN,lOTC,V1_L,3,2
"A(4,2)",Subj_sub_09,-0.130990339575652,0.11601835048671,NaN,lOTC,IFG_L,4,2
"A(1,3)",Subj_sub_09,-0.0791923990007931,0.117790981730694,NaN,V1_L,vOTC,1,3
"A(2,3)",Subj_sub_09,-0.151473513622093,0.115762128602572,NaN,V1_L,lOTC,2,3
"A(3,3)",Subj_sub_09,0.138768278116499,0.0950310359115573,NaN,V1_L,V1_L,3,3
"A(4,3)",Subj_sub_09,-0.0886841409446204,0.094930755905553,NaN,V1_L,IFG_L,4,3
"A(1,4)",Subj_sub_09,-0.10495098822995,0.0872499073925001,NaN,IFG_L,vOTC,1,4
"A(2,4)",Subj_sub_09,-0.119812028519835,0.08820863670828,NaN,IFG_L,lOTC,2,4
"A(3,4)",Subj_sub_09,-0.200569979655499,0.0827694825280227,NaN,IFG_L,V1_L,3,4
"A(4,4)",Subj_sub_09,-0.0584507212544043,0.108768450755882,NaN,IFG_L,IFG_L,4,4
"A(1,1)",Subj_sub_10,0.0709345806159894,0.138748425365322,NaN,vOTC,vOTC,1,1
"A(2,1)",Subj_sub_10,-0.152187082985169,0.0907612949456092,NaN,vOTC,lOTC,2,1
"A(3,1)",Subj_sub_10,-0.0181891370290766,0.0970250353120673,NaN,vOTC,V1_L,3,1
"A(4,1)",Subj_sub_10,-0.0522292355407902,0.0964204737305242,NaN,vOTC,IFG_L,4,1
"A(1,2)",Subj_sub_10,-0.231503384213408,0.117235267750212,NaN,lOTC,vOTC,1,2
"A(2,2)",Subj_sub_10,0.111275873447589,0.120617117123184,NaN,lOTC,lOTC,2,2
"A(3,2)",Subj_sub_10,-0.0400761061022305,0.0960736542079631,NaN,lOTC,V1_L,3,2
"A(4,2)",Subj_sub_10,-0.140531608803699,0.107385757967711,NaN,lOTC,IFG_L,4,2
"A(1,3)",Subj_sub_10,-0.0476434646961873,0.117050467624287,NaN,V1_L,vOTC,1,3
"A(2,3)",Subj_sub_10,-0.10915783015766,0.115105084014637,NaN,V1_L,lOTC,2,3
"A(3,3)",Subj_sub_10,0.120688335822397,0.0939437216123645,NaN,V1_L,V1_L,3,3
"A(4,3)",Subj_sub_10,-0.0708229599402852,0.0946005214755865,NaN,V1_L,IFG_L,4,3
"A(1,4)",Subj_sub_10,-0.0976760675293895,0.0846151320479361,NaN,IFG_L,vOTC,1,4
"A(2,4)",Subj_sub_10,-0.117312505999791,0.085512211710715,NaN,IFG_L,lOTC,2,4
"A(3,4)",Subj_sub_10,-0.193436944243175,0.0798791233379567,NaN,IFG_L,V1_L,3,4
"A(4,4)",Subj_sub_10,-0.0741103722256648,0.100968297394343,NaN,IFG_L,IFG_L,4,4
"A(1,1)",Subj_sub_11,0.157399687990006,0.201202741492479,NaN,vOTC,vOTC,1,1
"A(2,1)",Subj_sub_11,-0.139261289792242,0.155220193825564,NaN,vOTC,lOTC,2,1
"A(3,1)",Subj_sub_11,-0.100282989160271,0.159851490936232,NaN,vOTC,V1_L,3,1
"A(4,1)",Subj_sub_11,-0.348160237314767,0.132458725794978,NaN,vOTC,IFG_L,4,1
"A(1,2)",Subj_sub_11,0.510624174756127,0.177195819341876,NaN,lOTC,vOTC,1,2
"A(2,2)",Subj_sub_11,-0.372215969850548,0.203154078337587,NaN,lOTC,lOTC,2,2
"A(3,2)",Subj_sub_11,0.733306077714476,0.156609490389472,NaN,lOTC,V1_L,3,2
"A(4,2)",Subj_sub_11,0.43779291901498,0.167117915921351,NaN,lOTC,IFG_L,4,2
"A(1,3)",Subj_sub_11,0.504541221175926,0.187557404367607,NaN,V1_L,vOTC,1,3
"A(2,3)",Subj_sub_11,0.705804811306316,0.169728508949374,NaN,V1_L,lOTC,2,3
"A(3,3)",Subj_sub_11,-0.136885339801967,0.200984461868323,NaN,V1_L,V1_L,3,3
"A(4,3)",Subj_sub_11,0.50435332897251,0.170421846902154,NaN,V1_L,IFG_L,4,3
"A(1,4)",Subj_sub_11,-0.685043406817856,0.137070308974748,NaN,IFG_L,vOTC,1,4
"A(2,4)",Subj_sub_11,-0.613418075619001,0.15323624516264,NaN,IFG_L,lOTC,2,4
"A(3,4)",Subj_sub_11,-0.535331884455745,0.152119312903006,NaN,IFG_L,V1_L,3,4
"A(4,4)",Subj_sub_11,0.320976459188553,0.191348540148437,NaN,IFG_L,IFG_L,4,4
"A(1,1)",Subj_sub_12,-0.298410354799768,0.180393497887337,NaN,vOTC,vOTC,1,1
"A(2,1)",Subj_sub_12,-0.295003966759553,0.133774357399492,NaN,vOTC,lOTC,2,1
"A(3,1)",Subj_sub_12,-0.116662487930602,0.137161940470921,NaN,vOTC,V1_L,3,1
"A(4,1)",Subj_sub_12,-0.479464400034601,0.117724418261005,NaN,vOTC,IFG_L,4,1
"A(1,2)",Subj_sub_12,0.460466525455548,0.168991525666559,NaN,lOTC,vOTC,1,2
"A(2,2)",Subj_sub_12,-0.982101514428346,0.186711221145145,NaN,lOTC,lOTC,2,2
"A(3,2)",Subj_sub_12,0.766596588230438,0.143500238076409,NaN,lOTC,V1_L,3,2
"A(4,2)",Subj_sub_12,0.729110209251161,0.161136267866635,NaN,lOTC,IFG_L,4,2
"A(1,3)",Subj_sub_12,-0.0220360798261634,0.171102189265033,NaN,V1_L,vOTC,1,3
"A(2,3)",Subj_sub_12,0.435652876699513,0.152032289185262,NaN,V1_L,lOTC,2,3
"A(3,3)",Subj_sub_12,-0.386355488452145,0.192657539711407,NaN,V1_L,V1_L,3,3
"A(4,3)",Subj_sub_12,0.0706935904312929,0.156625210230712,NaN,V1_L,IFG_L,4,3
"A(1,4)",Subj_sub_12,-0.535511797972324,0.151489567283489,NaN,IFG_L,vOTC,1,4
"A(2,4)",Subj_sub_12,-0.498671609261825,0.152906442869898,NaN,IFG_L,lOTC,2,4
"A(3,4)",Subj_sub_12,-0.711632723347355,0.159423269974512,NaN,IFG_L,V1_L,3,4
"A(4,4)",Subj_sub_12,-0.0031377558443893,0.192579544314817,NaN,IFG_L,IFG_L,4,4
"A(1,1)",Subj_sub_14,-0.0442662350335624,0.207810560529485,NaN,vOTC,vOTC,1,1
"A(2,1)",Subj_sub_14,0.182061904451213,0.174644274795935,NaN,vOTC,lOTC,2,1
"A(3,1)",Subj_sub_14,0.147050476576203,0.175723290842927,NaN,vOTC,V1_L,3,1
"A(4,1)",Subj_sub_14,0.154561124497741,0.180837945130679,NaN,vOTC,IFG_L,4,1
"A(1,2)",Subj_sub_14,0.296060673081489,0.186233432310532,NaN,lOTC,vOTC,1,2
"A(2,2)",Subj_sub_14,-0.144786466007975,0.205613065318755,NaN,lOTC,lOTC,2,2
"A(3,2)",Subj_sub_14,0.304395275791258,0.18092259943877,NaN,lOTC,V1_L,3,2
"A(4,2)",Subj_sub_14,0.336694926083792,0.182924312990167,NaN,lOTC,IFG_L,4,2
"A(1,3)",Subj_sub_14,-0.292646382111754,0.155462026902215,NaN,V1_L,vOTC,1,3
"A(2,3)",Subj_sub_14,-0.305010847053874,0.153023136738143,NaN,V1_L,lOTC,2,3
"A(3,3)",Subj_sub_14,0.250447963435196,0.162407596487325,NaN,V1_L,V1_L,3,3
"A(4,3)",Subj_sub_14,-0.37150820899056,0.137027629044148,NaN,V1_L,IFG_L,4,3
"A(1,4)",Subj_sub_14,-0.038595603202863,0.19068540003594,NaN,IFG_L,vOTC,1,4
"A(2,4)",Subj_sub_14,-0.0295959512596874,0.185247335050556,NaN,IFG_L,lOTC,2,4
"A(3,4)",Subj_sub_14,-0.0271573804291139,0.182530638864911,NaN,IFG_L,V1_L,3,4
"A(4,4)",Subj_sub_14,0.0156475462366876,0.208785203517873,NaN,IFG_L,IFG_L,4,4
"A(1,1)",Subj_sub_15,-0.0313864051964373,0.205296616732655,NaN,vOTC,vOTC,1,1
"A(2,1)",Subj_sub_15,0.23883798528506,0.16444956730446,NaN,vOTC,lOTC,2,1
"A(3,1)",Subj_sub_15,0.18981948252746,0.173941305984745,NaN,vOTC,V1_L,3,1
"A(4,1)",Subj_sub_15,0.145686388322626,0.175367784648592,NaN,vOTC,IFG_L,4,1
"A(1,2)",Subj_sub_15,0.36156001808641,0.174196846441279,NaN,lOTC,vOTC,1,2
"A(2,2)",Subj_sub_15,-0.154700478544796,0.20225779744741,NaN,lOTC,lOTC,2,2
"A(3,2)",Subj_sub_15,0.367370162769647,0.17186667343622,NaN,lOTC,V1_L,3,2
"A(4,2)",Subj_sub_15,0.400167708606131,0.17332760412507,NaN,lOTC,IFG_L,4,2
"A(1,3)",Subj_sub_15,0.153929932098428,0.181191156037487,NaN,V1_L,vOTC,1,3
"A(2,3)",Subj_sub_15,0.16135516226143,0.181098913084321,NaN,V1_L,lOTC,2,3
"A(3,3)",Subj_sub_15,-0.0410851296772459,0.199626582991678,NaN,V1_L,V1_L,3,3
"A(4,3)",Subj_sub_15,-0.0815480537613164,0.167960401322648,NaN,V1_L,IFG_L,4,3
"A(1,4)",Subj_sub_15,-0.72490812671288,0.15747563185282,NaN,IFG_L,vOTC,1,4
"A(2,4)",Subj_sub_15,-0.708351008032872,0.155578462387127,NaN,IFG_L,lOTC,2,4
"A(3,4)",Subj_sub_15,-0.597395253274935,0.151304426277501,NaN,IFG_L,V1_L,3,4
"A(4,4)",Subj_sub_15,0.745275317587363,0.181711773150547,NaN,IFG_L,IFG_L,4,4
"A(1,1)",Subj_sub_16,0.0545800230558351,0.167515957743611,NaN,vOTC,vOTC,1,1
"A(2,1)",Subj_sub_16,-0.241131533048155,0.110833465172535,NaN,vOTC,lOTC,2,1
"A(3,1)",Subj_sub_16,0.164227567855042,0.119607909883921,NaN,vOTC,V1_L,3,1
"A(4,1)",Subj_sub_16,-0.380082840459726,0.112644049306391,NaN,vOTC,IFG_L,4,1
"A(1,2)",Subj_sub_16,0.335125318377931,0.135552030395398,NaN,lOTC,vOTC,1,2
"A(2,2)",Subj_sub_16,-0.156027632584199,0.166283234998443,NaN,lOTC,lOTC,2,2
"A(3,2)",Subj_sub_16,0.105985566777482,0.12566483924458,NaN,lOTC,V1_L,3,2
"A(4,2)",Subj_sub_16,0.444538245198242,0.128569871293086,NaN,lOTC,IFG_L,4,2
"A(1,3)",Subj_sub_16,-0.358500086340601,0.118210628121226,NaN,V1_L,vOTC,1,3
"A(2,3)",Subj_sub_16,-0.253831813182203,0.117492185130656,NaN,V1_L,lOTC,2,3
"A(3,3)",Subj_sub_16,0.227986529523488,0.108330717952449,NaN,V1_L,V1_L,3,3
"A(4,3)",Subj_sub_16,-0.207193952404448,0.0970015967864366,NaN,V1_L,IFG_L,4,3
"A(1,4)",Subj_sub_16,-0.0683722608262008,0.0989520338458236,NaN,IFG_L,vOTC,1,4
"A(2,4)",Subj_sub_16,0.101931845106205,0.100357026363903,NaN,IFG_L,lOTC,2,4
"A(3,4)",Subj_sub_16,-0.242080743980185,0.0954224135059607,NaN,IFG_L,V1_L,3,4
"A(4,4)",Subj_sub_16,-0.216460359103176,0.133110642748772,NaN,IFG_L,IFG_L,4,4
"A(1,1)",Subj_sub_17,-0.141064977202302,0.201397710313257,NaN,vOTC,vOTC,1,1
"A(2,1)",Subj_sub_17,0.279507809525611,0.158704669144824,NaN,vOTC,lOTC,2,1
"A(3,1)",Subj_sub_17,0.231891705656526,0.16349587647443,NaN,vOTC,V1_L,3,1
"A(4,1)",Subj_sub_17,0.413065748341004,0.162900786566269,NaN,vOTC,IFG_L,4,1
"A(1,2)",Subj_sub_17,-0.00184899879784639,0.174156594721695,NaN,lOTC,vOTC,1,2
"A(2,2)",Subj_sub_17,0.0322683208705413,0.201722676754708,NaN,lOTC,lOTC,2,2
"A(3,2)",Subj_sub_17,0.0723814516498538,0.171840916324574,NaN,lOTC,V1_L,3,2
"A(4,2)",Subj_sub_17,-0.245057881899352,0.163199956520063,NaN,lOTC,IFG_L,4,2
"A(1,3)",Subj_sub_17,0.468989305490936,0.169319177704988,NaN,V1_L,vOTC,1,3
"A(2,3)",Subj_sub_17,0.398911903946304,0.167349453519424,NaN,V1_L,lOTC,2,3
"A(3,3)",Subj_sub_17,-0.260176400653891,0.18648376915159,NaN,V1_L,V1_L,3,3
"A(4,3)",Subj_sub_17,0.462348403947146,0.157555305928697,NaN,V1_L,IFG_L,4,3
"A(1,4)",Subj_sub_17,-0.639073830904667,0.160835301206856,NaN,IFG_L,vOTC,1,4
"A(2,4)",Subj_sub_17,-0.577878656323417,0.15423224440491,NaN,IFG_L,lOTC,2,4
"A(3,4)",Subj_sub_17,-0.543735201729286,0.158110789327571,NaN,IFG_L,V1_L,3,4
"A(4,4)",Subj_sub_17,0.605438476487176,0.192263244720103,NaN,IFG_L,IFG_L,4,4
"A(1,1)",Subj_sub_19,-0.0732892461746149,0.205352179061736,NaN,vOTC,vOTC,1,1
"A(2,1)",Subj_sub_19,0.272759810991194,0.165570134235102,NaN,vOTC,lOTC,2,1
"A(3,1)",Subj_sub_19,0.219704843913733,0.175610921926832,NaN,vOTC,V1_L,3,1
"A(4,1)",Subj_sub_19,0.231207763932384,0.176305167287828,NaN,vOTC,IFG_L,4,1
"A(1,2)",Subj_sub_19,0.291984820758574,0.175001076503322,NaN,lOTC,vOTC,1,2
"A(2,2)",Subj_sub_19,-0.11732883475699,0.20277953117639,NaN,lOTC,lOTC,2,2
"A(3,2)",Subj_sub_19,0.304074181143459,0.173837683243249,NaN,lOTC,V1_L,3,2
"A(4,2)",Subj_sub_19,0.21545939214155,0.176813293483396,NaN,lOTC,IFG_L,4,2
"A(1,3)",Subj_sub_19,0.0888398978968952,0.185249976876161,NaN,V1_L,vOTC,1,3
"A(2,3)",Subj_sub_19,0.108160782407059,0.184262439636903,NaN,V1_L,lOTC,2,3
"A(3,3)",Subj_sub_19,0.0304548581361903,0.200474436231273,NaN,V1_L,V1_L,3,3
"A(4,3)",Subj_sub_19,-0.0572219069613658,0.172620842399749,NaN,V1_L,IFG_L,4,3
"A(1,4)",Subj_sub_19,-0.660014814785155,0.159936409814017,NaN,IFG_L,vOTC,1,4
"A(2,4)",Subj_sub_19,-0.590129471610652,0.15848938340336,NaN,IFG_L,lOTC,2,4
"A(3,4)",Subj_sub_19,-0.577747558379653,0.155209850799065,NaN,IFG_L,V1_L,3,4
"A(4,4)",Subj_sub_19,0.634160530325511,0.1918908434238,NaN,IFG_L,IFG_L,4,4
"A(1,1)",Subj_sub_20,0.188212639941357,0.196619749007257,NaN,vOTC,vOTC,1,1
"A(2,1)",Subj_sub_20,-0.252203170146345,0.151982553265861,NaN,vOTC,lOTC,2,1
"A(3,1)",Subj_sub_20,-0.0756897460772082,0.147475015891338,NaN,vOTC,V1_L,3,1
"A(4,1)",Subj_sub_20,-0.521282326751713,0.131035883305923,NaN,vOTC,IFG_L,4,1
"A(1,2)",Subj_sub_20,0.0534192751140279,0.178920943605442,NaN,lOTC,vOTC,1,2
"A(2,2)",Subj_sub_20,-0.15171434756846,0.200628512738999,NaN,lOTC,lOTC,2,2
"A(3,2)",Subj_sub_20,0.520281327646421,0.15385252304913,NaN,lOTC,V1_L,3,2
"A(4,2)",Subj_sub_20,0.373922760003971,0.168821055814973,NaN,lOTC,IFG_L,4,2
"A(1,3)",Subj_sub_20,0.322792196905036,0.174837332551973,NaN,V1_L,vOTC,1,3
"A(2,3)",Subj_sub_20,0.705154032632034,0.164378252022616,NaN,V1_L,lOTC,2,3
"A(3,3)",Subj_sub_20,-0.312125240141233,0.196241140064903,NaN,V1_L,V1_L,3,3
"A(4,3)",Subj_sub_20,0.423059039591418,0.161747332663301,NaN,V1_L,IFG_L,4,3
"A(1,4)",Subj_sub_20,-0.378026503594748,0.156134448039546,NaN,IFG_L,vOTC,1,4
"A(2,4)",Subj_sub_20,-0.582560832842264,0.170592161192213,NaN,IFG_L,lOTC,2,4
"A(3,4)",Subj_sub_20,-0.672422853674908,0.170920191748236,NaN,IFG_L,V1_L,3,4
"A(4,4)",Subj_sub_20,0.124852010557008,0.20291373677164,NaN,IFG_L,IFG_L,4,4
"A(1,1)",Subj_sub_21,0.216162174705428,0.190871528259161,NaN,vOTC,vOTC,1,1
"A(2,1)",Subj_sub_21,-0.346234121371764,0.14610620143003,NaN,vOTC,lOTC,2,1
"A(3,1)",Subj_sub_21,-0.298662368477186,0.146989406956039,NaN,vOTC,V1_L,3,1
"A(4,1)",Subj_sub_21,-0.433198073270871,0.124911308867586,NaN,vOTC,IFG_L,4,1
"A(1,2)",Subj_sub_21,0.283612667191002,0.17968515700671,NaN,lOTC,vOTC,1,2
"A(2,2)",Subj_sub_21,-0.246360463254353,0.203835566346643,NaN,lOTC,lOTC,2,2
"A(3,2)",Subj_sub_21,0.796078426390712,0.152294757645177,NaN,lOTC,V1_L,3,2
"A(4,2)",Subj_sub_21,0.453090994012764,0.1733698686226,NaN,lOTC,IFG_L,4,2
"A(1,3)",Subj_sub_21,0.449683325936067,0.17524433556633,NaN,V1_L,vOTC,1,3
"A(2,3)",Subj_sub_21,0.826257974423496,0.160904150858161,NaN,V1_L,lOTC,2,3
"A(3,3)",Subj_sub_21,-0.300986550241315,0.198473455323766,NaN,V1_L,V1_L,3,3
"A(4,3)",Subj_sub_21,0.533495836724872,0.160855684891536,NaN,V1_L,IFG_L,4,3
"A(1,4)",Subj_sub_21,-0.635786152381356,0.136857869634905,NaN,IFG_L,vOTC,1,4
"A(2,4)",Subj_sub_21,-0.569494867637166,0.148858945818176,NaN,IFG_L,lOTC,2,4
"A(3,4)",Subj_sub_21,-0.612147562819015,0.140330305601409,NaN,IFG_L,V1_L,3,4
"A(4,4)",Subj_sub_21,0.540997370645573,0.177475826314887,NaN,IFG_L,IFG_L,4,4
"A(1,1)",Subj_sub_22,0.138998445898236,0.204731507617263,NaN,vOTC,vOTC,1,1
"A(2,1)",Subj_sub_22,-0.167009454047802,0.17113838975362,NaN,vOTC,lOTC,2,1
"A(3,1)",Subj_sub_22,-0.0352134678490865,0.172707383451707,NaN,vOTC,V1_L,3,1
"A(4,1)",Subj_sub_22,-0.315714260296515,0.159744073926846,NaN,vOTC,IFG_L,4,1
"A(1,2)",Subj_sub_22,0.0975841788799117,0.191158661631265,NaN,lOTC,vOTC,1,2
"A(2,2)",Subj_sub_22,-0.0706717538703177,0.206226421590364,NaN,lOTC,lOTC,2,2
"A(3,2)",Subj_sub_22,0.391670561093111,0.175686580198031,NaN,lOTC,V1_L,3,2
"A(4,2)",Subj_sub_22,0.223571473080832,0.186662302896384,NaN,lOTC,IFG_L,4,2
"A(1,3)",Subj_sub_22,0.312156835734098,0.188867112189167,NaN,V1_L,vOTC,1,3
"A(2,3)",Subj_sub_22,0.421902630710872,0.180501808254578,NaN,V1_L,lOTC,2,3
"A(3,3)",Subj_sub_22,-0.174266199420692,0.200981310898349,NaN,V1_L,V1_L,3,3
"A(4,3)",Subj_sub_22,0.358048950574773,0.172928388241352,NaN,V1_L,IFG_L,4,3
"A(1,4)",Subj_sub_22,-0.558945267787166,0.16985141219192,NaN,IFG_L,vOTC,1,4
"A(2,4)",Subj_sub_22,-0.533984647477999,0.174180064343233,NaN,IFG_L,lOTC,2,4
"A(3,4)",Subj_sub_22,-0.563994227661304,0.169845035467872,NaN,IFG_L,V1_L,3,4
"A(4,4)",Subj_sub_22,0.358839897016794,0.198848175213782,NaN,IFG_L,IFG_L,4,4
"A(1,1)",Subj_sub_23,-0.159936995989486,0.182682651596952,NaN,vOTC,vOTC,1,1
"A(2,1)",Subj_sub_23,0.200449170244275,0.116414932502924,NaN,vOTC,lOTC,2,1
"A(3,1)",Subj_sub_23,0.0752808744290324,0.129295283915459,NaN,vOTC,V1_L,3,1
"A(4,1)",Subj_sub_23,0.131307735050786,0.1332085967959,NaN,vOTC,IFG_L,4,1
"A(1,2)",Subj_sub_23,0.219206680626321,0.13586300099232,NaN,lOTC,vOTC,1,2
"A(2,2)",Subj_sub_23,0.0661710972546309,0.174600909555326,NaN,lOTC,lOTC,2,2
"A(3,2)",Subj_sub_23,0.078634309644103,0.13153166836968,NaN,lOTC,V1_L,3,2
"A(4,2)",Subj_sub_23,0.298631172351188,0.137760150324254,NaN,lOTC,IFG_L,4,2
"A(1,3)",Subj_sub_23,-0.188283421402592,0.128355804464406,NaN,V1_L,vOTC,1,3
"A(2,3)",Subj_sub_23,-0.230041308364066,0.126986199250159,NaN,V1_L,lOTC,2,3
"A(3,3)",Subj_sub_23,-0.248437382732593,0.135044635631459,NaN,V1_L,V1_L,3,3
"A(4,3)",Subj_sub_23,-0.498433641863398,0.105373228965515,NaN,V1_L,IFG_L,4,3
"A(1,4)",Subj_sub_23,-0.422393071726983,0.105412654289558,NaN,IFG_L,vOTC,1,4
"A(2,4)",Subj_sub_23,-0.339225748145695,0.105678574144665,NaN,IFG_L,lOTC,2,4
"A(3,4)",Subj_sub_23,-0.388288573781432,0.0854097680534726,NaN,IFG_L,V1_L,3,4
"A(4,4)",Subj_sub_23,-0.419032601532745,0.141228792346946,NaN,IFG_L,IFG_L,4,4
"A(1,1)",Subj_sub_24,0.111766064458086,0.174900174531762,NaN,vOTC,vOTC,1,1
"A(2,1)",Subj_sub_24,-0.221248585792318,0.111785515163273,NaN,vOTC,lOTC,2,1
"A(3,1)",Subj_sub_24,-0.151249814667392,0.122854634896091,NaN,vOTC,V1_L,3,1
"A(4,1)",Subj_sub_24,-0.165485493816422,0.124432319220306,NaN,vOTC,IFG_L,4,1
"A(1,2)",Subj_sub_24,-0.151934590491829,0.136796955788271,NaN,lOTC,vOTC,1,2
"A(2,2)",Subj_sub_24,-0.00329176632857815,0.164585755454654,NaN,lOTC,lOTC,2,2
"A(3,2)",Subj_sub_24,0.0882945818262928,0.124649345087482,NaN,lOTC,V1_L,3,2
"A(4,2)",Subj_sub_24,-0.0167282186335686,0.134156024769587,NaN,lOTC,IFG_L,4,2
"A(1,3)",Subj_sub_24,-0.00405239136348011,0.132621623150611,NaN,V1_L,vOTC,1,3
"A(2,3)",Subj_sub_24,-0.00382770676129765,0.127045489096915,NaN,V1_L,lOTC,2,3
"A(3,3)",Subj_sub_24,0.115038366962065,0.11753083484047,NaN,V1_L,V1_L,3,3
"A(4,3)",Subj_sub_24,0.00420730964693327,0.110275986421958,NaN,V1_L,IFG_L,4,3
"A(1,4)",Subj_sub_24,-0.0661382440073676,0.0976586689190427,NaN,IFG_L,vOTC,1,4
"A(2,4)",Subj_sub_24,-0.100442112641657,0.0992703409058845,NaN,IFG_L,lOTC,2,4
"A(3,4)",Subj_sub_24,-0.131081455094725,0.0925475768393354,NaN,IFG_L,V1_L,3,4
"A(4,4)",Subj_sub_24,-0.0682844285090437,0.128353187888176,NaN,IFG_L,IFG_L,4,4
"A(1,1)",Subj_sub_25,0.0956522586098409,0.177249300630211,NaN,vOTC,vOTC,1,1
"A(2,1)",Subj_sub_25,-0.267779332545794,0.116426880831827,NaN,vOTC,lOTC,2,1
"A(3,1)",Subj_sub_25,0.01381738154682,0.125498252721957,NaN,vOTC,V1_L,3,1
"A(4,1)",Subj_sub_25,-0.399416573895388,0.124659567827003,NaN,vOTC,IFG_L,4,1
"A(1,2)",Subj_sub_25,0.151793679596267,0.134666003012489,NaN,lOTC,vOTC,1,2
"A(2,2)",Subj_sub_25,-0.301814888923664,0.160158519709261,NaN,lOTC,lOTC,2,2
"A(3,2)",Subj_sub_25,0.229096331671379,0.122297187531791,NaN,lOTC,V1_L,3,2
"A(4,2)",Subj_sub_25,0.216408948759389,0.125914283677677,NaN,lOTC,IFG_L,4,2
"A(1,3)",Subj_sub_25,-0.0769404588285593,0.127711325576675,NaN,V1_L,vOTC,1,3
"A(2,3)",Subj_sub_25,0.0632609512386597,0.122313077474137,NaN,V1_L,lOTC,2,3
"A(3,3)",Subj_sub_25,0.146068858167597,0.127536860060354,NaN,V1_L,V1_L,3,3
"A(4,3)",Subj_sub_25,-0.0896138038247064,0.108495018583564,NaN,V1_L,IFG_L,4,3
"A(1,4)",Subj_sub_25,-0.0777108114883237,0.0984209161165354,NaN,IFG_L,vOTC,1,4
"A(2,4)",Subj_sub_25,-0.0793846300345564,0.0987045294942686,NaN,IFG_L,lOTC,2,4
"A(3,4)",Subj_sub_25,-0.199489502497409,0.0950831773026363,NaN,IFG_L,V1_L,3,4
"A(4,4)",Subj_sub_25,-0.415637325064803,0.130537139078329,NaN,IFG_L,IFG_L,4,4
"A(1,1)",Subj_sub_26,-0.0954254720461595,0.169824061872984,NaN,vOTC,vOTC,1,1
"A(2,1)",Subj_sub_26,-0.168146075271112,0.106547414604305,NaN,vOTC,lOTC,2,1
"A(3,1)",Subj_sub_26,-0.0915136050134338,0.120988284090781,NaN,vOTC,V1_L,3,1
"A(4,1)",Subj_sub_26,-0.0636048286668853,0.120499079366827,NaN,vOTC,IFG_L,4,1
"A(1,2)",Subj_sub_26,-0.227131980816095,0.130136980570459,NaN,lOTC,vOTC,1,2
"A(2,2)",Subj_sub_26,-0.0677172681436359,0.165084689378145,NaN,lOTC,lOTC,2,2
"A(3,2)",Subj_sub_26,-0.0903585131502564,0.121614706607693,NaN,lOTC,V1_L,3,2
"A(4,2)",Subj_sub_26,-0.0128422370534537,0.12937141443043,NaN,lOTC,IFG_L,4,2
"A(1,3)",Subj_sub_26,0.206166790732094,0.124014455575597,NaN,V1_L,vOTC,1,3
"A(2,3)",Subj_sub_26,0.200888397892902,0.123008766596364,NaN,V1_L,lOTC,2,3
"A(3,3)",Subj_sub_26,-0.0759830387097368,0.107661241068185,NaN,V1_L,V1_L,3,3
"A(4,3)",Subj_sub_26,0.0701033591098268,0.102229122400244,NaN,V1_L,IFG_L,4,3
"A(1,4)",Subj_sub_26,-0.0990511285775517,0.0967566024334301,NaN,IFG_L,vOTC,1,4
"A(2,4)",Subj_sub_26,-0.119835313797408,0.0974452028603821,NaN,IFG_L,lOTC,2,4
"A(3,4)",Subj_sub_26,-0.16168225283165,0.0907678665619391,NaN,IFG_L,V1_L,3,4
"A(4,4)",Subj_sub_26,-0.125912946184389,0.126570623250781,NaN,IFG_L,IFG_L,4,4
"A(1,1)",Subj_sub_27,-0.114171751340688,0.169898936583096,NaN,vOTC,vOTC,1,1
"A(2,1)",Subj_sub_27,-0.0974340017684926,0.108656277735028,NaN,vOTC,lOTC,2,1
"A(3,1)",Subj_sub_27,0.238512725029623,0.114974796481721,NaN,vOTC,V1_L,3,1
"A(4,1)",Subj_sub_27,0.142521001170968,0.116582324783753,NaN,vOTC,IFG_L,4,1
"A(1,2)",Subj_sub_27,-0.29570836396464,0.129153800013893,NaN,lOTC,vOTC,1,2
"A(2,2)",Subj_sub_27,0.161257561596626,0.157011621596594,NaN,lOTC,lOTC,2,2
"A(3,2)",Subj_sub_27,-0.218114537401879,0.111923073420078,NaN,lOTC,V1_L,3,2
"A(4,2)",Subj_sub_27,-0.222661416799313,0.11988816236329,NaN,lOTC,IFG_L,4,2
"A(1,3)",Subj_sub_27,0.407752362418061,0.128167115854725,NaN,V1_L,vOTC,1,3
"A(2,3)",Subj_sub_27,0.189000343993859,0.12840015296458,NaN,V1_L,lOTC,2,3
"A(3,3)",Subj_sub_27,-0.000868663452287083,0.110694616049813,NaN,V1_L,V1_L,3,3
"A(4,3)",Subj_sub_27,0.177307210912752,0.105917930569721,NaN,V1_L,IFG_L,4,3
"A(1,4)",Subj_sub_27,-0.188665743385052,0.100617304594354,NaN,IFG_L,vOTC,1,4
"A(2,4)",Subj_sub_27,-0.10552953094483,0.0996535040774631,NaN,IFG_L,lOTC,2,4
"A(3,4)",Subj_sub_27,-0.327235485118957,0.0962500561096391,NaN,IFG_L,V1_L,3,4
"A(4,4)",Subj_sub_27,0.0226653540808874,0.136078274722045,NaN,IFG_L,IFG_L,4,4
"A(1,1)",Subj_sub_28,-0.177217667763314,0.179690543645693,NaN,vOTC,vOTC,1,1
"A(2,1)",Subj_sub_28,-0.0529720222170183,0.112571508339816,NaN,vOTC,lOTC,2,1
"A(3,1)",Subj_sub_28,-0.0177969211234849,0.131802919125497,NaN,vOTC,V1_L,3,1
"A(4,1)",Subj_sub_28,0.00662673675135185,0.130450474794399,NaN,vOTC,IFG_L,4,1
"A(1,2)",Subj_sub_28,-0.00422800068719163,0.134466668540674,NaN,lOTC,vOTC,1,2
"A(2,2)",Subj_sub_28,-0.0660662041706172,0.171479773227654,NaN,lOTC,lOTC,2,2
"A(3,2)",Subj_sub_28,0.0618974755932545,0.128771909912781,NaN,lOTC,V1_L,3,2
"A(4,2)",Subj_sub_28,0.0720259135841558,0.137402308512792,NaN,lOTC,IFG_L,4,2
"A(1,3)",Subj_sub_28,-0.175640155818681,0.132685134103582,NaN,V1_L,vOTC,1,3
"A(2,3)",Subj_sub_28,-0.102357078097335,0.127959009362556,NaN,V1_L,lOTC,2,3
"A(3,3)",Subj_sub_28,0.178833263653145,0.113920761126771,NaN,V1_L,V1_L,3,3
"A(4,3)",Subj_sub_28,-0.0642750942909286,0.109095564112911,NaN,V1_L,IFG_L,4,3
"A(1,4)",Subj_sub_28,-0.203861148301249,0.0996798644571179,NaN,IFG_L,vOTC,1,4
"A(2,4)",Subj_sub_28,-0.221144326634858,0.101648850770441,NaN,IFG_L,lOTC,2,4
"A(3,4)",Subj_sub_28,-0.188303377794842,0.0956233201470243,NaN,IFG_L,V1_L,3,4
"A(4,4)",Subj_sub_28,0.00132966972916756,0.13591744872269,NaN,IFG_L,IFG_L,4,4
"A(1,1)",Subj_sub_29,0.538833104098246,0.171568080861195,NaN,vOTC,vOTC,1,1
"A(2,1)",Subj_sub_29,-0.550202510212567,0.132988376730417,NaN,vOTC,lOTC,2,1
"A(3,1)",Subj_sub_29,-0.358425323830907,0.134232241925402,NaN,vOTC,V1_L,3,1
"A(4,1)",Subj_sub_29,-0.486673434786239,0.128439753991986,NaN,vOTC,IFG_L,4,1
"A(1,2)",Subj_sub_29,0.157087920483415,0.183707972269197,NaN,lOTC,vOTC,1,2
"A(2,2)",Subj_sub_29,-0.138053840616052,0.204836078156086,NaN,lOTC,lOTC,2,2
"A(3,2)",Subj_sub_29,0.493331245476912,0.169232928349212,NaN,lOTC,V1_L,3,2
"A(4,2)",Subj_sub_29,0.297969850036551,0.178593783847588,NaN,lOTC,IFG_L,4,2
"A(1,3)",Subj_sub_29,0.328787693071917,0.184620094021798,NaN,V1_L,vOTC,1,3
"A(2,3)",Subj_sub_29,0.487778910873487,0.175359920076333,NaN,V1_L,lOTC,2,3
"A(3,3)",Subj_sub_29,-0.176772248291869,0.200300643638581,NaN,V1_L,V1_L,3,3
"A(4,3)",Subj_sub_29,0.349885195100844,0.173499483420082,NaN,V1_L,IFG_L,4,3
"A(1,4)",Subj_sub_29,-0.308663502056519,0.152301261247456,NaN,IFG_L,vOTC,1,4
"A(2,4)",Subj_sub_29,-0.162040620357489,0.148077253343452,NaN,IFG_L,lOTC,2,4
"A(3,4)",Subj_sub_29,-0.261227300250428,0.141301749839936,NaN,IFG_L,V1_L,3,4
"A(4,4)",Subj_sub_29,0.136310513301214,0.183544491414469,NaN,IFG_L,IFG_L,4,4
"A(1,1)",Subj_sub_30,-0.546012435225013,0.200562748199426,NaN,vOTC,vOTC,1,1
"A(2,1)",Subj_sub_30,0.677894493343997,0.156693587472438,NaN,vOTC,lOTC,2,1
"A(3,1)",Subj_sub_30,0.0853380251685115,0.168326137509802,NaN,vOTC,V1_L,3,1
"A(4,1)",Subj_sub_30,0.403716587068348,0.167177990116069,NaN,vOTC,IFG_L,4,1
"A(1,2)",Subj_sub_30,0.647427085386228,0.1718281989452,NaN,lOTC,vOTC,1,2
"A(2,2)",Subj_sub_30,-0.493980412010873,0.200870193567889,NaN,lOTC,lOTC,2,2
"A(3,2)",Subj_sub_30,0.168678874483272,0.174773529237684,NaN,lOTC,V1_L,3,2
"A(4,2)",Subj_sub_30,0.396948638337966,0.176059634508196,NaN,lOTC,IFG_L,4,2
"A(1,3)",Subj_sub_30,-0.332095075578562,0.147723901882194,NaN,V1_L,vOTC,1,3
"A(2,3)",Subj_sub_30,-0.336545405703735,0.148896937782346,NaN,V1_L,lOTC,2,3
"A(3,3)",Subj_sub_30,-0.0518125289225874,0.146980018994365,NaN,V1_L,V1_L,3,3
"A(4,3)",Subj_sub_30,-0.536359059396804,0.131426043709749,NaN,V1_L,IFG_L,4,3
"A(1,4)",Subj_sub_30,-0.62034850071101,0.15265773236652,NaN,IFG_L,vOTC,1,4
"A(2,4)",Subj_sub_30,-0.64390495556986,0.1526940321187,NaN,IFG_L,lOTC,2,4
"A(3,4)",Subj_sub_30,-0.243545833910868,0.137055615097628,NaN,IFG_L,V1_L,3,4
"A(4,4)",Subj_sub_30,0.21656668000617,0.196174127357294,NaN,IFG_L,IFG_L,4,4
"A(1,1)",Subj_sub_31,0.0217649928920747,0.205777723510276,NaN,vOTC,vOTC,1,1
"A(2,1)",Subj_sub_31,-0.0186553726623735,0.172853982916591,NaN,vOTC,lOTC,2,1
"A(3,1)",Subj_sub_31,0.110498364877892,0.175467115309576,NaN,vOTC,V1_L,3,1
"A(4,1)",Subj_sub_31,0.0355471073537629,0.160519176558941,NaN,vOTC,IFG_L,4,1
"A(1,2)",Subj_sub_31,-0.137734310104031,0.170320422569141,NaN,lOTC,vOTC,1,2
"A(2,2)",Subj_sub_31,-0.0381674223731777,0.197869743033171,NaN,lOTC,lOTC,2,2
"A(3,2)",Subj_sub_31,0.141393639565628,0.14680331640021,NaN,lOTC,V1_L,3,2
"A(4,2)",Subj_sub_31,-0.194449298643563,0.163114723905327,NaN,lOTC,IFG_L,4,2
"A(1,3)",Subj_sub_31,0.331895290955381,0.183008995054464,NaN,V1_L,vOTC,1,3
"A(2,3)",Subj_sub_31,0.377280963507687,0.170695902732663,NaN,V1_L,lOTC,2,3
"A(3,3)",Subj_sub_31,-0.121387006549291,0.199772342832788,NaN,V1_L,V1_L,3,3
"A(4,3)",Subj_sub_31,0.370119019570484,0.17281978088557,NaN,V1_L,IFG_L,4,3
"A(1,4)",Subj_sub_31,-0.323143423790838,0.145071446683856,NaN,IFG_L,vOTC,1,4
"A(2,4)",Subj_sub_31,-0.560321528487226,0.150850030225238,NaN,IFG_L,lOTC,2,4
"A(3,4)",Subj_sub_31,-0.443176051219667,0.146748792386328,NaN,IFG_L,V1_L,3,4
"A(4,4)",Subj_sub_31,0.270883137048938,0.176853364561575,NaN,IFG_L,IFG_L,4,4
"A(1,1)",Subj_sub_32,0.0911316910808633,0.205987884089748,NaN,vOTC,vOTC,1,1
"A(2,1)",Subj_sub_32,-0.0985840608446893,0.172083603697777,NaN,vOTC,lOTC,2,1
"A(3,1)",Subj_sub_32,0.0948283589094138,0.171968399371119,NaN,vOTC,V1_L,3,1
"A(4,1)",Subj_sub_32,-0.123588210393202,0.172736763157551,NaN,vOTC,IFG_L,4,1
"A(1,2)",Subj_sub_32,-0.0128776526128885,0.184434901734491,NaN,lOTC,vOTC,1,2
"A(2,2)",Subj_sub_32,-0.0034268251030567,0.205058248174692,NaN,lOTC,lOTC,2,2
"A(3,2)",Subj_sub_32,0.282550957239441,0.176123257389661,NaN,lOTC,V1_L,3,2
"A(4,2)",Subj_sub_32,0.0410629138888191,0.178967538026277,NaN,lOTC,IFG_L,4,2
"A(1,3)",Subj_sub_32,0.570993426160236,0.167213136133779,NaN,V1_L,vOTC,1,3
"A(2,3)",Subj_sub_32,0.506412162984356,0.164214843106112,NaN,V1_L,lOTC,2,3
"A(3,3)",Subj_sub_32,-0.294105184764414,0.189019675251969,NaN,V1_L,V1_L,3,3
"A(4,3)",Subj_sub_32,0.480326676167749,0.144107848785865,NaN,V1_L,IFG_L,4,3
"A(1,4)",Subj_sub_32,-0.611825094102413,0.157231287370336,NaN,IFG_L,vOTC,1,4
"A(2,4)",Subj_sub_32,-0.523953892320923,0.15511870849115,NaN,IFG_L,lOTC,2,4
"A(3,4)",Subj_sub_32,-0.611872752368486,0.143146407838538,NaN,IFG_L,V1_L,3,4
"A(4,4)",Subj_sub_32,0.528247612557921,0.184107131550276,NaN,IFG_L,IFG_L,4,4
"A(1,1)",Subj_sub_33,-0.122165234962007,0.201789604103146,NaN,vOTC,vOTC,1,1
"A(2,1)",Subj_sub_33,0.458078336064731,0.139757017057498,NaN,vOTC,lOTC,2,1
"A(3,1)",Subj_sub_33,0.206228033040054,0.15689600844384,NaN,vOTC,V1_L,3,1
"A(4,1)",Subj_sub_33,-0.0700310966418533,0.149946239585125,NaN,vOTC,IFG_L,4,1
"A(1,2)",Subj_sub_33,0.829475175492757,0.160354747728361,NaN,lOTC,vOTC,1,2
"A(2,2)",Subj_sub_33,-0.384220391990418,0.201796689654365,NaN,lOTC,lOTC,2,2
"A(3,2)",Subj_sub_33,0.607153463441233,0.159878540904998,NaN,lOTC,V1_L,3,2
"A(4,2)",Subj_sub_33,0.484453167122694,0.1656403622848,NaN,lOTC,IFG_L,4,2
"A(1,3)",Subj_sub_33,-0.217211929356276,0.152874929382597,NaN,V1_L,vOTC,1,3
"A(2,3)",Subj_sub_33,-0.0240809120392927,0.145583361349659,NaN,V1_L,lOTC,2,3
"A(3,3)",Subj_sub_33,0.0724869212901821,0.150769139117213,NaN,V1_L,V1_L,3,3
"A(4,3)",Subj_sub_33,-0.0399265179808689,0.121117248395232,NaN,V1_L,IFG_L,4,3
"A(1,4)",Subj_sub_33,-0.953063373759599,0.15308714995201,NaN,IFG_L,vOTC,1,4
"A(2,4)",Subj_sub_33,-0.918938179754087,0.154994096822792,NaN,IFG_L,lOTC,2,4
"A(3,4)",Subj_sub_33,-0.86137740527933,0.140345176645595,NaN,IFG_L,V1_L,3,4
"A(4,4)",Subj_sub_33,0.674880694418774,0.175834034708257,NaN,IFG_L,IFG_L,4,4
"A(1,1)",Subj_sub_34,-0.1209449446571,0.2023529996062,NaN,vOTC,vOTC,1,1
"A(2,1)",Subj_sub_34,-0.267030508597675,0.159942202692485,NaN,vOTC,lOTC,2,1
"A(3,1)",Subj_sub_34,-0.149296815317868,0.164772112577148,NaN,vOTC,V1_L,3,1
"A(4,1)",Subj_sub_34,-0.179446361206115,0.163972914411475,NaN,vOTC,IFG_L,4,1
"A(1,2)",Subj_sub_34,-0.0259877071276136,0.181786419608524,NaN,lOTC,vOTC,1,2
"A(2,2)",Subj_sub_34,-0.19677496059073,0.203369072289663,NaN,lOTC,lOTC,2,2
"A(3,2)",Subj_sub_34,0.185080911781856,0.174011550437078,NaN,lOTC,V1_L,3,2
"A(4,2)",Subj_sub_34,0.216829481260428,0.176689511043734,NaN,lOTC,IFG_L,4,2
"A(1,3)",Subj_sub_34,-0.134758793302049,0.185757376412128,NaN,V1_L,vOTC,1,3
"A(2,3)",Subj_sub_34,-0.100735042417999,0.185769973993982,NaN,V1_L,lOTC,2,3
"A(3,3)",Subj_sub_34,0.0670624454988014,0.202200026732818,NaN,V1_L,V1_L,3,3
"A(4,3)",Subj_sub_34,-0.193278558199858,0.182475727507304,NaN,V1_L,IFG_L,4,3
"A(1,4)",Subj_sub_34,0.0511712688562387,0.187873202663313,NaN,IFG_L,vOTC,1,4
"A(2,4)",Subj_sub_34,0.187856006457227,0.182818791646442,NaN,IFG_L,lOTC,2,4
"A(3,4)",Subj_sub_34,-0.0261850662906929,0.184684303102957,NaN,IFG_L,V1_L,3,4
"A(4,4)",Subj_sub_34,-0.20853489996732,0.207223087626953,NaN,IFG_L,IFG_L,4,4
"A(1,1)",Subj_sub_35,0.00710632367731336,0.173187647259861,NaN,vOTC,vOTC,1,1
"A(2,1)",Subj_sub_35,-0.10574270678952,0.109812728776862,NaN,vOTC,lOTC,2,1
"A(3,1)",Subj_sub_35,-0.00799182757155366,0.124701178230811,NaN,vOTC,V1_L,3,1
"A(4,1)",Subj_sub_35,0.00746083232966419,0.123704780626228,NaN,vOTC,IFG_L,4,1
"A(1,2)",Subj_sub_35,-0.257616886150297,0.132279423353637,NaN,lOTC,vOTC,1,2
"A(2,2)",Subj_sub_35,0.106293407850516,0.166670656804866,NaN,lOTC,lOTC,2,2
"A(3,2)",Subj_sub_35,-0.157643389380949,0.121116120495959,NaN,lOTC,V1_L,3,2
"A(4,2)",Subj_sub_35,-0.138872354828918,0.131907083535337,NaN,lOTC,IFG_L,4,2
"A(1,3)",Subj_sub_35,0.17938418726254,0.131890758933104,NaN,V1_L,vOTC,1,3
"A(2,3)",Subj_sub_35,0.148310809267728,0.12753350788311,NaN,V1_L,lOTC,2,3
"A(3,3)",Subj_sub_35,0.1150308365238,0.0917013772852115,NaN,V1_L,V1_L,3,3
"A(4,3)",Subj_sub_35,0.0939437712656209,0.10635886658388,NaN,V1_L,IFG_L,4,3
"A(1,4)",Subj_sub_35,-0.0537208506931466,0.102156176825039,NaN,IFG_L,vOTC,1,4
"A(2,4)",Subj_sub_35,-0.0947722186054455,0.103779685190603,NaN,IFG_L,lOTC,2,4
"A(3,4)",Subj_sub_35,-0.147132864310314,0.0983934101993352,NaN,IFG_L,V1_L,3,4
"A(4,4)",Subj_sub_35,-0.0606259924365719,0.139465898680123,NaN,IFG_L,IFG_L,4,4
"A(1,1)",Subj_sub_36,-0.31307952628217,0.199576145087114,NaN,vOTC,vOTC,1,1
"A(2,1)",Subj_sub_36,0.260260591847964,0.144148150251406,NaN,vOTC,lOTC,2,1
"A(3,1)",Subj_sub_36,0.210382456319037,0.1637331593058,NaN,vOTC,V1_L,3,1
"A(4,1)",Subj_sub_36,0.262006977643025,0.163517763970815,NaN,vOTC,IFG_L,4,1
"A(1,2)",Subj_sub_36,7.04392764642079e-06,0.162248938057963,NaN,lOTC,vOTC,1,2
"A(2,2)",Subj_sub_36,-0.112285314392054,0.199159759836529,NaN,lOTC,lOTC,2,2
"A(3,2)",Subj_sub_36,-0.146447624491462,0.168197081484594,NaN,lOTC,V1_L,3,2
"A(4,2)",Subj_sub_36,-0.152173957404353,0.172138138591778,NaN,lOTC,IFG_L,4,2
"A(1,3)",Subj_sub_36,0.015938447654219,0.168396414953177,NaN,V1_L,vOTC,1,3
"A(2,3)",Subj_sub_36,-0.0544124440451634,0.170039906536165,NaN,V1_L,lOTC,2,3
"A(3,3)",Subj_sub_36,-0.135716277430931,0.188624549589238,NaN,V1_L,V1_L,3,3
"A(4,3)",Subj_sub_36,0.0129848715489978,0.149297461096802,NaN,V1_L,IFG_L,4,3
"A(1,4)",Subj_sub_36,-0.333176879521974,0.182386421437,NaN,IFG_L,vOTC,1,4
"A(2,4)",Subj_sub_36,-0.393077045507166,0.180518900228295,NaN,IFG_L,lOTC,2,4
"A(3,4)",Subj_sub_36,-0.190569307550083,0.161556707743612,NaN,IFG_L,V1_L,3,4
"A(4,4)",Subj_sub_36,0.154771547916085,0.205016182198595,NaN,IFG_L,IFG_L,4,4
"A(1,1)",Subj_sub_37,-0.044388093611131,0.20624831242354,NaN,vOTC,vOTC,1,1
"A(2,1)",Subj_sub_37,0.184536528681434,0.175552425980072,NaN,vOTC,lOTC,2,1
"A(3,1)",Subj_sub_37,0.119350394981782,0.179420143652271,NaN,vOTC,V1_L,3,1
"A(4,1)",Subj_sub_37,0.0575831509562886,0.17400253176591,NaN,vOTC,IFG_L,4,1
"A(1,2)",Subj_sub_37,0.374684947204005,0.182597083513353,NaN,lOTC,vOTC,1,2
"A(2,2)",Subj_sub_37,-0.177732035091086,0.204125074305455,NaN,lOTC,lOTC,2,2
"A(3,2)",Subj_sub_37,0.403880649436805,0.171244955191352,NaN,lOTC,V1_L,3,2
"A(4,2)",Subj_sub_37,0.444116900839774,0.181939455186056,NaN,lOTC,IFG_L,4,2
"A(1,3)",Subj_sub_37,-0.182624755497414,0.163573059625376,NaN,V1_L,vOTC,1,3
"A(2,3)",Subj_sub_37,-0.0990299157381103,0.158423326701602,NaN,V1_L,lOTC,2,3
"A(3,3)",Subj_sub_37,0.0608914220239437,0.188075162149662,NaN,V1_L,V1_L,3,3
"A(4,3)",Subj_sub_37,-0.227634640689322,0.152151118304048,NaN,V1_L,IFG_L,4,3
"A(1,4)",Subj_sub_37,-0.414088498700476,0.167385321519658,NaN,IFG_L,vOTC,1,4
"A(2,4)",Subj_sub_37,-0.417219231736083,0.165979013826811,NaN,IFG_L,lOTC,2,4
"A(3,4)",Subj_sub_37,-0.452443348290021,0.160914547570783,NaN,IFG_L,V1_L,3,4
"A(4,4)",Subj_sub_37,0.419658539184933,0.196160929782667,NaN,IFG_L,IFG_L,4,4
"A(1,1)",Subj_sub_38,-0.115313312799651,0.206232723831664,NaN,vOTC,vOTC,1,1
"A(2,1)",Subj_sub_38,0.200509775504119,0.17323503749018,NaN,vOTC,lOTC,2,1
"A(3,1)",Subj_sub_38,0.123400843057348,0.176348495121809,NaN,vOTC,V1_L,3,1
"A(4,1)",Subj_sub_38,0.136880840153407,0.178108177541578,NaN,vOTC,IFG_L,4,1
"A(1,2)",Subj_sub_38,0.289792603044012,0.178585880272484,NaN,lOTC,vOTC,1,2
"A(2,2)",Subj_sub_38,-0.103495130286737,0.203461991624633,NaN,lOTC,lOTC,2,2
"A(3,2)",Subj_sub_38,0.17495525199597,0.174435317891222,NaN,lOTC,V1_L,3,2
"A(4,2)",Subj_sub_38,0.146146196781008,0.178759936064625,NaN,lOTC,IFG_L,4,2
"A(1,3)",Subj_sub_38,-0.477544122816942,0.151214355334345,NaN,V1_L,vOTC,1,3
"A(2,3)",Subj_sub_38,-0.380820828141673,0.149538506786554,NaN,V1_L,lOTC,2,3
"A(3,3)",Subj_sub_38,0.118142326330454,0.178411445905988,NaN,V1_L,V1_L,3,3
"A(4,3)",Subj_sub_38,-0.264182792322315,0.133772363218363,NaN,V1_L,IFG_L,4,3
"A(1,4)",Subj_sub_38,-0.000992950557389391,0.172206564409816,NaN,IFG_L,vOTC,1,4
"A(2,4)",Subj_sub_38,-0.00838838873937953,0.172502052437505,NaN,IFG_L,lOTC,2,4
"A(3,4)",Subj_sub_38,0.0193550125602869,0.169330116301095,NaN,IFG_L,V1_L,3,4
"A(4,4)",Subj_sub_38,-0.0737749794282956,0.201687349663405,NaN,IFG_L,IFG_L,4,4
"A(1,1)",Subj_sub_39,-0.0125206007377464,0.206645497198555,NaN,vOTC,vOTC,1,1
"A(2,1)",Subj_sub_39,0.113180128301891,0.176243213634378,NaN,vOTC,lOTC,2,1
"A(3,1)",Subj_sub_39,0.0786803153756149,0.17587087061578,NaN,vOTC,V1_L,3,1
"A(4,1)",Subj_sub_39,0.0978246148816193,0.173271310045332,NaN,vOTC,IFG_L,4,1
"A(1,2)",Subj_sub_39,0.384264739586592,0.183087322202951,NaN,lOTC,vOTC,1,2
"A(2,2)",Subj_sub_39,-0.214507273878472,0.203106603171048,NaN,lOTC,lOTC,2,2
"A(3,2)",Subj_sub_39,0.411972142260125,0.166576248771306,NaN,lOTC,V1_L,3,2
"A(4,2)",Subj_sub_39,0.583775916842279,0.180222108696639,NaN,lOTC,IFG_L,4,2
"A(1,3)",Subj_sub_39,-0.281413795153503,0.166055661790172,NaN,V1_L,vOTC,1,3
"A(2,3)",Subj_sub_39,-0.179028118621769,0.162076867989852,NaN,V1_L,lOTC,2,3
"A(3,3)",Subj_sub_39,0.114644043011478,0.192183997267144,NaN,V1_L,V1_L,3,3
"A(4,3)",Subj_sub_39,-0.405660834325327,0.155822265329108,NaN,V1_L,IFG_L,4,3
"A(1,4)",Subj_sub_39,-0.256286298652509,0.154555809664135,NaN,IFG_L,vOTC,1,4
"A(2,4)",Subj_sub_39,-0.312875745204845,0.151796515313204,NaN,IFG_L,lOTC,2,4
"A(3,4)",Subj_sub_39,-0.386408276744687,0.145674083186104,NaN,IFG_L,V1_L,3,4
"A(4,4)",Subj_sub_39,0.251896794583508,0.187022668989856,NaN,IFG_L,IFG_L,4,4
"A(1,1)",Subj_sub_40,-0.0999176848650495,0.206669712399164,NaN,vOTC,vOTC,1,1
"A(2,1)",Subj_sub_40,0.328295665117347,0.172266701069345,NaN,vOTC,lOTC,2,1
"A(3,1)",Subj_sub_40,0.264439703607606,0.182790192943558,NaN,vOTC,V1_L,3,1
"A(4,1)",Subj_sub_40,0.285635369681119,0.182622990879653,NaN,vOTC,IFG_L,4,1
"A(1,2)",Subj_sub_40,0.262757356591067,0.181911290290644,NaN,lOTC,vOTC,1,2
"A(2,2)",Subj_sub_40,-0.139617007663237,0.204874242283179,NaN,lOTC,lOTC,2,2
"A(3,2)",Subj_sub_40,0.300111349782935,0.178934060404326,NaN,lOTC,V1_L,3,2
"A(4,2)",Subj_sub_40,0.31029590820759,0.184138146712446,NaN,lOTC,IFG_L,4,2
"A(1,3)",Subj_sub_40,-0.309497122884374,0.158109623301366,NaN,V1_L,vOTC,1,3
"A(2,3)",Subj_sub_40,-0.299161833220727,0.156847680884029,NaN,V1_L,lOTC,2,3
"A(3,3)",Subj_sub_40,0.339652486872285,0.183420143125422,NaN,V1_L,V1_L,3,3
"A(4,3)",Subj_sub_40,-0.383708029753793,0.144679779594887,NaN,V1_L,IFG_L,4,3
"A(1,4)",Subj_sub_40,-0.170937363533153,0.192160654896089,NaN,IFG_L,vOTC,1,4
"A(2,4)",Subj_sub_40,-0.129458833429204,0.190547472968697,NaN,IFG_L,lOTC,2,4
"A(3,4)",Subj_sub_40,-0.167706185968379,0.182167230662435,NaN,IFG_L,V1_L,3,4
"A(4,4)",Subj_sub_40,0.0499849725730535,0.209026542086126,NaN,IFG_L,IFG_L,4,4
"A(1,1)",Subj_sub_42,0.0544494258235582,0.210541697317014,NaN,vOTC,vOTC,1,1
"A(2,1)",Subj_sub_42,-0.087362768952,0.197792344176287,NaN,vOTC,lOTC,2,1
"A(3,1)",Subj_sub_42,0.0104535849530034,0.198756521399315,NaN,vOTC,V1_L,3,1
"A(4,1)",Subj_sub_42,-0.0307833410499729,0.196674595388633,NaN,vOTC,IFG_L,4,1
"A(1,2)",Subj_sub_42,-0.0483390264119679,0.209303953162591,NaN,lOTC,vOTC,1,2
"A(2,2)",Subj_sub_42,0.0176976217778487,0.20993512888178,NaN,lOTC,lOTC,2,2
"A(3,2)",Subj_sub_42,0.0985647148790288,0.203253340895575,NaN,lOTC,V1_L,3,2
"A(4,2)",Subj_sub_42,0.0426369804273755,0.204485475225498,NaN,lOTC,IFG_L,4,2
"A(1,3)",Subj_sub_42,-0.00547661618105466,0.208214198751875,NaN,V1_L,vOTC,1,3
"A(2,3)",Subj_sub_42,-0.0274790855167739,0.207099516514228,NaN,V1_L,lOTC,2,3
"A(3,3)",Subj_sub_42,0.048397625533095,0.206856400107472,NaN,V1_L,V1_L,3,3
"A(4,3)",Subj_sub_42,-0.0108122077718941,0.199593832715955,NaN,V1_L,IFG_L,4,3
"A(1,4)",Subj_sub_42,-0.183018960163697,0.20400077513111,NaN,IFG_L,vOTC,1,4
"A(2,4)",Subj_sub_42,-0.189957916319778,0.203411977987205,NaN,IFG_L,lOTC,2,4
"A(3,4)",Subj_sub_42,-0.203424999341669,0.201719681941513,NaN,IFG_L,V1_L,3,4
"A(4,4)",Subj_sub_42,0.0731791300216248,0.210598212378075,NaN,IFG_L,IFG_L,4,4
"A(1,1)",Subj_sub_44,-0.170165837065065,0.204855872441777,NaN,vOTC,vOTC,1,1
"A(2,1)",Subj_sub_44,0.481216918710596,0.159883127076511,NaN,vOTC,lOTC,2,1
"A(3,1)",Subj_sub_44,0.114589191324119,0.172588717527177,NaN,vOTC,V1_L,3,1
"A(4,1)",Subj_sub_44,0.306660366415063,0.169208370555767,NaN,vOTC,IFG_L,4,1
"A(1,2)",Subj_sub_44,0.339714828816377,0.171605164835547,NaN,lOTC,vOTC,1,2
"A(2,2)",Subj_sub_44,-0.118735255261906,0.202388305059364,NaN,lOTC,lOTC,2,2
"A(3,2)",Subj_sub_44,0.00468542902669359,0.172934361667526,NaN,lOTC,V1_L,3,2
"A(4,2)",Subj_sub_44,0.17099323811522,0.171003340117573,NaN,lOTC,IFG_L,4,2
"A(1,3)",Subj_sub_44,-0.0186844180381639,0.161060353960409,NaN,V1_L,vOTC,1,3
"A(2,3)",Subj_sub_44,-0.0768586524120258,0.160670024907577,NaN,V1_L,lOTC,2,3
"A(3,3)",Subj_sub_44,-0.117444862357523,0.164246219945025,NaN,V1_L,V1_L,3,3
"A(4,3)",Subj_sub_44,-0.306785406024317,0.145823385482684,NaN,V1_L,IFG_L,4,3
"A(1,4)",Subj_sub_44,-0.626701223000872,0.174679944349126,NaN,IFG_L,vOTC,1,4
"A(2,4)",Subj_sub_44,-0.59025006966962,0.172842612221337,NaN,IFG_L,lOTC,2,4
"A(3,4)",Subj_sub_44,-0.301537257264272,0.171245851917796,NaN,IFG_L,V1_L,3,4
"A(4,4)",Subj_sub_44,0.235747540279924,0.204567999319079,NaN,IFG_L,IFG_L,4,4
"A(1,1)",Subj_sub_45,-0.0838327911205738,0.206277699986258,NaN,vOTC,vOTC,1,1
"A(2,1)",Subj_sub_45,0.150159068219978,0.175116947877059,NaN,vOTC,lOTC,2,1
"A(3,1)",Subj_sub_45,0.103774536394004,0.181092489979806,NaN,vOTC,V1_L,3,1
"A(4,1)",Subj_sub_45,0.21788103969108,0.17490052274757,NaN,vOTC,IFG_L,4,1
"A(1,2)",Subj_sub_45,0.10197558725238,0.186308121688988,NaN,lOTC,vOTC,1,2
"A(2,2)",Subj_sub_45,-0.0403036978049848,0.205156986899514,NaN,lOTC,lOTC,2,2
"A(3,2)",Subj_sub_45,0.189446540078799,0.181615239745888,NaN,lOTC,V1_L,3,2
"A(4,2)",Subj_sub_45,0.198666614363265,0.182667041780254,NaN,lOTC,IFG_L,4,2
"A(1,3)",Subj_sub_45,-0.379459358042674,0.157155044030022,NaN,V1_L,vOTC,1,3
"A(2,3)",Subj_sub_45,-0.293308691423468,0.154054083010747,NaN,V1_L,lOTC,2,3
"A(3,3)",Subj_sub_45,-0.0151346086716679,0.184660248308553,NaN,V1_L,V1_L,3,3
"A(4,3)",Subj_sub_45,-0.321397299410344,0.150105336867195,NaN,V1_L,IFG_L,4,3
"A(1,4)",Subj_sub_45,-0.0366333187978344,0.170841421744375,NaN,IFG_L,vOTC,1,4
"A(2,4)",Subj_sub_45,-0.0718644127088698,0.1723255283547,NaN,IFG_L,lOTC,2,4
"A(3,4)",Subj_sub_45,-0.232921905605211,0.17561405378734,NaN,IFG_L,V1_L,3,4
"A(4,4)",Subj_sub_45,0.00264250883566469,0.2041989329919,NaN,IFG_L,IFG_L,4,4
"A(1,1)",Subj_sub_46,-0.268127958412649,0.192322099350252,NaN,vOTC,vOTC,1,1
"A(2,1)",Subj_sub_46,0.72215705798222,0.15018068760607,NaN,vOTC,lOTC,2,1
"A(3,1)",Subj_sub_46,0.111844545148203,0.168904805957225,NaN,vOTC,V1_L,3,1
"A(4,1)",Subj_sub_46,0.312451050444665,0.167420625272005,NaN,vOTC,IFG_L,4,1
"A(1,2)",Subj_sub_46,0.655989790737356,0.162552039385413,NaN,lOTC,vOTC,1,2
"A(2,2)",Subj_sub_46,-0.262173615823843,0.194699683206754,NaN,lOTC,lOTC,2,2
"A(3,2)",Subj_sub_46,0.169871007199526,0.170261501590821,NaN,lOTC,V1_L,3,2
"A(4,2)",Subj_sub_46,0.354401482084484,0.169650356886538,NaN,lOTC,IFG_L,4,2
"A(1,3)",Subj_sub_46,-0.225239392537322,0.155172503996357,NaN,V1_L,vOTC,1,3
"A(2,3)",Subj_sub_46,-0.215696958317169,0.155294400015794,NaN,V1_L,lOTC,2,3
"A(3,3)",Subj_sub_46,-0.029237640071421,0.153572550680152,NaN,V1_L,V1_L,3,3
"A(4,3)",Subj_sub_46,-0.425122712769037,0.132424007606444,NaN,V1_L,IFG_L,4,3
"A(1,4)",Subj_sub_46,-0.684249436248459,0.153795863066799,NaN,IFG_L,vOTC,1,4
"A(2,4)",Subj_sub_46,-0.716280276226526,0.154991304848327,NaN,IFG_L,lOTC,2,4
"A(3,4)",Subj_sub_46,-0.265791104443619,0.13187585761805,NaN,IFG_L,V1_L,3,4
"A(4,4)",Subj_sub_46,0.218835924321277,0.190774167882746,NaN,IFG_L,IFG_L,4,4
"A(1,1)",Subj_sub_47,0.183606851671766,0.183478587472148,NaN,vOTC,vOTC,1,1
"A(2,1)",Subj_sub_47,-0.323703383660425,0.122626769941531,NaN,vOTC,lOTC,2,1
"A(3,1)",Subj_sub_47,-0.280350400532466,0.129409972137063,NaN,vOTC,V1_L,3,1
"A(4,1)",Subj_sub_47,-0.132166047959723,0.126486277276707,NaN,vOTC,IFG_L,4,1
"A(1,2)",Subj_sub_47,-0.0285135434015989,0.145483316807704,NaN,lOTC,vOTC,1,2
"A(2,2)",Subj_sub_47,-0.0564646199334804,0.179429932603816,NaN,lOTC,lOTC,2,2
"A(3,2)",Subj_sub_47,0.211183957196336,0.128901160261076,NaN,lOTC,V1_L,3,2
"A(4,2)",Subj_sub_47,0.0892093438322252,0.145051592257727,NaN,lOTC,IFG_L,4,2
"A(1,3)",Subj_sub_47,0.187656621678804,0.134130377236156,NaN,V1_L,vOTC,1,3
"A(2,3)",Subj_sub_47,0.318211336286711,0.13116362586343,NaN,V1_L,lOTC,2,3
"A(3,3)",Subj_sub_47,-0.0811097988154975,0.132113053259197,NaN,V1_L,V1_L,3,3
"A(4,3)",Subj_sub_47,0.0287274723983711,0.111606567810865,NaN,V1_L,IFG_L,4,3
"A(1,4)",Subj_sub_47,-0.230509638249132,0.109889285883688,NaN,IFG_L,vOTC,1,4
"A(2,4)",Subj_sub_47,-0.166316986168568,0.115129663242821,NaN,IFG_L,lOTC,2,4
"A(3,4)",Subj_sub_47,-0.261057023444684,0.109445966309469,NaN,IFG_L,V1_L,3,4
"A(4,4)",Subj_sub_47,0.0295039626066768,0.156233403241101,NaN,IFG_L,IFG_L,4,4
"A(1,1)",Subj_sub_48,0.116940146292811,0.170441725397168,NaN,vOTC,vOTC,1,1
"A(2,1)",Subj_sub_48,-0.346611153263762,0.106729235200006,NaN,vOTC,lOTC,2,1
"A(3,1)",Subj_sub_48,-0.11709386726258,0.117008897788495,NaN,vOTC,V1_L,3,1
"A(4,1)",Subj_sub_48,-0.0269670833712079,0.118284615429857,NaN,vOTC,IFG_L,4,1
"A(1,2)",Subj_sub_48,-0.17245141138735,0.135596088406008,NaN,lOTC,vOTC,1,2
"A(2,2)",Subj_sub_48,-0.227488131925886,0.143487785915107,NaN,lOTC,lOTC,2,2
"A(3,2)",Subj_sub_48,0.0857174552027526,0.117949104687032,NaN,lOTC,V1_L,3,2
"A(4,2)",Subj_sub_48,-0.0534839204439045,0.130390492724942,NaN,lOTC,IFG_L,4,2
"A(1,3)",Subj_sub_48,0.194254426326948,0.131130034113896,NaN,V1_L,vOTC,1,3
"A(2,3)",Subj_sub_48,0.159792893017643,0.124534777081364,NaN,V1_L,lOTC,2,3
"A(3,3)",Subj_sub_48,-0.0141629252284821,0.104922649008468,NaN,V1_L,V1_L,3,3
"A(4,3)",Subj_sub_48,0.0361541934940192,0.106632369433603,NaN,V1_L,IFG_L,4,3
"A(1,4)",Subj_sub_48,-0.167069045193032,0.103420921913062,NaN,IFG_L,vOTC,1,4
"A(2,4)",Subj_sub_48,-0.136018567470139,0.105142576521351,NaN,IFG_L,lOTC,2,4
"A(3,4)",Subj_sub_48,-0.220732929425619,0.099753102130577,NaN,IFG_L,V1_L,3,4
"A(4,4)",Subj_sub_48,-0.0501527704799652,0.143189610600959,NaN,IFG_L,IFG_L,4,4
"A(1,1)",Subj_sub_49,0.091605338259364,0.20565683630008,NaN,vOTC,vOTC,1,1
"A(2,1)",Subj_sub_49,-0.0933812059266945,0.170004807420746,NaN,vOTC,lOTC,2,1
"A(3,1)",Subj_sub_49,-0.079758517530202,0.173212693700108,NaN,vOTC,V1_L,3,1
"A(4,1)",Subj_sub_49,-0.0951657019046598,0.176600905881353,NaN,vOTC,IFG_L,4,1
"A(1,2)",Subj_sub_49,0.0813553928687011,0.180407042344619,NaN,lOTC,vOTC,1,2
"A(2,2)",Subj_sub_49,-0.0689212878203325,0.2034435358912,NaN,lOTC,lOTC,2,2
"A(3,2)",Subj_sub_49,0.133832825352716,0.175399337185205,NaN,lOTC,V1_L,3,2
"A(4,2)",Subj_sub_49,0.185580578620915,0.178478057828713,NaN,lOTC,IFG_L,4,2
"A(1,3)",Subj_sub_49,-0.222437232311786,0.172294718798922,NaN,V1_L,vOTC,1,3
"A(2,3)",Subj_sub_49,-0.20790873120804,0.170946917824683,NaN,V1_L,lOTC,2,3
"A(3,3)",Subj_sub_49,0.0491788998624154,0.194648667792016,NaN,V1_L,V1_L,3,3
"A(4,3)",Subj_sub_49,-0.167496371579962,0.162726014227041,NaN,V1_L,IFG_L,4,3
"A(1,4)",Subj_sub_49,0.0512403874551981,0.190534150835665,NaN,IFG_L,vOTC,1,4
"A(2,4)",Subj_sub_49,0.110197809804116,0.188621886748016,NaN,IFG_L,lOTC,2,4
"A(3,4)",Subj_sub_49,-0.0463721939440539,0.188534109424156,NaN,IFG_L,V1_L,3,4
"A(4,4)",Subj_sub_49,-0.0532789497110713,0.208590109322287,NaN,IFG_L,IFG_L,4,4
