Run,Condition,Edge,N,Mean,Median,SD,Min,Max,ModeHist,ModeBinCenter
1,ALL,A_vOTC_to_vOTC,45,-0.047405850658348,-0.0385650659090403,0.0525378322699432,-0.182133288120645,0.0264980068188759,0.000749999999999987,0.000749999999999987
1,ALL,A_lOTC_to_vOTC,45,0.0820490505799387,0.0937930190472161,0.0709246193064536,-0.0469074145838527,0.189621092591773,0.004,0.004
1,ALL,A_V1_L_to_vOTC,45,0.0902957078207846,0.108631187514853,0.075717948621643,-0.0538805212667268,0.185016958772694,0.00765,0.00765
1,ALL,A_IFG_L_to_vOTC,45,0.070999590352442,0.068602359425603,0.0599095394932778,-0.0295343745503479,0.167221575479854,0.0099,0.0099
1,ALL,A_vOTC_to_lOTC,45,0.0833609898844232,0.100883479026828,0.0711833469002154,-0.0456852008354806,0.183400209915637,0.00265,0.00265
1,ALL,A_lOTC_to_lOTC,45,-0.0481204455836105,-0.0376284381986926,0.0554426689471427,-0.172296990188054,0.0291809336369738,0.00375000000000002,0.00375000000000002
1,ALL,A_V1_L_to_lOTC,45,0.0916636084612528,0.10729896641584,0.0796138387802339,-0.0563465869188678,0.208408945494743,0.01425,0.01425
1,ALL,A_IFG_L_to_lOTC,45,0.0711184443031885,0.07872483941296,0.0603696237696872,-0.0316123636343767,0.165198728759463,0.00945,0.00945
1,ALL,A_vOTC_to_V1_L,45,0.098728007964425,0.107143017429327,0.085294221518803,-0.0401966588946312,0.221580912309836,0.0112,0.0112
1,ALL,A_lOTC_to_V1_L,45,0.0981476102041159,0.101866602769812,0.0892731997444697,-0.0587632951362537,0.244303784582647,0.00885000000000001,0.00885000000000001
1,ALL,A_V1_L_to_V1_L,45,-0.0621972444295374,-0.0473062238763333,0.0640289029696106,-0.197569453501577,0.0165652092973259,0.00164999999999998,0.00164999999999998
1,ALL,A_IFG_L_to_V1_L,45,0.0837413723793191,0.0961307482465654,0.070948889547564,-0.0649637453563196,0.18949081836285,0.0015,0.0015
1,ALL,A_vOTC_to_IFG_L,45,0.0573312153580706,0.0643758118082795,0.0495798144015907,-0.0446653377659764,0.137788767666518,0.00559999999999999,0.00559999999999999
1,ALL,A_lOTC_to_IFG_L,45,0.0563072404406447,0.0675767155347278,0.0499747449637358,-0.0477731670278656,0.134970384995678,0.00774999999999999,0.00774999999999999
1,ALL,A_V1_L_to_IFG_L,45,0.0631159357668421,0.0745246387238718,0.0540693975503579,-0.0544264128946375,0.150281453461316,0.00890000000000001,0.00890000000000001
1,ALL,A_IFG_L_to_IFG_L,45,-0.0288856700378129,-0.0215597171895565,0.036095389209783,-0.128084692461984,0.0140111766165792,-0.0035,-0.0035
1,Block-01,A_vOTC_to_vOTC,45,-0.0102882958763449,-0.00116541504461119,0.0444080612553651,-0.298040018131673,0.00656200732474247,0.000300000000000022,0.000300000000000022
1,Block-01,A_lOTC_to_vOTC,45,0.0189121034426655,0.0108729341037058,0.0236896464622842,-0.00363011193893785,0.140968519943729,0.0115,0.0115
1,Block-01,A_V1_L_to_vOTC,45,0.0172110022853259,0.0102236791034501,0.0182074001625076,-0.0130939470328908,0.0807818687914047,0.00605,0.00605
1,Block-01,A_IFG_L_to_vOTC,45,0.0169334466827706,0.00788865305315078,0.0261708995410143,0.00383866395601986,0.175327365302653,0.0044,0.0044
1,Block-01,A_vOTC_to_lOTC,45,0.0219094925975538,0.0138429917821905,0.029046863098042,0.00267950418532887,0.184619334692951,0.00465,0.00465
1,Block-01,A_lOTC_to_lOTC,45,-0.0116878759590205,-0.0030188481354079,0.041893609604299,-0.281565012796243,0.00254422832024974,-0.00334999999999994,-0.00334999999999994
1,Block-01,A_V1_L_to_lOTC,45,0.0207046222060071,0.0160521084818448,0.0196259520825219,0.00172783486273379,0.0972469206164137,0.00735,0.00735
1,Block-01,A_IFG_L_to_lOTC,45,0.0188082394536573,0.0109389108876735,0.0257316827704833,0.00377683642572661,0.167236899761047,0.0042,0.0042
1,Block-01,A_vOTC_to_V1_L,45,0.0182636110355461,0.00815234830213144,0.029040602211635,-0.0373778702139411,0.172966204444614,0.00815,0.00815
1,Block-01,A_lOTC_to_V1_L,45,0.0189285654984218,0.00819988585710326,0.0280188695389951,-0.0288215095879315,0.1649323879661,0.00945,0.00945
1,Block-01,A_V1_L_to_V1_L,45,-0.00751672602097441,-0.000224452449797806,0.0230790167840181,-0.147952678537898,0.00959568793181218,-0.00229999999999998,-0.00229999999999998
1,Block-01,A_IFG_L_to_V1_L,45,0.0153838827719427,0.00808962803274894,0.022350146960083,-0.0312641397174027,0.133409243786655,0.00535,0.00535
1,Block-01,A_vOTC_to_IFG_L,45,0.0114827205480154,0.0078125,0.0257849065980182,-0.0325856386494729,0.145426988541467,0.01115,0.01115
1,Block-01,A_lOTC_to_IFG_L,45,0.011584327559292,0.0078125,0.0225215149208054,-0.0303445733373886,0.113882184089704,0.00625,0.00625
1,Block-01,A_V1_L_to_IFG_L,45,0.00941332860688239,0.0078125,0.0176706500104599,-0.028335441317079,0.0522515104173325,0.00885,0.00885
1,Block-01,A_IFG_L_to_IFG_L,45,-0.00366478495651562,0,0.0233360532975482,-0.150774338107731,0.0166146306355027,-0.00324999999999998,-0.00324999999999998
1,Block-02,A_vOTC_to_vOTC,45,-0.00060827452884927,-7.06018026132713e-05,0.00324565576790672,-0.0215104403529116,0.00105941267359347,-0.000539999999999999,-0.000539999999999999
1,Block-02,A_lOTC_to_vOTC,45,0.00871502196689915,0.0078125,0.00508286140212105,0.00625148721785306,0.0413104439733475,0.008655,0.008655
1,Block-02,A_V1_L_to_vOTC,45,0.00879992534634098,0.0078125,0.00659870307071208,0.00378065407563181,0.0516270414367279,0.00825,0.00825
1,Block-02,A_IFG_L_to_vOTC,45,0.00902637202015,0.0082053011927927,0.0051699036403946,0.00322392871031002,0.0414013262359838,0.008,0.008
1,Block-02,A_vOTC_to_lOTC,45,0.00879034992215048,0.00793806694610599,0.00615664813335282,0.00334692850088788,0.0487125211283565,0.008,0.008
1,Block-02,A_lOTC_to_lOTC,45,-0.000333502813099914,0,0.00231685185883458,-0.0154000111817826,0.000780066039531988,0.000379999999999998,0.000379999999999998
1,Block-02,A_V1_L_to_lOTC,45,0.00862213444668845,0.0078125,0.00616731250430882,0.00311969335408154,0.0486790419551794,0.008,0.008
1,Block-02,A_IFG_L_to_lOTC,45,0.00879311703387247,0.00820873171032591,0.00495732428204623,-0.00207252549238141,0.0391871803822132,0.0081,0.0081
1,Block-02,A_vOTC_to_V1_L,45,0.00962731099647444,0.00795290614331584,0.00983025878959715,-0.00812567143107417,0.0673389572669387,0.00855,0.00855
1,Block-02,A_lOTC_to_V1_L,45,0.00847080271363566,0.0078125,0.00918215638112996,-0.028213336720273,0.053463801981664,0.00885,0.00885
1,Block-02,A_V1_L_to_V1_L,45,-0.000623842713777787,0,0.00465783254330997,-0.0290080997301275,0.00844191592405187,0.001,0.001
1,Block-02,A_IFG_L_to_V1_L,45,0.0106098440882395,0.00823840011714279,0.0084566928717193,0.00654382522406163,0.0537259235135677,0.0072,0.0072
1,Block-02,A_vOTC_to_IFG_L,45,0.00866265755140511,0.00792026118031233,0.00845673775005207,-0.018845726442095,0.0565938888947484,0.00825,0.00825
1,Block-02,A_lOTC_to_IFG_L,45,0.00746800881633993,0.0078125,0.0106902349026619,-0.0519993566399848,0.0452413924328209,0.00924999999999999,0.00924999999999999
1,Block-02,A_V1_L_to_IFG_L,45,0.00832297745552048,0.0078125,0.00843527384451755,-0.0191560305894825,0.056702870907061,0.00825,0.00825
1,Block-02,A_IFG_L_to_IFG_L,45,-0.00102984891825131,-0.000156023028033868,0.00342587097449892,-0.018488840249075,0.000724741340887308,-0.000585,-0.000585
1,Block-03,A_vOTC_to_vOTC,45,-0.0877104989148025,-0.0730684794444351,0.0725464322399625,-0.285016524010058,0.0539367893972474,-0.075,-0.075
1,Block-03,A_lOTC_to_vOTC,45,0.212805054542314,0.153513842794509,0.184824702338622,-0.0321530606307807,0.753696700526349,0.0835,0.0835
1,Block-03,A_V1_L_to_vOTC,45,0.173171238192895,0.180811550591355,0.212880753578453,-0.445326157466154,0.667415571882528,0.026,0.026
1,Block-03,A_IFG_L_to_vOTC,45,0.0679635473211233,0.0557432511739948,0.158935907612385,-0.416593791417856,0.535015300207812,0.0745,0.0745
1,Block-03,A_vOTC_to_lOTC,45,0.158378384089576,0.143625375355521,0.164200562041904,-0.187247404163091,0.749289857834589,0.064,0.064
1,Block-03,A_lOTC_to_lOTC,45,-0.10802745384431,-0.0785297699344044,0.0886034671740505,-0.347908877246715,0.0447339731305656,-0.06,-0.06
1,Block-03,A_V1_L_to_lOTC,45,0.185596615600583,0.149495737114337,0.218511825849718,-0.329844179368055,0.719241643722409,0.000999999999999973,0.000999999999999973
1,Block-03,A_IFG_L_to_lOTC,45,0.0657524327151655,0.0574924353274297,0.19302800402899,-0.31306185453703,0.885720975993763,0.053,0.053
1,Block-03,A_vOTC_to_V1_L,45,0.124583383334137,0.085193134924972,0.137694561631677,-0.189687793772023,0.447241167828865,0.0705,0.0705
1,Block-03,A_lOTC_to_V1_L,45,0.168785487798072,0.153369663343755,0.163405600277743,-0.22592724140261,0.561974295489077,0.0265,0.0265
1,Block-03,A_V1_L_to_V1_L,45,-0.118617011695446,-0.0765511731871026,0.106092522346989,-0.424951515806427,0.0871659192175991,-0.0755,-0.0755
1,Block-03,A_IFG_L_to_V1_L,45,0.0243085403740907,0.0374951507989695,0.147574453494337,-0.269843335017074,0.425245920250517,0.0625,0.0625
1,Block-03,A_vOTC_to_IFG_L,45,0.1252559658164,0.136677841630451,0.123068858879113,-0.239953659083991,0.463431939795551,0.0660000000000001,0.0660000000000001
1,Block-03,A_lOTC_to_IFG_L,45,0.159207157637909,0.149291425114273,0.140926178457475,-0.118837914431677,0.599131627069637,0.042,0.042
1,Block-03,A_V1_L_to_IFG_L,45,0.129500794564385,0.120885448671695,0.1793249678825,-0.438845756109277,0.569927725132962,0.0345,0.0345
1,Block-03,A_IFG_L_to_IFG_L,45,-0.0595083028143356,-0.0429335184844925,0.0819105392114671,-0.384236420200272,0.0366266275478014,-0.037,-0.037
2,ALL,A_vOTC_to_vOTC,45,-0.037504385114973,-0.00695026412685848,0.0547829630165167,-0.175725928278251,0.0048055631655547,0.00135,0.00135
2,ALL,A_lOTC_to_vOTC,45,0.0533143606612171,0.0134967707045633,0.0634760586755455,-0.0527298564835037,0.164614903771283,0.01345,0.01345
2,ALL,A_V1_L_to_vOTC,45,0.0554914826832852,0.0150163989140225,0.0722302005262742,-0.0532824094625512,0.18430397123638,0.00765,0.00765
2,ALL,A_IFG_L_to_vOTC,45,0.0626371348394951,0.0308014771699745,0.0601368284914753,0.00655361373440402,0.1746114550061,0.0044,0.0044
2,ALL,A_vOTC_to_lOTC,45,0.0570222702019475,0.0236510922496552,0.060042667728224,-0.000253801007896785,0.168586025012389,0.00535,0.00535
2,ALL,A_lOTC_to_lOTC,45,-0.0331335415337271,-0.00352644030878153,0.0533608177375814,-0.168295422110834,0.0214488887181361,-0.00125000000000001,-0.00125000000000001
2,ALL,A_V1_L_to_lOTC,45,0.0535644825096515,0.016645989355722,0.0671834205108383,-0.0434684964567152,0.172038910045208,0.0116,0.0116
2,ALL,A_IFG_L_to_lOTC,45,0.059192509531261,0.0274743703696651,0.0572502337948084,0.00654230373167437,0.173139354099028,0.00435,0.00435
2,ALL,A_vOTC_to_V1_L,45,0.0623130429165824,0.0168532389419548,0.0684286266919461,-0.0111137930294925,0.189687903623456,0.00625,0.00625
2,ALL,A_lOTC_to_V1_L,45,0.057539752208815,0.0121169534575924,0.066298845274759,-0.0190307816593536,0.177106008084396,0.00905,0.00905
2,ALL,A_V1_L_to_V1_L,45,-0.0393708227022063,-0.00329828252710103,0.0594008591185889,-0.192503539212213,0.0191963286848997,0.0035,0.0035
2,ALL,A_IFG_L_to_V1_L,45,0.0637028228826177,0.028095310209328,0.0663391939122396,-0.0106400718615661,0.221411115024158,0.01025,0.01025
2,ALL,A_vOTC_to_IFG_L,45,0.0526717546513336,0.0202050166622143,0.0539090941036448,-0.00712193141262252,0.152287442289295,0.007,0.007
2,ALL,A_lOTC_to_IFG_L,45,0.0456510129032547,0.0160616067660063,0.0553755023190898,-0.0643097825253553,0.150395296412063,0.01325,0.01325
2,ALL,A_V1_L_to_IFG_L,45,0.0477501567270549,0.0174902512605679,0.0659110386698407,-0.0672440639981929,0.199168158768602,0.00425,0.00425
2,ALL,A_IFG_L_to_IFG_L,45,-0.0348174382384966,-0.0116560083380661,0.0458423316608638,-0.13660291145888,0.000634231912833062,-0.0015,-0.0015
2,Block-01,A_vOTC_to_vOTC,45,-0.00455857941010889,0,0.0187650785846311,-0.0985665742176418,0.0198442093317513,-0.001,-0.001
2,Block-01,A_lOTC_to_vOTC,45,0.0195271877078825,0.0078125,0.0482896204995189,-0.0296525376337776,0.252698172235296,0.0055,0.0055
2,Block-01,A_V1_L_to_vOTC,45,0.0182405356650861,0.0078125,0.0483329202992752,-0.0581345764815518,0.221895008377154,0.00345000000000001,0.00345000000000001
2,Block-01,A_IFG_L_to_vOTC,45,0.00589329845628071,0.0078125,0.0349337625678535,-0.18590027327835,0.0722366530156937,0.0014,0.0014
2,Block-01,A_vOTC_to_lOTC,45,0.0188846483009657,0.0078125,0.0467653680720195,-0.0353485103424721,0.245072969837062,0.01005,0.01005
2,Block-01,A_lOTC_to_lOTC,45,-0.00550890093014192,0,0.0235562385687011,-0.124931456549504,0.0212128485978173,0.0035,0.0035
2,Block-01,A_V1_L_to_lOTC,45,0.0198129373913338,0.0078125,0.0534890326777375,-0.0651071219014918,0.251474182944067,0.00244999999999999,0.00244999999999999
2,Block-01,A_IFG_L_to_lOTC,45,0.00633510495073324,0.0078125,0.0343805217684681,-0.174523793609489,0.0834913994603731,0.0114,0.0114
2,Block-01,A_vOTC_to_V1_L,45,0.026519706748856,0.00851818358913307,0.0440264796283357,-0.00490377431847511,0.23733854063154,0.0086,0.0086
2,Block-01,A_lOTC_to_V1_L,45,0.0276912577736271,0.00893762342998341,0.0505097564292202,-0.00427467146420524,0.270739177848816,0.01115,0.01115
2,Block-01,A_V1_L_to_V1_L,45,-0.011220382414655,-0.0011244577149274,0.0237677106590919,-0.10987145031199,0.00829462240798243,0.001,0.001
2,Block-01,A_IFG_L_to_V1_L,45,0.0151190933785457,0.00804122219736831,0.0328335133105745,-0.15194804609419,0.0967733572316993,0.01415,0.01415
2,Block-01,A_vOTC_to_IFG_L,45,0.0119944361455674,0.0078125,0.0219192652971994,-0.0245689944526647,0.105754078787363,0.0074,0.0074
2,Block-01,A_lOTC_to_IFG_L,45,0.0120462297181577,0.0078125,0.0238787501166241,-0.025974124688023,0.131138311859497,0.008,0.008
2,Block-01,A_V1_L_to_IFG_L,45,0.0131612511347093,0.0078125,0.0267806249520268,-0.0242602275003588,0.134433953473967,0.0089,0.0089
2,Block-01,A_IFG_L_to_IFG_L,45,-0.00266147798698139,0,0.0130009847564305,-0.0707543697174917,0.0150944958091419,0.000599999999999996,0.000599999999999996
2,Block-02,A_vOTC_to_vOTC,45,-0.00320488505869785,-0.000124762896541097,0.0160988417498,-0.0922017562252158,0.00872661925223015,0.00120000000000001,0.00120000000000001
2,Block-02,A_lOTC_to_vOTC,45,0.0137531058288458,0.0078125,0.0299796360287741,-0.0142688897759888,0.159153354760445,0.006,0.006
2,Block-02,A_V1_L_to_vOTC,45,0.00408738108367956,0.0078125,0.0352969925791787,-0.212004811674216,0.0889587584329135,0.00474999999999999,0.00474999999999999
2,Block-02,A_IFG_L_to_vOTC,45,0.0153716139142354,0.00810334914617115,0.0410514907728995,-0.0213606476641185,0.263557996429978,0.00675,0.00675
2,Block-02,A_vOTC_to_lOTC,45,0.0132305703356234,0.00798186551296457,0.0279443263563253,-0.0068240873546702,0.162516242690788,0.0049,0.0049
2,Block-02,A_lOTC_to_lOTC,45,-0.00221609891530827,0,0.0115500235098575,-0.0562196568653292,0.00798443759240048,0.000749999999999997,0.000749999999999997
2,Block-02,A_V1_L_to_lOTC,45,0.00404176668858675,0.0078125,0.0319712545938648,-0.193961098375976,0.074383830443786,0.0139,0.0139
2,Block-02,A_IFG_L_to_lOTC,45,0.0138631784001691,0.00808169696960148,0.0333332733981728,-0.0135334061747093,0.212185036908309,0.00925,0.00925
2,Block-02,A_vOTC_to_V1_L,45,0.0108584506818601,0.00815364734422542,0.0168059602659327,-0.00216536895595162,0.119117583040614,0.00975,0.00975
2,Block-02,A_lOTC_to_V1_L,45,0.0114574254616205,0.0078125,0.018700326246309,0.00264976478343787,0.128632841109063,0.00975,0.00975
2,Block-02,A_V1_L_to_V1_L,45,-0.00227267812900483,0,0.0120160641488703,-0.0723664296432178,0.00401288427467532,-0.000999999999999994,-0.000999999999999994
2,Block-02,A_IFG_L_to_V1_L,45,0.0095703298065724,0.00819663260789384,0.0146969656489248,-0.0202970934236641,0.101132943710904,0.01065,0.01065
2,Block-02,A_vOTC_to_IFG_L,45,0.014125418848808,0.00795852868584544,0.0337218659565313,-0.00179828540242953,0.221290757293623,0.0074,0.0074
2,Block-02,A_lOTC_to_IFG_L,45,0.0131792782956227,0.0078125,0.0274750209125219,-0.00528616305080312,0.169892206096889,0.00535,0.00535
2,Block-02,A_V1_L_to_IFG_L,45,0.00331915155930724,0.0078125,0.0340878764346722,-0.215433113249857,0.0518781125572958,0.00440000000000002,0.00440000000000002
2,Block-02,A_IFG_L_to_IFG_L,45,-0.00319889642754035,-0.00010271975775318,0.0182627972779928,-0.118409192017491,0.00897396614004684,0.000250000000000014,0.000250000000000014
2,Block-03,A_vOTC_to_vOTC,45,-0.0996263743642034,-0.0908604852041368,0.0705605061707291,-0.286059199400324,-5.75536833706441e-06,-0.10875,-0.10875
2,Block-03,A_lOTC_to_vOTC,45,0.228088949167307,0.220377321577131,0.165955279037283,0.00782394169338853,0.623703361616133,0.016,0.016
2,Block-03,A_V1_L_to_vOTC,45,0.128186545717232,0.0717648449539953,0.194801132830349,-0.219182221773762,0.532454751642174,0.0525,0.0525
2,Block-03,A_IFG_L_to_vOTC,45,0.0972739534097033,0.0525830331253903,0.146597906571401,-0.144429329845294,0.487628809537417,-0.00599999999999999,-0.00599999999999999
2,Block-03,A_vOTC_to_lOTC,45,0.177074188464375,0.160939165559784,0.172403531291191,-0.144200658422748,0.639005353543879,0.07,0.07
2,Block-03,A_lOTC_to_lOTC,45,-0.114583052929048,-0.108693258345466,0.0773348399753044,-0.255202194197954,-5.78382812316772e-06,-0.0455,-0.0455
2,Block-03,A_V1_L_to_lOTC,45,0.161244844846631,0.0746631912810854,0.233739414796517,-0.208019981628973,0.637795891856938,0.002,0.002
2,Block-03,A_IFG_L_to_lOTC,45,0.0725979944144862,0.04448718579249,0.166236243697088,-0.188931965993662,0.589500645840232,0.05,0.05
2,Block-03,A_vOTC_to_V1_L,45,0.123701788365367,0.107570945622421,0.116182274802514,-0.151646646899737,0.357491978994689,0.00900000000000002,0.00900000000000002
2,Block-03,A_lOTC_to_V1_L,45,0.192113024142348,0.196732286680224,0.148520493106385,-0.0763429376340962,0.560233446250198,0.0585,0.0585
2,Block-03,A_V1_L_to_V1_L,45,-0.101357746507537,-0.0703199058523838,0.100186856076423,-0.392341338491872,0.16600142503932,-0.0665,-0.0665
2,Block-03,A_IFG_L_to_V1_L,45,0.0725621787519472,0.0496717534855732,0.167483530429923,-0.265254544682053,0.419067600303467,0.0625,0.0625
2,Block-03,A_vOTC_to_IFG_L,45,0.144692690186362,0.144720811724202,0.155636578484095,-0.26010194396736,0.513990649861268,0.19,0.19
2,Block-03,A_lOTC_to_IFG_L,45,0.191752711722815,0.195841159104968,0.1514078293229,-0.0530431587138487,0.527477715545448,0.045,0.045
2,Block-03,A_V1_L_to_IFG_L,45,0.100389688789427,0.0585663666444135,0.190467901649979,-0.299733108175876,0.502997515469403,-0.00499999999999998,-0.00499999999999998
2,Block-03,A_IFG_L_to_IFG_L,45,-0.0603810602106293,-0.0456615860179784,0.0742173098873035,-0.317428562818594,0.0595058373769375,-0.0445,-0.0445
