subject,session,condition,onset,duration,real subject
sub-01,1,1,0,146.6,sub-01
sub-01,1,2,162,146.5,sub-01
sub-01,1,3,324,146.5,sub-01
sub-01,2,1,0,146.6,sub-01
sub-01,2,2,162,146.5,sub-01
sub-01,2,3,324,146.5,sub-01
sub-02,1,1,0,146.6,sub-02
sub-02,1,2,162,146.6,sub-02
sub-02,1,3,324,151.4,sub-02
sub-02,2,1,0,151.2,sub-02
sub-02,2,2,168,150.9,sub-02
sub-02,2,3,333,148.1,sub-02
sub-03,1,1,0,146.6,sub-03
sub-03,1,2,162,146.5,sub-03
sub-03,1,3,324,146.5,sub-03
sub-03,2,1,0,146.5,sub-03
sub-03,2,2,162,146.5,sub-03
sub-03,2,3,324,146.5,sub-03
sub-04,1,1,0,146.6,sub-04
sub-04,1,2,162,146.6,sub-04
sub-04,1,3,324,146.6,sub-04
sub-04,2,1,0,146.7,sub-04
sub-04,2,2,162,146.6,sub-04
sub-04,2,3,324,146.5,sub-04
sub-05,1,1,0,151.9,sub-05
sub-05,1,2,168.1,152,sub-05
sub-05,1,3,336,151.4,sub-05
sub-05,2,1,0,150.9,sub-05
sub-05,2,2,165,148.2,sub-05
sub-05,2,3,330,148.3,sub-05
sub-06,1,1,0,146.6,sub-06
sub-06,1,2,162,146.6,sub-06
sub-06,1,3,324,146.5,sub-06
sub-06,2,1,0,146.6,sub-06
sub-06,2,2,162,146.6,sub-06
sub-06,2,3,324,146.6,sub-06
sub-07,1,1,0,146.6,sub-07
sub-07,1,2,162,146.5,sub-07
sub-07,1,3,324,146.5,sub-07
sub-07,2,1,0,146.6,sub-07
sub-07,2,2,162,146.6,sub-07
sub-07,2,3,324,146.5,sub-07
sub-08,1,1,0,148.5,sub-08
sub-08,1,2,165.1,148.9,sub-08
sub-08,1,3,330,151.3,sub-08
sub-08,2,1,0,148,sub-08
sub-08,2,2,165,148,sub-08
sub-08,2,3,330.1,147.8,sub-08
sub-09,1,1,0,148.5,sub-09
sub-09,1,2,165.1,149,sub-09
sub-09,1,3,330,151.2,sub-09
sub-09,2,1,0,151,sub-09
sub-09,2,2,168,151,sub-09
sub-09,2,3,336.1,150.9,sub-09
sub-10,1,1,0,151.2,sub-10
sub-10,1,2,168,151.1,sub-10
sub-10,1,3,336,150.9,sub-10
sub-10,2,1,0,151.5,sub-10
sub-10,2,2,168.1,151.9,sub-10
sub-10,2,3,336.2,151.5,sub-10
sub-11,1,1,0,146.6,sub-11
sub-11,1,2,162,146.6,sub-11
sub-11,1,3,324,146.6,sub-11
sub-11,2,1,0,146.6,sub-11
sub-11,2,2,162,146.6,sub-11
sub-11,2,3,324,146.6,sub-11
sub-12,1,1,0,146.7,sub-12
sub-12,1,2,162,146.6,sub-12
sub-12,1,3,324,146.6,sub-12
sub-12,2,1,0,146.6,sub-12
sub-12,2,2,162,146.6,sub-12
sub-12,2,3,324,146.5,sub-12
sub-14,1,1,0,146.6,sub-14
sub-14,1,2,162,146.5,sub-14
sub-14,1,3,324,146.6,sub-14
sub-14,2,1,0,146.5,sub-14
sub-14,2,2,162,146.6,sub-14
sub-14,2,3,324,146.5,sub-14
sub-15,1,1,0,146.5,sub-15
sub-15,1,2,162,146.6,sub-15
sub-15,1,3,324,146.5,sub-15
sub-15,2,1,0,146.6,sub-15
sub-15,2,2,162,146.6,sub-15
sub-15,2,3,324,146.6,sub-15
sub-16,1,1,0,150.9,sub-16
sub-16,1,2,165,147.9,sub-16
sub-16,1,3,327,148.1,sub-16
sub-16,2,1,0,151.5,sub-16
sub-16,2,2,168.1,151.7,sub-16
sub-16,2,3,336.1,151.3,sub-16
sub-17,1,1,0,146.6,sub-17
sub-17,1,2,162,146.6,sub-17
sub-17,1,3,324,146.5,sub-17
sub-17,2,1,0,146.5,sub-17
sub-17,2,2,162,146.5,sub-17
sub-17,2,3,324,146.5,sub-17
sub-19,1,1,0,146.6,sub-19
sub-19,1,2,162,146.6,sub-19
sub-19,1,3,324,146.6,sub-19
sub-19,2,1,0,146.6,sub-19
sub-19,2,2,162,146.6,sub-19
sub-19,2,3,324,146.5,sub-19
sub-20,1,1,0,146.5,sub-20
sub-20,1,2,162,146.6,sub-20
sub-20,1,3,324,146.5,sub-20
sub-20,2,1,0,146.6,sub-20
sub-20,2,2,162,146.6,sub-20
sub-20,2,3,324,146.6,sub-20
sub-21,1,1,0,146.6,sub-21
sub-21,1,2,162,146.5,sub-21
sub-21,1,3,324,146.5,sub-21
sub-21,2,1,0,146.6,sub-21
sub-21,2,2,162,146.6,sub-21
sub-21,2,3,324,146.5,sub-21
sub-22,1,1,0,146.6,sub-22
sub-22,1,2,162,146.6,sub-22
sub-22,1,3,324,146.5,sub-22
sub-22,2,1,0,146.6,sub-22
sub-22,2,2,162,146.5,sub-22
sub-22,2,3,324,146.6,sub-22
sub-23,1,1,0,148.2,sub-23
sub-23,1,2,165,147.9,sub-23
sub-23,1,3,327,151.1,sub-23
sub-23,2,1,0,151.4,sub-23
sub-23,2,2,168.1,151.8,sub-23
sub-23,2,3,336.1,151.5,sub-23
sub-24,1,1,0,150.8,sub-24
sub-24,1,2,165,148.2,sub-24
sub-24,1,3,330,151,sub-24
sub-24,2,1,0,147.5,sub-24
sub-24,2,2,162,147.6,sub-24
sub-24,2,3,324.1,147.5,sub-24
sub-25,1,1,0,150.5,sub-25
sub-25,1,2,165,148.1,sub-25
sub-25,1,3,330,151,sub-25
sub-25,2,1,0,147.9,sub-25
sub-25,2,2,162,147.7,sub-25
sub-25,2,3,324.1,147.6,sub-25
sub-26,1,1,0,150.5,sub-26
sub-26,1,2,165,148.1,sub-26
sub-26,1,3,330,151.3,sub-26
sub-26,2,1,0,147.5,sub-26
sub-26,2,2,162,147.6,sub-26
sub-26,2,3,324.1,147.5,sub-26
sub-27,1,1,0,147.7,sub-27
sub-27,1,2,162,147.6,sub-27
sub-27,1,3,324,147.7,sub-27
sub-27,2,1,0,150.9,sub-27
sub-27,2,2,165,148.5,sub-27
sub-27,2,3,330.1,151,sub-27
sub-28,1,1,0,150.7,sub-28
sub-28,1,2,165,148.2,sub-28
sub-28,1,3,330,150.9,sub-28
sub-28,2,1,0,147.7,sub-28
sub-28,2,2,162,147.7,sub-28
sub-28,2,3,324.1,147.5,sub-28
sub-29,1,1,0,146.1,sub-29
sub-29,1,2,162,146.1,sub-29
sub-29,1,3,324,146.1,sub-29
sub-29,2,1,0,146,sub-29
sub-29,2,2,162,146,sub-29
sub-29,2,3,324,146,sub-29
sub-30,1,1,0,146.2,sub-30
sub-30,1,2,162,146.1,sub-30
sub-30,1,3,324,146.1,sub-30
sub-30,2,1,0,146.1,sub-30
sub-30,2,2,162,146.1,sub-30
sub-30,2,3,324,146.1,sub-30
sub-31,1,1,0,146.1,sub-31
sub-31,1,2,162,146.1,sub-31
sub-31,1,3,324,146.1,sub-31
sub-31,2,1,0,146.1,sub-31
sub-31,2,2,162,146.2,sub-31
sub-31,2,3,324,146.2,sub-31
sub-32,1,1,0,146.2,sub-32
sub-32,1,2,162,146.2,sub-32
sub-32,1,3,324,146.1,sub-32
sub-32,2,1,0,146.2,sub-32
sub-32,2,2,162,146.2,sub-32
sub-32,2,3,324,146.1,sub-32
sub-33,1,1,0,146.4,sub-33
sub-33,1,2,162,146.4,sub-33
sub-33,1,3,324,146.4,sub-33
sub-33,2,1,0,146.2,sub-33
sub-33,2,2,162,146.2,sub-33
sub-33,2,3,324,146.1,sub-33
sub-34,1,1,0,146.5,sub-34
sub-34,1,2,162,146.3,sub-34
sub-34,1,3,324,146.4,sub-34
sub-34,2,1,0,146.1,sub-34
sub-34,2,2,162,146.1,sub-34
sub-34,2,3,324,146.1,sub-34
sub-35,1,1,0,150.7,sub-35
sub-35,1,2,165,148.3,sub-35
sub-35,1,3,330,151,sub-35
sub-35,2,1,0,147.7,sub-35
sub-35,2,2,162,147.7,sub-35
sub-35,2,3,324.1,147.6,sub-35
sub-36,1,1,0,146.1,sub-36
sub-36,1,2,162,146.1,sub-36
sub-36,1,3,324,146.1,sub-36
sub-36,2,1,0,146.4,sub-36
sub-36,2,2,162,146.4,sub-36
sub-36,2,3,324,146.4,sub-36
sub-37,1,1,0,146.4,sub-37
sub-37,1,2,162,146.4,sub-37
sub-37,1,3,324,146.4,sub-37
sub-37,2,1,0,146.3,sub-37
sub-37,2,2,162,146.4,sub-37
sub-37,2,3,324,146.4,sub-37
sub-38,1,1,0,146.4,sub-38
sub-38,1,2,162,146.4,sub-38
sub-38,1,3,324,146.4,sub-38
sub-38,2,1,0,146.1,sub-38
sub-38,2,2,162,146.2,sub-38
sub-38,2,3,324,146.1,sub-38
sub-39,1,1,0,146.2,sub-39
sub-39,1,2,162,146.1,sub-39
sub-39,1,3,324,146.1,sub-39
sub-39,2,1,0,146.1,sub-39
sub-39,2,2,162,146.1,sub-39
sub-39,2,3,324,146.1,sub-39
sub-40,1,1,0,146.2,sub-40
sub-40,1,2,162,147.2,sub-40
sub-40,1,3,324,150.9,sub-40
sub-40,2,1,0,147.6,sub-40
sub-40,2,2,162,147.5,sub-40
sub-40,2,3,324.1,147.7,sub-40
sub-42,1,1,0,147.5,sub-42
sub-42,1,2,162,147.4,sub-42
sub-42,1,3,324,147.5,sub-42
sub-42,2,1,0,150.6,sub-42
sub-42,2,2,165,148,sub-42
sub-42,2,3,330.1,150.9,sub-42
sub-44,1,1,0,146.1,sub-44
sub-44,1,2,162,146.1,sub-44
sub-44,1,3,324,146.1,sub-44
sub-44,2,1,0,146.1,sub-44
sub-44,2,2,162,146.1,sub-44
sub-44,2,3,324,146.1,sub-44
sub-45,1,1,0,146.1,sub-45
sub-45,1,2,162,146.1,sub-45
sub-45,1,3,324,146.1,sub-45
sub-45,2,1,0,146.2,sub-45
sub-45,2,2,162,146.2,sub-45
sub-45,2,3,324,146.1,sub-45
sub-46,1,1,0,146.1,sub-46
sub-46,1,2,162,146.1,sub-46
sub-46,1,3,324,146.1,sub-46
sub-46,2,1,0,146.1,sub-46
sub-46,2,2,162,146.2,sub-46
sub-46,2,3,324,146.1,sub-46
sub-47,1,1,0,147.6,sub-47
sub-47,1,2,162,147.5,sub-47
sub-47,1,3,324,147.5,sub-47
sub-47,2,1,0,150.6,sub-47
sub-47,2,2,165,148.3,sub-47
sub-47,2,3,330.1,150.9,sub-47
sub-48,1,1,0,147.5,sub-48
sub-48,1,2,162,147.4,sub-48
sub-48,1,3,324,147.6,sub-48
sub-48,2,1,0,150.7,sub-48
sub-48,2,2,165,148.1,sub-48
sub-48,2,3,330.1,151.1,sub-48
sub-49,1,1,0,147.5,sub-49
sub-49,1,2,162,147.3,sub-49
sub-49,1,3,324,147.4,sub-49
sub-49,2,1,0,147.6,sub-49
sub-49,2,2,162,148,sub-49
sub-49,2,3,327.1,151,sub-49
