Condition,source,target,edge,edge_type,N,Mean,Median,SD,Min,Max,SEM,ModeHist
ALL,IFG_L,IFG_L,IFG_L→IFG_L,self,90,-0.03185155413815477,-0.01315411016844635,0.0411335353376631,-0.13660291145888,0.0140111766165792,0.004335855329401287,-0.00010889414049511381
ALL,IFG_L,V1_L,IFG_L→V1_L,between_roi,90,0.07372209763096839,0.0427746762384716,0.06903496959241005,-0.0649637453563196,0.221411115024158,0.007276924737082723,0.00961304120109644
ALL,IFG_L,lOTC,IFG_L→lOTC,between_roi,90,0.06515547691722477,0.0450427452298085,0.05880568658248307,-0.0316123636343767,0.173139354099028,0.006198663632354988,0.008911413833692976
ALL,IFG_L,vOTC,IFG_L→vOTC,between_roi,90,0.06681836259596856,0.0476328954801855,0.05983304925357298,-0.0295343745503479,0.1746114550061,0.006306957166477605,0.006616449433606418
ALL,V1_L,IFG_L,V1_L→IFG_L,between_roi,90,0.055433046246948524,0.036744991209397754,0.060437920708695435,-0.0672440639981929,0.199168158768602,0.006370716216137847,0.007684373654968157
ALL,V1_L,V1_L,V1_L→V1_L,self,90,-0.05078403356587186,-0.021039263207786298,0.06247360552764048,-0.197569453501577,0.0191963286848997,0.006585296237007642,-0.0011254633950824877
ALL,V1_L,lOTC,V1_L→lOTC,between_roi,90,0.07261404548545214,0.040792893877776945,0.07570987203549062,-0.0563465869188678,0.208408945494743,0.007980521233067956,0.007084426055226464
ALL,V1_L,vOTC,V1_L→vOTC,between_roi,90,0.07289359525203493,0.0406637578286934,0.07563016459286136,-0.0538805212667268,0.185016958772694,0.007972119330895434,0.008332364160205698
ALL,lOTC,IFG_L,lOTC→IFG_L,between_roi,90,0.05097912667194968,0.033816366763195646,0.05272011458512344,-0.0643097825253553,0.150395296412063,0.005557188019801766,0.009495088359382245
ALL,lOTC,V1_L,lOTC→V1_L,between_roi,90,0.07784368120646544,0.04049721911574,0.0808086285130029,-0.0587632951362537,0.244303784582647,0.008517977356517152,0.007532628552255831
ALL,lOTC,lOTC,lOTC→lOTC,self,90,-0.04062699355866882,-0.0132010451010064,0.0546273778044342,-0.172296990188054,0.0291809336369738,0.005758231215484674,0.0018974647856679627
ALL,lOTC,vOTC,lOTC→vOTC,between_roi,90,0.0676817056205779,0.03849624686007515,0.06846604724455778,-0.0527298564835037,0.189621092591773,0.007216955056049929,0.005333391732448008
ALL,vOTC,IFG_L,vOTC→IFG_L,between_roi,90,0.055001485004702075,0.0380616442870359,0.05155119834659265,-0.0446653377659764,0.152287442289295,0.005433973429544634,0.006624448706750528
ALL,vOTC,V1_L,vOTC→V1_L,between_roi,90,0.08052052544050373,0.05173863047120025,0.07903701945226185,-0.0401966588946312,0.221580912309836,0.008331233364672709,0.006159786006159868
ALL,vOTC,lOTC,vOTC→lOTC,between_roi,90,0.07019163004318534,0.04358869971440235,0.06680386180432135,-0.0456852008354806,0.183400209915637,0.007041745326559369,0.009199845490307994
ALL,vOTC,vOTC,vOTC→vOTC,self,90,-0.042455117886660496,-0.020953564553748652,0.05360145684268933,-0.182133288120645,0.0264980068188759,0.0056500896508705324,-0.0017541477041842085
Block-01,IFG_L,IFG_L,IFG_L→IFG_L,self,90,-0.0031631314717485088,0.0,0.018789465294273718,-0.150774338107731,0.0166146306355027,0.001980583544886362,0.0009219148158245288
Block-01,IFG_L,V1_L,IFG_L→V1_L,between_roi,90,0.015251488075244166,0.008065425115058599,0.027927393589780032,-0.15194804609419,0.133409243786655,0.0029438057618563665,0.005592957694193171
Block-01,IFG_L,lOTC,IFG_L→lOTC,between_roi,90,0.012571672202195279,0.0078271331119343,0.030838958199039642,-0.174523793609489,0.167236899761047,0.0032507116191896513,0.007036574743608262
Block-01,IFG_L,vOTC,IFG_L→vOTC,between_roi,90,0.011413372569525645,0.0078125,0.031188966400457197,-0.18590027327835,0.175327365302653,0.0032876057230635993,0.0060019097178078545
Block-01,V1_L,IFG_L,V1_L→IFG_L,between_roi,90,0.011287289870795829,0.0078125,0.022638343861057782,-0.028335441317079,0.134433953473967,0.0023862909685010997,0.007270363793462308
Block-01,V1_L,V1_L,V1_L→V1_L,self,90,-0.009368554217814682,-0.0008065129350394,0.023368233950947302,-0.147952678537898,0.0095956879318121,0.0024632281393556304,0.0013900438448480323
Block-01,V1_L,lOTC,V1_L→lOTC,between_roi,90,0.02025877979867045,0.00819266669629145,0.04006358607759192,-0.0651071219014918,0.251474182944067,0.004223072774646727,0.010740482384423322
Block-01,V1_L,vOTC,V1_L→vOTC,between_roi,90,0.017725768975206006,0.00782876328848915,0.03631902885366632,-0.0581345764815518,0.221895008377154,0.0038283617860986594,0.00895584489084647
Block-01,lOTC,IFG_L,lOTC→IFG_L,between_roi,90,0.011815278638724846,0.0078125,0.023080461964577303,-0.0303445733373886,0.131138311859497,0.0024328943085649597,0.008344034574365247
Block-01,lOTC,V1_L,lOTC→V1_L,between_roi,90,0.02330991163602445,0.00868524751805045,0.040851131409028754,-0.0288215095879315,0.270739177848816,0.004306087341579148,0.00550315251419582
Block-01,lOTC,lOTC,lOTC→lOTC,self,90,-0.008598388444581218,-7.32049541148922e-05,0.03393612036634895,-0.281565012796243,0.0212128485978173,0.0035771811769096814,-0.0008647037954995773
Block-01,lOTC,vOTC,lOTC→vOTC,between_roi,90,0.01921964557527398,0.0078125,0.037820440862275886,-0.0296525376337776,0.252698172235296,0.003986624507883145,0.008582454327659451
Block-01,vOTC,IFG_L,vOTC→IFG_L,between_roi,90,0.011738578346791373,0.0078125,0.023796840991473455,-0.0325856386494729,0.145426988541467,0.0025084072883305216,0.006354623548545199
Block-01,vOTC,V1_L,vOTC→V1_L,between_roi,90,0.022391658892201072,0.00838717091282535,0.037315526706611986,-0.0373778702139411,0.23733854063154,0.003933401882724521,0.0055465689806653215
Block-01,vOTC,lOTC,vOTC→lOTC,between_roi,90,0.020397070449259754,0.008051606476434551,0.038738179605594864,-0.0353485103424721,0.245072969837062,0.004083362665412099,0.008467345935580108
Block-01,vOTC,vOTC,vOTC→vOTC,self,90,-0.007423437643226882,0.0,0.03401976401894585,-0.298040018131673,0.0198442093317513,0.00358599799204375,0.0032877391513645993
Block-02,IFG_L,IFG_L,IFG_L→IFG_L,self,90,-0.0021143726728958005,-0.00013796284659985,0.013110411395398902,-0.118409192017491,0.0089739661400468,0.0013819587023762298,-0.0003143891422736564
Block-02,IFG_L,V1_L,IFG_L→V1_L,between_roi,90,0.010090086947405937,0.00821886736111725,0.011933823724240043,-0.0202970934236641,0.101132943710904,0.00125793547211839,0.008795519639826173
Block-02,IFG_L,lOTC,IFG_L→lOTC,between_roi,90,0.011328147717020731,0.008134525826781449,0.023831899627635864,-0.0135334061747093,0.212185036908309,0.0025121027930616003,0.007627697864323664
Block-02,IFG_L,vOTC,IFG_L→vOTC,between_roi,90,0.012198992967192686,0.0081322154339791,0.029266658611110347,-0.0213606476641185,0.263557996429978,0.0030849766904562925,0.005350475219703048
Block-02,V1_L,IFG_L,V1_L→IFG_L,between_roi,90,0.005821064507413835,0.0078125,0.024818757947926363,-0.215433113249857,0.056702870907061,0.0026161267937284648,0.008512123712606762
Block-02,V1_L,V1_L,V1_L→V1_L,self,90,-0.0014482604213913136,0.0,0.009099168181437113,-0.0723664296432178,0.0084419159240518,0.0009591365422091173,-0.0008173736721978353
Block-02,V1_L,lOTC,V1_L→lOTC,between_roi,90,0.006331950567637564,0.0078125,0.023009696736247972,-0.193961098375976,0.074383830443786,0.0024254349985428744,0.010092857914051373
Block-02,V1_L,vOTC,V1_L→vOTC,between_roi,90,0.006443653215010237,0.0078125,0.025359036821003187,-0.212004811674216,0.0889587584329135,0.0026730771874148578,0.010582828717515175
Block-02,lOTC,IFG_L,lOTC→IFG_L,between_roi,90,0.010323643555981284,0.0078125,0.02092707131260575,-0.0519993566399848,0.169892206096889,0.0022059070034867907,0.005784904489409413
Block-02,lOTC,V1_L,lOTC→V1_L,between_roi,90,0.009964114087628031,0.0078125,0.014724939781076352,-0.028213336720273,0.128632841109063,0.0015521449372340806,0.009364393384672088
Block-02,lOTC,lOTC,lOTC→lOTC,self,90,-0.00127480086420409,0.0,0.008336774488022836,-0.0562196568653292,0.0079844375924004,0.0008787731907112096,0.0006277184357855424
Block-02,lOTC,vOTC,lOTC→vOTC,between_roi,90,0.011234063897872456,0.0078125,0.021529733812771155,-0.0142688897759888,0.159153354760445,0.0022694332088499334,0.009215372504986614
Block-02,vOTC,IFG_L,vOTC→IFG_L,between_roi,90,0.011394038200106506,0.00793179903162735,0.024598663645240607,-0.018845726442095,0.221290757293623,0.0025929268171780147,0.008669912319289355
Block-02,vOTC,V1_L,vOTC→V1_L,between_roi,90,0.010242880839167218,0.0079966689330998,0.013703674586084548,-0.0081256714310741,0.119117583040614,0.001444494133526411,0.009105185945300333
Block-02,vOTC,lOTC,vOTC→lOTC,between_roi,90,0.011010460128886918,0.007976006556974651,0.020243003084867324,-0.0068240873546702,0.162516242690788,0.002133799880999851,0.009051568587091503
Block-02,vOTC,vOTC,vOTC→vOTC,self,90,-0.0019065797937735445,-8.28772765498503e-05,0.011620792639925543,-0.0922017562252158,0.0087266192522301,0.0012249390986228555,-0.0007354159487804393
Block-03,IFG_L,IFG_L,IFG_L→IFG_L,self,90,-0.05994468151248241,-0.04350522084676675,0.07771954342516807,-0.384236420200272,0.0595058373769375,0.008192359197729841,-0.037562781468077094
Block-03,IFG_L,V1_L,IFG_L→V1_L,between_roi,90,0.04843535956301893,0.047559073887631045,0.15881807863830855,-0.269843335017074,0.425245920250517,0.016740895403626267,0.012536674935384823
Block-03,IFG_L,lOTC,IFG_L→lOTC,between_roi,90,0.06917521356482584,0.049100983042399154,0.17914916097468514,-0.31306185453703,0.885720975993763,0.01888397965293852,0.049070458852480375
Block-03,IFG_L,vOTC,IFG_L→vOTC,between_roi,90,0.08261875036541326,0.05539027759707125,0.15274267047681395,-0.416593791417856,0.535015300207812,0.016100491153442968,0.009647780872807737
Block-03,V1_L,IFG_L,V1_L→IFG_L,between_roi,90,0.11494524167690577,0.0909237723745461,0.18451966979122159,-0.438845756109277,0.569927725132962,0.019450080988080872,0.013000699030475932
Block-03,V1_L,V1_L,V1_L→V1_L,self,90,-0.10998737910149138,-0.07351351413910559,0.10296697655042376,-0.424951515806427,0.16600142503932,0.010853672322682882,-0.0617616875783116
Block-03,V1_L,lOTC,V1_L→lOTC,between_roi,90,0.17342073022360688,0.104816466288878,0.22531202104184234,-0.329844179368055,0.719241643722409,0.02374997235693353,0.008923117671574027
Block-03,V1_L,vOTC,V1_L→vOTC,between_roi,90,0.15067889195506345,0.08642382995067285,0.20414860630929904,-0.445326157466154,0.667415571882528,0.02151915256954686,0.006725170081748055
Block-03,lOTC,IFG_L,lOTC→IFG_L,between_roi,90,0.17547993468036205,0.16158312903121302,0.14635462207939465,-0.118837914431677,0.599131627069637,0.01542713172880185,0.008302525209180678
Block-03,lOTC,V1_L,lOTC→V1_L,between_roi,90,0.18044925597020986,0.17702580057211098,0.15570325800334195,-0.22592724140261,0.561974295489077,0.016412564479980057,0.012084681200087086
Block-03,lOTC,lOTC,lOTC→lOTC,self,90,-0.11130525338667911,-0.08760620582073535,0.08275739822547463,-0.347908877246715,0.0447339731305656,0.008723395720735891,-0.049336709772324516
Block-03,lOTC,vOTC,lOTC→vOTC,between_roi,90,0.22044700185481017,0.195624212171505,0.17482300046082402,-0.0321530606307807,0.753696700526349,0.01842796229469567,0.008776614429486473
Block-03,vOTC,IFG_L,vOTC→IFG_L,between_roi,90,0.13497432800138148,0.1427988172272085,0.13985234945157413,-0.26010194396736,0.513990649861268,0.014741732013092479,0.054373172275520076
Block-03,vOTC,V1_L,vOTC→V1_L,between_roi,90,0.12414258584975223,0.09638204027369651,0.12667637575803412,-0.189687793772023,0.447241167828865,0.013352862437690884,0.002717830044911912
Block-03,vOTC,lOTC,vOTC→lOTC,between_roi,90,0.1677262862769757,0.1436973565639325,0.16766726649326036,-0.187247404163091,0.749289857834589,0.01767368170577118,0.056642507815471504
Block-03,vOTC,vOTC,vOTC→vOTC,self,90,-0.09366843663950293,-0.07848479617540285,0.07140898236812639,-0.286059199400324,0.0539367893972474,0.007527167655936125,-0.04168708245206956
