Run,Condition,node,metric,N,Mean,Median,SD,Min,Max,SEM,ModeHist
Run 1,ALL,IFG_L,incoming_mean_excl_self,45,0.05891813052185247,0.06500670967088369,0.050737864216716444,-0.0489549725628265,0.130368062586388,0.007563554228115472,0.008951424204107349
Run 1,ALL,IFG_L,outgoing_mean_excl_self,45,0.07528646901164987,0.0818861189767761,0.06293722570821585,-0.042036827847014735,0.168475407891707,0.009382127666587865,0.00839839529872068
Run 1,ALL,IFG_L,self_connection,45,-0.02888567003781291,-0.0215597171895565,0.03609538920978304,-0.128084692461984,0.0140111766165792,0.0053807829298258185,0.000689688890463877
Run 1,ALL,V1_L,incoming_mean_excl_self,45,0.09353899684928668,0.10188253187466896,0.080826734135268,-0.05464123312906816,0.20173098311284168,0.012048938128384128,0.006781277012222742
Run 1,ALL,V1_L,outgoing_mean_excl_self,45,0.08169175068295983,0.10250872624134037,0.06880397825758094,-0.05488450702674403,0.1674067518297223,0.010256691500424568,0.007634909526637125
Run 1,ALL,V1_L,self_connection,45,-0.062197244429537404,-0.0473062238763333,0.0640289029696106,-0.197569453501577,0.0165652092973259,0.009544865304319163,0.0009512234682392401
Run 1,ALL,lOTC,incoming_mean_excl_self,45,0.08204768088295482,0.10370644822767272,0.06935771426726925,-0.04059470370506567,0.168877212853346,0.010339237591041403,0.009591276303720465
Run 1,ALL,lOTC,outgoing_mean_excl_self,45,0.07883463374156646,0.095927361104865,0.06832916412803679,-0.038966230017548335,0.16435496079618028,0.010185910389068693,0.009746138614907484
Run 1,ALL,lOTC,self_connection,45,-0.04812044558361053,-0.0376284381986926,0.05544266894714273,-0.172296990188054,0.0291809336369738,0.008264905107988522,0.0018974647856679627
Run 1,ALL,vOTC,incoming_mean_excl_self,45,0.0811147829177218,0.09954448803500542,0.06774800016239968,-0.039925308885740765,0.16857062161888,0.010099275580186164,0.005683175912145035
Run 1,ALL,vOTC,outgoing_mean_excl_self,45,0.07980673773563961,0.10948627972430393,0.0668989277503671,-0.036984667076023235,0.1564968279492908,0.009972703338111193,0.009370274440458255
Run 1,ALL,vOTC,self_connection,45,-0.047405850658348035,-0.0385650659090403,0.0525378322699432,-0.182133288120645,0.0264980068188759,0.007831877623071672,-0.0017541477041842085
Run 1,Block-01,IFG_L,incoming_mean_excl_self,45,0.010826792238063262,0.0078125,0.0214453546407713,-0.030421884434646832,0.10385356101616783,0.003196884718557014,0.007343084598394792
Run 1,Block-01,IFG_L,outgoing_mean_excl_self,45,0.01704185630279019,0.009510717710052267,0.02410554173493998,-0.0007943407257279012,0.15865783628345165,0.0035934419969189343,0.007510460160166867
Run 1,Block-01,IFG_L,self_connection,45,-0.0036647849565156205,0.0,0.023336053297548197,-0.150774338107731,0.0166146306355027,0.0034787334333250593,0.0009219148158245288
Run 1,Block-01,V1_L,incoming_mean_excl_self,45,0.01752535310197019,0.008066425865741902,0.02636466460263564,-0.032487839839758434,0.15710261206578965,0.003930212150365051,0.008985071514580202
Run 1,Block-01,V1_L,outgoing_mean_excl_self,45,0.015776317699405133,0.0078690490854885,0.016601447948364635,-0.004876288162593633,0.07676009994171697,0.0024747977424978496,0.0078793974787049
Run 1,Block-01,V1_L,self_connection,45,-0.007516726020974403,-0.0002244524497978,0.023079016784018094,-0.147952678537898,0.0095956879318121,0.003440416692194869,0.0013900438448480323
Run 1,Block-01,lOTC,incoming_mean_excl_self,45,0.020474118085739408,0.013712351954388866,0.024163981222884805,0.0027280584912630335,0.14970105169013723,0.0036021536414265944,0.007320964528727852
Run 1,Block-01,lOTC,outgoing_mean_excl_self,45,0.01647499883345979,0.0078125,0.022650186581985074,-0.0020657250867593666,0.13992769733317767,0.0033764904600248158,0.008287961964694376
Run 1,Block-01,lOTC,self_connection,45,-0.011687875959020513,-0.0030188481354079,0.04189360960429902,-0.281565012796243,0.0025442283202497,0.006245130593203378,-0.00041524294138042686
Run 1,Block-01,vOTC,incoming_mean_excl_self,45,0.017685517470254007,0.010072825677259534,0.021906074302468784,-0.0037368950447099,0.13235925134592888,0.0032655647506987656,0.009022118679412487
Run 1,Block-01,vOTC,outgoing_mean_excl_self,45,0.017218608060371753,0.0079705621449793,0.02599001899170405,-0.00040410599010823274,0.16767084255967732,0.0038743632801307194,0.008349797580193098
Run 1,Block-01,vOTC,self_connection,45,-0.010288295876344871,-0.0011654150446111,0.044408061255365075,-0.298040018131673,0.0065620073247424,0.006619962914398063,-0.0029568059707706096
Run 1,Block-02,IFG_L,incoming_mean_excl_self,45,0.008151214607755147,0.007858285815242366,0.008918566867435017,-0.030000371223854096,0.05284605074487677,0.0013295014518308035,0.007107921949639932
Run 1,Block-02,IFG_L,outgoing_mean_excl_self,45,0.009476444380753972,0.008235343802684767,0.0057740109594235055,0.006420595610973232,0.04477147671058823,0.0008607387338733158,0.008418037334911515
Run 1,Block-02,IFG_L,self_connection,45,-0.0010298489182512798,-0.0001560230280338,0.0034258709744989283,-0.018488840249075,0.0007247413408873,0.0005106986920748701,-0.0002759660335899042
Run 1,Block-02,V1_L,incoming_mean_excl_self,45,0.009569319266116514,0.007989179491990133,0.008477160732687249,-0.004282673914230533,0.058176227587390134,0.0012637005102987073,0.00807898367463189
Run 1,Block-02,V1_L,outgoing_mean_excl_self,45,0.008581679082849937,0.0078125,0.006808752663973368,0.00010527403895120001,0.0523363180996561,0.0010149889199084822,0.008266374673436341
Run 1,Block-02,V1_L,self_connection,45,-0.0006238427137777878,0.0,0.004657832543309959,-0.0290080997301275,0.0084419159240518,0.0006943486796434534,0.0002497249997000777
Run 1,Block-02,lOTC,incoming_mean_excl_self,45,0.008735200467570432,0.007892471412475167,0.00571543525532408,0.0014646987875293,0.04552624782191637,0.000852006783460234,0.007431366885935882
Run 1,Block-02,lOTC,outgoing_mean_excl_self,45,0.008217944498958215,0.0078125,0.007678484048221468,-0.023389662434737234,0.0466718794626108,0.0011446408197313984,0.007992069873449904
Run 1,Block-02,lOTC,self_connection,45,-0.00033350281309991434,0.0,0.002316851858834579,-0.0154000111817826,0.0007800660395319,0.000345375883343391,-6.264631574489764e-05
Run 1,Block-02,vOTC,incoming_mean_excl_self,45,0.008847106444463345,0.007853411737410533,0.005586938960318935,0.004765224755697634,0.044779603882019736,0.0008328516867610092,0.007682939900325287
Run 1,Block-02,vOTC,outgoing_mean_excl_self,45,0.009026772823343314,0.007976436088498568,0.007922850555356895,-0.006749876234704767,0.05754845576334786,0.0011810688278233318,0.007315383889869246
Run 1,Block-02,vOTC,self_connection,45,-0.0006082745288492514,-7.06018026132713e-05,0.003245655767906718,-0.0215104403529116,0.0010594126735934,0.00048383379524024673,-0.00011610050487040335
Run 1,Block-03,IFG_L,incoming_mean_excl_self,45,0.13798797267289828,0.1504450427421464,0.08493446637616191,0.0078125,0.3026830099625763,0.012661282696651215,0.01088406781211017
Run 1,Block-03,IFG_L,outgoing_mean_excl_self,45,0.05267484013679313,0.050008818055790764,0.15494236415732118,-0.324695558585282,0.533921983652797,0.02309744392335314,0.059893548875524255
Run 1,Block-03,IFG_L,self_connection,45,-0.05950830281433556,-0.0429335184844925,0.08191053921146711,-0.384236420200272,0.0366266275478014,0.012210502250033499,-0.04666918398567149
Run 1,Block-03,V1_L,incoming_mean_excl_self,45,0.1058924705020998,0.09749994301597813,0.07227306903379106,0.0078125,0.29029117527627096,0.010773833020139456,0.01075498620079449
Run 1,Block-03,V1_L,outgoing_mean_excl_self,45,0.16275621611928767,0.14437895461959668,0.1931145347012209,-0.2842436289811808,0.511782711463514,0.02878781513567813,0.00597430763928089
Run 1,Block-03,V1_L,self_connection,45,-0.11861701169544604,-0.0765511731871026,0.10609252234698895,-0.424951515806427,0.0871659192175991,0.015815339458152188,-0.05686710938290826
Run 1,Block-03,lOTC,incoming_mean_excl_self,45,0.13657581080177486,0.14546285934555833,0.07495889955628214,0.0078125,0.3054158130758176,0.011174212995095046,0.010912534511206433
Run 1,Block-03,lOTC,outgoing_mean_excl_self,45,0.18026589999276493,0.14366497162982836,0.15328719345036715,-0.12563940548835592,0.5550458606029076,0.02285070564234543,0.009079553425539982
Run 1,Block-03,lOTC,self_connection,45,-0.10802745384430995,-0.0785297699344044,0.0886034671740505,-0.347908877246715,0.0447339731305656,0.013208225042889873,-0.049336709772324516
Run 1,Block-03,vOTC,incoming_mean_excl_self,45,0.15131328001877742,0.1561599356716664,0.08764055363303855,0.0078125,0.3140071281104606,0.013064682367279356,0.01100202737615063
Run 1,Block-03,vOTC,outgoing_mean_excl_self,45,0.13607257774670467,0.14003304300980998,0.1292669451688904,-0.14324401094419056,0.5417746579272648,0.019269978442758462,0.06368871194406156
Run 1,Block-03,vOTC,self_connection,45,-0.08771049891480247,-0.0730684794444351,0.07254643223996247,-0.285016524010058,0.0539367893972474,0.010814583600909228,-0.04139382999855726
Run 2,ALL,IFG_L,incoming_mean_excl_self,45,0.04869097476054772,0.013629322194272866,0.057285131731209325,-0.039062862558097065,0.15928938187948233,0.00853956324340095,0.008459029338406327
Run 2,ALL,IFG_L,outgoing_mean_excl_self,45,0.061844155751124605,0.03254865315734143,0.06055245989077897,0.006209628562408133,0.16595589346905668,0.00902662776804075,0.007873652155185722
Run 2,ALL,IFG_L,self_connection,45,-0.034817438238496624,-0.0116560083380661,0.04584233166086384,-0.13660291145888,0.000634231912833,0.006833771322718825,-0.000795321663955692
Run 2,ALL,V1_L,incoming_mean_excl_self,45,0.06118520600267169,0.01647632274374197,0.0664358881714508,-0.0096485518988007,0.17498501462706936,0.009903677473129213,0.007660844962999619
Run 2,ALL,V1_L,outgoing_mean_excl_self,45,0.05226870730666389,0.017987383311760866,0.06769870467914131,-0.05368631496802826,0.16762563299069,0.010091927043416203,0.008557670395361247
Run 2,ALL,V1_L,self_connection,45,-0.039370822702206335,-0.003298282527101,0.05940085911858889,-0.192503539212213,0.0191963286848997,0.008854957260736866,-0.0006505339304546109
Run 2,ALL,lOTC,incoming_mean_excl_self,45,0.056593087414286675,0.016506312986833468,0.06026481396940685,-0.0032029103560435672,0.16662736214692167,0.008983748045798176,0.009180547013964313
Run 2,ALL,lOTC,outgoing_mean_excl_self,45,0.05216837525776223,0.012177487668763967,0.06092551924610911,-0.04313386998697577,0.151842490478756,0.009082240173251446,0.0076412238843085525
Run 2,ALL,lOTC,self_connection,45,-0.03313354153372711,-0.0035264403087815,0.05336081773758143,-0.168295422110834,0.0214488887181361,0.007954561053080574,-0.00029264689768340735
Run 2,ALL,vOTC,incoming_mean_excl_self,45,0.0571476593946658,0.014171051071875366,0.06343807492085086,-0.007782752563787733,0.16819129857353665,0.009456789858983142,0.00871481473033643
Run 2,ALL,vOTC,outgoing_mean_excl_self,45,0.05733568925662116,0.027782643468946395,0.05988286531717023,-0.0025759466789385334,0.149666836004681,0.008926810502443809,0.008525089558408725
Run 2,ALL,vOTC,self_connection,45,-0.037504385114972956,-0.0069502641268584,0.05478296301651667,-0.175725928278251,0.0048055631655547,0.008166561954252546,-0.0008360459420642397
Run 2,Block-01,IFG_L,incoming_mean_excl_self,45,0.012400638999478105,0.0078125,0.024050514485789935,-0.022311568350929834,0.12377544804027567,0.0035852390189379793,0.006601486976496252
Run 2,Block-01,IFG_L,outgoing_mean_excl_self,45,0.009115832261853203,0.0078125,0.03311558464261488,-0.170790704327343,0.06825646018222527,0.00493657989170233,0.006004594424525181
Run 2,Block-01,IFG_L,self_connection,45,-0.0026614779869813966,0.0,0.013000984756430451,-0.0707543697174917,0.0150944958091419,0.0019380723793211356,-0.00010790746119946487
Run 2,Block-01,V1_L,incoming_mean_excl_self,45,0.023110019300342937,0.008356381601128733,0.030827443261907173,-0.004551751990876166,0.1353549238307954,0.004595483913742819,0.008564498867405542
Run 2,Block-01,V1_L,outgoing_mean_excl_self,45,0.01707157473037639,0.0078125,0.04115863012376161,-0.0404797336480466,0.19190920048013935,0.006135566321166769,0.0055139095648235395
Run 2,Block-01,V1_L,self_connection,45,-0.01122038241465496,-0.0011244577149274,0.02376771065909191,-0.10987145031199,0.0082946224079824,0.0035430811135517227,-0.0003216537278489112
Run 2,Block-01,lOTC,incoming_mean_excl_self,45,0.015010896881010916,0.0078125,0.033319392043893135,-0.04868790653611873,0.16895701970167068,0.004966961705274047,0.007990459671638934
Run 2,Block-01,lOTC,outgoing_mean_excl_self,45,0.0197548917332224,0.0078125,0.038731179093489214,-0.0081430816385619,0.1865173148162913,0.005773703286784037,0.006050905602937811
Run 2,Block-01,lOTC,self_connection,45,-0.00550890093014192,0.0,0.02355623856870111,-0.124931456549504,0.0212128485978173,0.003511556715587869,0.0014224739424508817
Run 2,Block-01,vOTC,incoming_mean_excl_self,45,0.014553673943083082,0.0078125,0.03140827281984238,-0.04276352033692019,0.16085764918469822,0.004682068872068438,0.006020718194300882
Run 2,Block-01,vOTC,outgoing_mean_excl_self,45,0.019132930398463043,0.0078125,0.0353160427237737,-0.010153929366399065,0.1747204449347305,0.005264604815109654,0.00717804322433183
Run 2,Block-01,vOTC,self_connection,45,-0.004558579410108893,0.0,0.018765078584631133,-0.0985665742176418,0.0198442093317513,0.0027973327545573836,-0.0011243669217870442
Run 2,Block-02,IFG_L,incoming_mean_excl_self,45,0.010207949567912605,0.0078125,0.013053179370460615,-0.004832957171930534,0.0785028377848864,0.0019458530929898563,0.008188260790072113
Run 2,Block-02,IFG_L,outgoing_mean_excl_self,45,0.012935040706992263,0.008127166815125934,0.025639646211687232,-0.0070948740936868674,0.15181531330487433,0.003822132789891841,0.007802955974928244
Run 2,Block-02,IFG_L,self_connection,45,-0.0031988964275403214,-0.0001027197577531,0.01826279727799281,-0.118409192017491,0.0089739661400468,0.0027224570781926695,-0.0003143891422736564
Run 2,Block-02,V1_L,incoming_mean_excl_self,45,0.010628735316684276,0.008131375522092534,0.016233441959164104,-0.0004102473115228333,0.11629445595352701,0.0024199386486325534,0.008099470634887052
Run 2,Block-02,V1_L,outgoing_mean_excl_self,45,0.003816099777191153,0.0078125,0.03369616243038232,-0.207133007766683,0.07174023381133177,0.005023127318347293,0.0049268530165990365
Run 2,Block-02,V1_L,self_connection,45,-0.0022726781290048387,0.0,0.012016064148870326,-0.0723664296432178,0.0040128842746753,0.0017912490839248132,3.479500811837816e-05
Run 2,Block-02,lOTC,incoming_mean_excl_self,45,0.010378505141459708,0.007898212267627434,0.01554590495005965,-0.009197366806354334,0.09556605989271207,0.0023174466826722567,0.00717191861537479
Run 2,Block-02,lOTC,outgoing_mean_excl_self,45,0.012796603195362967,0.0078125,0.024177581517147377,-0.002127570421237633,0.12441487719249526,0.0036041810535922688,0.007099483050597058
Run 2,Block-02,lOTC,self_connection,45,-0.002216098915308266,0.0,0.011550023509857546,-0.0562196568653292,0.0079844375924004,0.001721775847317479,0.0006277184357855424
Run 2,Block-02,vOTC,incoming_mean_excl_self,45,0.011070700275586907,0.0078454555749301,0.01856778035602103,-0.016945402298910835,0.11332325926409016,0.002767921271156551,0.008836936968766442
Run 2,Block-02,vOTC,outgoing_mean_excl_self,45,0.012738146622097116,0.007987769432569769,0.02399877369393721,-0.0023940373970789664,0.13643831991533575,0.0035775259570851557,0.00772915532361794
Run 2,Block-02,vOTC,self_connection,45,-0.0032048850586978385,-0.000124762896541,0.01609884174980003,-0.0922017562252158,0.0087266192522301,0.002399873634104302,-0.0007354159487804393
Run 2,Block-03,IFG_L,incoming_mean_excl_self,45,0.14561169689953457,0.12762412712218296,0.10015344100558447,0.0078247335522309,0.33817438638377073,0.014929993484600118,0.011265875769226106
Run 2,Block-03,IFG_L,outgoing_mean_excl_self,45,0.08081137552537888,0.048913990801151164,0.14363560207367138,-0.15677432846264627,0.4823650871498453,0.021411931348389264,0.009668227686440059
Run 2,Block-03,IFG_L,self_connection,45,-0.06038106021062925,-0.0456615860179784,0.07421730988730349,-0.317428562818594,0.0595058373769375,0.01106366333434519,-0.03865416267398217
Run 2,Block-03,V1_L,incoming_mean_excl_self,45,0.1294589970865542,0.12671547201886516,0.088814847799032,0.007826239178537234,0.338929426878461,0.01323973580599554,0.011275230717078106
Run 2,Block-03,V1_L,outgoing_mean_excl_self,45,0.12994035978442975,0.0654909919233857,0.20306634186677208,-0.23164513116560337,0.5026167138180656,0.030271342957087593,0.005460256277039735
Run 2,Block-03,V1_L,self_connection,45,-0.10135774650753672,-0.0703199058523838,0.10018685607642255,-0.392341338491872,0.16600142503932,0.014934974709257913,-0.04919318173832693
Run 2,Block-03,lOTC,incoming_mean_excl_self,45,0.1369723425751641,0.15266921785478568,0.07604859226897602,0.007824411084943568,0.3099158890780777,0.011336654793773023,0.010971197314038714
Run 2,Block-03,lOTC,outgoing_mean_excl_self,45,0.20398489501082312,0.21611155484707933,0.14670568188440997,0.007824852987820334,0.49520028048763737,0.021869591825266675,0.06366995405550771
Run 2,Block-03,lOTC,self_connection,45,-0.11458305292904826,-0.108693258345466,0.07733483997530441,-0.255202194197954,-5.78382812316772e-06,0.011528397280923254,-0.045196814831114054
Run 2,Block-03,vOTC,incoming_mean_excl_self,45,0.15118314943141384,0.14876778808929053,0.0950030304717127,0.007824256959778566,0.36677727024472206,0.0141622156135489,0.011563350848163394
Run 2,Block-03,vOTC,outgoing_mean_excl_self,45,0.14848955567203495,0.126869346543366,0.1408786837775427,-0.18531641642994834,0.450953388976537,0.02100095423381882,0.006890087286594099
Run 2,Block-03,vOTC,self_connection,45,-0.09962637436420342,-0.0908604852041368,0.07056050617072906,-0.286059199400324,-5.75536833706441e-06,0.010518539221636238,-0.0029854787436702705
