Condition,source,target,edge,edge_type,N_valid,N_present,prevalence,mean_Ep_A,mean_Pp_A
ALL,IFG_L,IFG_L,IFG_L→IFG_L,self,90,0,0.0,-0.03185155413815477,0.5960994296471921
ALL,IFG_L,V1_L,IFG_L→V1_L,between_roi,90,1,0.011111111111111112,0.07372209763096839,0.6891689860377623
ALL,IFG_L,lOTC,IFG_L→lOTC,between_roi,90,0,0.0,0.06515547691722477,0.6713150838603389
ALL,IFG_L,vOTC,IFG_L→vOTC,between_roi,90,0,0.0,0.06681836259596856,0.6749951381585104
ALL,V1_L,IFG_L,V1_L→IFG_L,between_roi,90,1,0.011111111111111112,0.055433046246948524,0.6718900515985646
ALL,V1_L,V1_L,V1_L→V1_L,self,90,1,0.011111111111111112,-0.05078403356587186,0.648313257109193
ALL,V1_L,lOTC,V1_L→lOTC,between_roi,90,9,0.1,0.07261404548545214,0.6984590507430012
ALL,V1_L,vOTC,V1_L→vOTC,between_roi,90,6,0.06666666666666667,0.07289359525203493,0.7033575606546507
ALL,lOTC,IFG_L,lOTC→IFG_L,between_roi,90,0,0.0,0.05097912667194968,0.6507675425426915
ALL,lOTC,V1_L,lOTC→V1_L,between_roi,90,9,0.1,0.07784368120646544,0.6984136734228011
ALL,lOTC,lOTC,lOTC→lOTC,self,90,0,0.0,-0.04062699355866882,0.6217071817441926
ALL,lOTC,vOTC,lOTC→vOTC,between_roi,90,1,0.011111111111111112,0.0676817056205779,0.68313840426163
ALL,vOTC,IFG_L,vOTC→IFG_L,between_roi,90,0,0.0,0.055001485004702075,0.65465446217318
ALL,vOTC,V1_L,vOTC→V1_L,between_roi,90,12,0.13333333333333333,0.08052052544050373,0.7033442270499107
ALL,vOTC,lOTC,vOTC→lOTC,between_roi,90,1,0.011111111111111112,0.07019163004318534,0.6845866349871662
ALL,vOTC,vOTC,vOTC→vOTC,self,90,0,0.0,-0.042455117886660496,0.6244616835672409
Block-01,IFG_L,IFG_L,IFG_L→IFG_L,self,90,0,0.0,-0.0031631314717485088,0.5209683687392043
Block-01,IFG_L,V1_L,IFG_L→V1_L,between_roi,90,0,0.0,0.015251488075244166,0.5372674530280956
Block-01,IFG_L,lOTC,IFG_L→lOTC,between_roi,90,0,0.0,0.012571672202195279,0.5343059882202746
Block-01,IFG_L,vOTC,IFG_L→vOTC,between_roi,90,0,0.0,0.011413372569525645,0.5303667205646149
Block-01,V1_L,IFG_L,V1_L→IFG_L,between_roi,90,0,0.0,0.011287289870795829,0.5283535940528903
Block-01,V1_L,V1_L,V1_L→V1_L,self,90,0,0.0,-0.009368554217814682,0.5335714800594505
Block-01,V1_L,lOTC,V1_L→lOTC,between_roi,90,2,0.022222222222222223,0.02025877979867045,0.5468797561293712
Block-01,V1_L,vOTC,V1_L→vOTC,between_roi,90,2,0.022222222222222223,0.017725768975206006,0.5420023208524025
Block-01,lOTC,IFG_L,lOTC→IFG_L,between_roi,90,0,0.0,0.011815278638724846,0.5257846660136016
Block-01,lOTC,V1_L,lOTC→V1_L,between_roi,90,2,0.022222222222222223,0.02330991163602445,0.5467841664773299
Block-01,lOTC,lOTC,lOTC→lOTC,self,90,1,0.011111111111111112,-0.008598388444581218,0.5286469555149489
Block-01,lOTC,vOTC,lOTC→vOTC,between_roi,90,2,0.022222222222222223,0.01921964557527398,0.5369576106716498
Block-01,vOTC,IFG_L,vOTC→IFG_L,between_roi,90,0,0.0,0.011738578346791373,0.5262805759456428
Block-01,vOTC,V1_L,vOTC→V1_L,between_roi,90,1,0.011111111111111112,0.022391658892201072,0.5466665512723448
Block-01,vOTC,lOTC,vOTC→lOTC,between_roi,90,3,0.03333333333333333,0.020397070449259754,0.5419471464784198
Block-01,vOTC,vOTC,vOTC→vOTC,self,90,1,0.011111111111111112,-0.007423437643226882,0.5248320198879499
Block-02,IFG_L,IFG_L,IFG_L→IFG_L,self,90,0,0.0,-0.0021143726728958005,0.507257297643703
Block-02,IFG_L,V1_L,IFG_L→V1_L,between_roi,90,0,0.0,0.010090086947405937,0.5087218233832239
Block-02,IFG_L,lOTC,IFG_L→lOTC,between_roi,90,1,0.011111111111111112,0.011328147717020731,0.5106109534204317
Block-02,IFG_L,vOTC,IFG_L→vOTC,between_roi,90,1,0.011111111111111112,0.012198992967192686,0.5116678819833199
Block-02,V1_L,IFG_L,V1_L→IFG_L,between_roi,90,1,0.011111111111111112,0.005821064507413835,0.5087044585492732
Block-02,V1_L,V1_L,V1_L→V1_L,self,90,0,0.0,-0.0014482604213913136,0.5060546407784731
Block-02,V1_L,lOTC,V1_L→lOTC,between_roi,90,0,0.0,0.006331950567637564,0.508431251359615
Block-02,V1_L,vOTC,V1_L→vOTC,between_roi,90,1,0.011111111111111112,0.006443653215010237,0.5096170218246722
Block-02,lOTC,IFG_L,lOTC→IFG_L,between_roi,90,0,0.0,0.010323643555981284,0.5109653281017369
Block-02,lOTC,V1_L,lOTC→V1_L,between_roi,90,0,0.0,0.009964114087628031,0.5085700535915616
Block-02,lOTC,lOTC,lOTC→lOTC,self,90,0,0.0,-0.00127480086420409,0.5052314066966613
Block-02,lOTC,vOTC,lOTC→vOTC,between_roi,90,0,0.0,0.011234063897872456,0.5105416363747867
Block-02,vOTC,IFG_L,vOTC→IFG_L,between_roi,90,1,0.011111111111111112,0.011394038200106506,0.5106016489482125
Block-02,vOTC,V1_L,vOTC→V1_L,between_roi,90,0,0.0,0.010242880839167218,0.5082520977546
Block-02,vOTC,lOTC,vOTC→lOTC,between_roi,90,0,0.0,0.011010460128886918,0.5099305919832003
Block-02,vOTC,vOTC,vOTC→vOTC,self,90,0,0.0,-0.0019065797937735445,0.5067692158685795
Block-03,IFG_L,IFG_L,IFG_L→IFG_L,self,90,5,0.05555555555555555,-0.05994468151248241,0.69184590527776
Block-03,IFG_L,V1_L,IFG_L→V1_L,between_roi,90,25,0.2777777777777778,0.04843535956301893,0.811951621200697
Block-03,IFG_L,lOTC,IFG_L→lOTC,between_roi,90,22,0.24444444444444444,0.06917521356482584,0.8000637344495364
Block-03,IFG_L,vOTC,IFG_L→vOTC,between_roi,90,19,0.2111111111111111,0.08261875036541326,0.783657958041439
Block-03,V1_L,IFG_L,V1_L→IFG_L,between_roi,90,40,0.4444444444444444,0.11494524167690577,0.8587183524774087
Block-03,V1_L,V1_L,V1_L→V1_L,self,90,19,0.2111111111111111,-0.10998737910149138,0.7897852687948587
Block-03,V1_L,lOTC,V1_L→lOTC,between_roi,90,44,0.4888888888888889,0.17342073022360688,0.8678154456262535
Block-03,V1_L,vOTC,V1_L→vOTC,between_roi,90,43,0.4777777777777778,0.15067889195506345,0.869369858999132
Block-03,lOTC,IFG_L,lOTC→IFG_L,between_roi,90,42,0.4666666666666667,0.17547993468036205,0.8509120038375574
Block-03,lOTC,V1_L,lOTC→V1_L,between_roi,90,45,0.5,0.18044925597020986,0.8618993015184807
Block-03,lOTC,lOTC,lOTC→lOTC,self,90,14,0.15555555555555556,-0.11130525338667911,0.7816450350817433
Block-03,lOTC,vOTC,lOTC→vOTC,between_roi,90,49,0.5444444444444444,0.22044700185481017,0.8854722223387258
Block-03,vOTC,IFG_L,vOTC→IFG_L,between_roi,90,38,0.4222222222222222,0.13497432800138148,0.8315197816388159
Block-03,vOTC,V1_L,vOTC→V1_L,between_roi,90,31,0.34444444444444444,0.12414258584975223,0.8176603754317356
Block-03,vOTC,lOTC,vOTC→lOTC,between_roi,90,38,0.4222222222222222,0.1677262862769757,0.8493836957851012
Block-03,vOTC,vOTC,vOTC→vOTC,self,90,9,0.1,-0.09366843663950293,0.7537501871176647
