Run,Condition,source,target,edge,edge_type,N,Mean,Median,SD,Min,Max,SEM,ModeHist
Run 1,ALL,IFG_L,IFG_L,IFG_L→IFG_L,self,45,-0.02888567003781291,-0.0215597171895565,0.03609538920978304,-0.128084692461984,0.0140111766165792,0.0053807829298258185,0.000689688890463877
Run 1,ALL,IFG_L,V1_L,IFG_L→V1_L,between_roi,45,0.0837413723793191,0.0961307482465654,0.070948889547564,-0.0649637453563196,0.18949081836285,0.010576435997098493,0.006601600689696861
Run 1,ALL,IFG_L,lOTC,IFG_L→lOTC,between_roi,45,0.07111844430318853,0.07872483941296,0.06036962376968723,-0.0316123636343767,0.165198728759463,0.008999372168340515,0.007339831735237411
Run 1,ALL,IFG_L,vOTC,IFG_L→vOTC,between_roi,45,0.070999590352442,0.068602359425603,0.05990953949327781,-0.0295343745503479,0.167221575479854,0.008930786853845166,0.00940690722646289
Run 1,ALL,V1_L,IFG_L,V1_L→IFG_L,between_roi,45,0.06311593576684212,0.0745246387238718,0.054069397550357945,-0.0544264128946375,0.150281453461316,0.008060189895004065,0.007412421733723456
Run 1,ALL,V1_L,V1_L,V1_L→V1_L,self,45,-0.062197244429537404,-0.0473062238763333,0.0640289029696106,-0.197569453501577,0.0165652092973259,0.009544865304319163,0.0009512234682392401
Run 1,ALL,V1_L,lOTC,V1_L→lOTC,between_roi,45,0.09166360846125278,0.10729896641584,0.07961383878023394,-0.0563465869188678,0.208408945494743,0.011868130364154135,0.007084426055226464
Run 1,ALL,V1_L,vOTC,V1_L→vOTC,between_roi,45,0.09029570782078462,0.108631187514853,0.07571794862164305,-0.0538805212667268,0.185016958772694,0.011287365348988691,0.008332364160205698
Run 1,ALL,lOTC,IFG_L,lOTC→IFG_L,between_roi,45,0.05630724044064469,0.0675767155347278,0.04997474496373582,-0.0477731670278656,0.134970384995678,0.007449795126475237,0.007430614312579867
Run 1,ALL,lOTC,V1_L,lOTC→V1_L,between_roi,45,0.09814761020411594,0.101866602769812,0.08927319974446968,-0.0587632951362537,0.244303784582647,0.013308062879836737,0.007532628552255831
Run 1,ALL,lOTC,lOTC,lOTC→lOTC,self,45,-0.04812044558361053,-0.0376284381986926,0.05544266894714273,-0.172296990188054,0.0291809336369738,0.008264905107988522,0.0018974647856679627
Run 1,ALL,lOTC,vOTC,lOTC→vOTC,between_roi,45,0.08204905057993875,0.0937930190472161,0.07092461930645358,-0.0469074145838527,0.189621092591773,0.01057281800316828,0.009760873593640966
Run 1,ALL,vOTC,IFG_L,vOTC→IFG_L,between_roi,45,0.057331215358070585,0.0643758118082795,0.04957981440159073,-0.0446653377659764,0.137788767666518,0.007390922354251995,0.006649879386912642
Run 1,ALL,vOTC,V1_L,vOTC→V1_L,between_roi,45,0.09872800796442503,0.107143017429327,0.08529422151880298,-0.0401966588946312,0.221580912309836,0.012714911826931253,0.006159786006159868
Run 1,ALL,vOTC,lOTC,vOTC→lOTC,between_roi,45,0.08336098988442318,0.100883479026828,0.07118334690021545,-0.0456852008354806,0.183400209915637,0.010611386835655379,0.009199845490307994
Run 1,ALL,vOTC,vOTC,vOTC→vOTC,self,45,-0.047405850658348035,-0.0385650659090403,0.0525378322699432,-0.182133288120645,0.0264980068188759,0.007831877623071672,-0.0017541477041842085
Run 1,Block-01,IFG_L,IFG_L,IFG_L→IFG_L,self,45,-0.0036647849565156205,0.0,0.023336053297548197,-0.150774338107731,0.0166146306355027,0.0034787334333250593,0.0009219148158245288
Run 1,Block-01,IFG_L,V1_L,IFG_L→V1_L,between_roi,45,0.015383882771942645,0.0080896280327489,0.022350146960083025,-0.0312641397174027,0.133409243786655,0.0033317631939903947,0.008188858413777783
Run 1,Block-01,IFG_L,lOTC,IFG_L→lOTC,between_roi,45,0.018808239453657328,0.0109389108876735,0.02573168277048335,0.0037768364257266,0.167236899761047,0.0038358527900173925,0.008884963404955362
Run 1,Block-01,IFG_L,vOTC,IFG_L→vOTC,between_roi,45,0.0169334466827706,0.0078886530531507,0.02617089954101427,0.0038386639560198,0.175327365302653,0.0039013273604017297,0.009197685873102088
Run 1,Block-01,V1_L,IFG_L,V1_L→IFG_L,between_roi,45,0.009413328606882383,0.0078125,0.017670650010459883,-0.028335441317079,0.0522515104173325,0.0026341849753330443,0.007760797480626157
Run 1,Block-01,V1_L,V1_L,V1_L→V1_L,self,45,-0.007516726020974403,-0.0002244524497978,0.023079016784018094,-0.147952678537898,0.0095956879318121,0.003440416692194869,0.0013900438448480323
Run 1,Block-01,V1_L,lOTC,V1_L→lOTC,between_roi,45,0.020704622206007123,0.0160521084818448,0.019625952082521925,0.0017278348627337,0.0972469206164137,0.002925664198644839,0.008692768198939533
Run 1,Block-01,V1_L,vOTC,V1_L→vOTC,between_roi,45,0.0172110022853259,0.0102236791034501,0.018207400162507655,-0.0130939470328908,0.0807818687914047,0.0027141989637938556,0.007441387678673842
Run 1,Block-01,lOTC,IFG_L,lOTC→IFG_L,between_roi,45,0.011584327559292031,0.0078125,0.02252151492080544,-0.0303445733373886,0.113882184089704,0.0033573092212797837,0.007214478075916766
Run 1,Block-01,lOTC,V1_L,lOTC→V1_L,between_roi,45,0.018928565498421812,0.0081998858571032,0.028018869538995128,-0.0288215095879315,0.1649323879661,0.004176806462792753,0.009525615969637233
Run 1,Block-01,lOTC,lOTC,lOTC→lOTC,self,45,-0.011687875959020513,-0.0030188481354079,0.04189360960429902,-0.281565012796243,0.0025442283202497,0.006245130593203378,-0.00041524294138042686
Run 1,Block-01,lOTC,vOTC,lOTC→vOTC,between_roi,45,0.018912103442665522,0.0108729341037058,0.0236896464622842,-0.0036301119389378,0.140968519943729,0.0035314439901736583,0.006913538302506654
Run 1,Block-01,vOTC,IFG_L,vOTC→IFG_L,between_roi,45,0.01148272054801537,0.0078125,0.025784906598018197,-0.0325856386494729,0.145426988541467,0.0038437869297767687,0.006354623548545199
Run 1,Block-01,vOTC,V1_L,vOTC→V1_L,between_roi,45,0.018263611035546117,0.0081523483021314,0.029040602211634976,-0.0373778702139411,0.172966204444614,0.004329117376849769,0.008634896117617828
Run 1,Block-01,vOTC,lOTC,vOTC→lOTC,between_roi,45,0.021909492597553773,0.0138429917821905,0.02904686309804196,0.0026795041853288,0.184619334692951,0.00433005069469013,0.008365123888691994
Run 1,Block-01,vOTC,vOTC,vOTC→vOTC,self,45,-0.010288295876344871,-0.0011654150446111,0.044408061255365075,-0.298040018131673,0.0065620073247424,0.006619962914398063,-0.0029568059707706096
Run 1,Block-02,IFG_L,IFG_L,IFG_L→IFG_L,self,45,-0.0010298489182512798,-0.0001560230280338,0.0034258709744989283,-0.018488840249075,0.0007247413408873,0.0005106986920748701,-0.0002759660335899042
Run 1,Block-02,IFG_L,V1_L,IFG_L→V1_L,between_roi,45,0.010609844088239503,0.0082384001171427,0.008456692871719304,0.0065438252240616,0.0537259235135677,0.0012606493417334848,0.008018265795608666
Run 1,Block-02,IFG_L,lOTC,IFG_L→lOTC,between_roi,45,0.008793117033872437,0.0082087317103259,0.004957324282046235,-0.0020725254923814,0.0391871803822132,0.0007389942720777148,0.007812612373406889
Run 1,Block-02,IFG_L,vOTC,IFG_L→vOTC,between_roi,45,0.009026372020149973,0.0082053011927927,0.0051699036403946045,0.00322392871031,0.0414013262359838,0.0007706837318030642,0.008393784625244994
Run 1,Block-02,V1_L,IFG_L,V1_L→IFG_L,between_roi,45,0.008322977455520452,0.0078125,0.00843527384451755,-0.0191560305894825,0.056702870907061,0.0012574563816778155,0.008500860581132318
Run 1,Block-02,V1_L,V1_L,V1_L→V1_L,self,45,-0.0006238427137777878,0.0,0.004657832543309959,-0.0290080997301275,0.0084419159240518,0.0006943486796434534,0.0002497249997000777
Run 1,Block-02,V1_L,lOTC,V1_L→lOTC,between_roi,45,0.008622134446688414,0.0078125,0.006167312504308828,0.0031196933540815,0.0486790419551794,0.0009193686665412669,0.0073908822854344275
Run 1,Block-02,V1_L,vOTC,V1_L→vOTC,between_roi,45,0.008799925346340947,0.0078125,0.006598703070712081,0.0037806540756318,0.0516270414367279,0.0009836765752965877,0.00826625289073456
Run 1,Block-02,lOTC,IFG_L,lOTC→IFG_L,between_roi,45,0.007468008816339902,0.0078125,0.010690234902661919,-0.0519993566399848,0.0452413924328209,0.0015936061291861932,0.007763187061010365
Run 1,Block-02,lOTC,V1_L,lOTC→V1_L,between_roi,45,0.008470802713635626,0.0078125,0.00918215638112996,-0.028213336720273,0.053463801981664,0.001368795056549337,0.008371214989969615
Run 1,Block-02,lOTC,lOTC,lOTC→lOTC,self,45,-0.00033350281309991434,0.0,0.002316851858834579,-0.0154000111817826,0.0007800660395319,0.000345375883343391,-6.264631574489764e-05
Run 1,Block-02,lOTC,vOTC,lOTC→vOTC,between_roi,45,0.008715021966899116,0.0078125,0.005082861402121053,0.006251487217853,0.0413104439733475,0.0007577082410235045,0.008077474548868339
Run 1,Block-02,vOTC,IFG_L,vOTC→IFG_L,between_roi,45,0.008662657551405084,0.0079202611803123,0.008456737750052071,-0.018845726442095,0.0565938888947484,0.001260656031800337,0.008658299982795825
Run 1,Block-02,vOTC,V1_L,vOTC→V1_L,between_roi,45,0.009627310996474412,0.0079529061433158,0.009830258789597148,-0.0081256714310741,0.0673389572669387,0.0014654084593302683,0.008382216096616199
Run 1,Block-02,vOTC,lOTC,vOTC→lOTC,between_roi,45,0.008790349922150444,0.0079380669461059,0.006156648133352829,0.0033469285008878,0.0487125211283565,0.0009177789159816076,0.0075999528097129895
Run 1,Block-02,vOTC,vOTC,vOTC→vOTC,self,45,-0.0006082745288492514,-7.06018026132713e-05,0.003245655767906718,-0.0215104403529116,0.0010594126735934,0.00048383379524024673,-0.00011610050487040335
Run 1,Block-03,IFG_L,IFG_L,IFG_L→IFG_L,self,45,-0.05950830281433556,-0.0429335184844925,0.08191053921146711,-0.384236420200272,0.0366266275478014,0.012210502250033499,-0.04666918398567149
Run 1,Block-03,IFG_L,V1_L,IFG_L→V1_L,between_roi,45,0.024308540374090675,0.0374951507989695,0.14757445349433707,-0.269843335017074,0.425245920250517,0.02199910065038127,0.055979753389609255
Run 1,Block-03,IFG_L,lOTC,IFG_L→lOTC,between_roi,45,0.06575243271516545,0.0574924353274297,0.19302800402898984,-0.31306185453703,0.885720975993763,0.028774915904661635,0.049070458852480375
Run 1,Block-03,IFG_L,vOTC,IFG_L→vOTC,between_roi,45,0.06796354732112327,0.0557432511739948,0.15893590761238466,-0.416593791417856,0.535015300207812,0.023692766232461224,0.04929815969054388
Run 1,Block-03,V1_L,IFG_L,V1_L→IFG_L,between_roi,45,0.12950079456438487,0.120885448671695,0.17932496788249994,-0.438845756109277,0.569927725132962,0.02673218788321576,0.0550329274155692
Run 1,Block-03,V1_L,V1_L,V1_L→V1_L,self,45,-0.11861701169544604,-0.0765511731871026,0.10609252234698895,-0.424951515806427,0.0871659192175991,0.015815339458152188,-0.05686710938290826
Run 1,Block-03,V1_L,lOTC,V1_L→lOTC,between_roi,45,0.18559661560058283,0.149495737114337,0.21851182584971757,-0.329844179368055,0.719241643722409,0.03257381976583761,0.07449098161472803
Run 1,Block-03,V1_L,vOTC,V1_L→vOTC,between_roi,45,0.17317123819289526,0.180811550591355,0.21288075357845343,-0.445326157466154,0.667415571882528,0.03173438907352023,0.19218212497319503
Run 1,Block-03,lOTC,IFG_L,lOTC→IFG_L,between_roi,45,0.15920715763790946,0.149291425114273,0.14092617845747454,-0.118837914431677,0.599131627069637,0.021008034322678636,0.008302525209180678
Run 1,Block-03,lOTC,V1_L,lOTC→V1_L,between_roi,45,0.16878548779807157,0.153369663343755,0.1634056002777434,-0.22592724140261,0.561974295489077,0.02435906867501285,0.012084681200087086
Run 1,Block-03,lOTC,lOTC,lOTC→lOTC,self,45,-0.10802745384430995,-0.0785297699344044,0.0886034671740505,-0.347908877246715,0.0447339731305656,0.013208225042889873,-0.049336709772324516
Run 1,Block-03,lOTC,vOTC,lOTC→vOTC,between_roi,45,0.21280505454231374,0.153513842794509,0.1848247023386221,-0.0321530606307807,0.753696700526349,0.027552039890021557,0.07426409452591395
Run 1,Block-03,vOTC,IFG_L,vOTC→IFG_L,between_roi,45,0.1252559658164005,0.136677841630451,0.12306885887911294,-0.239953659083991,0.463431939795551,0.018346022291135005,0.045796740460822966
Run 1,Block-03,vOTC,V1_L,vOTC→V1_L,between_roi,45,0.12458338333413717,0.085193134924972,0.13769456163167682,-0.189687793772023,0.447241167828865,0.020526293329364245,0.06906459687833774
Run 1,Block-03,vOTC,lOTC,vOTC→lOTC,between_roi,45,0.15837838408957627,0.143625375355521,0.16420056204190409,-0.187247404163091,0.749289857834589,0.024477574577957947,0.07615370077375652
Run 1,Block-03,vOTC,vOTC,vOTC→vOTC,self,45,-0.08771049891480247,-0.0730684794444351,0.07254643223996247,-0.285016524010058,0.0539367893972474,0.010814583600909228,-0.04139382999855726
Run 2,ALL,IFG_L,IFG_L,IFG_L→IFG_L,self,45,-0.034817438238496624,-0.0116560083380661,0.04584233166086384,-0.13660291145888,0.000634231912833,0.006833771322718825,-0.000795321663955692
Run 2,ALL,IFG_L,V1_L,IFG_L→V1_L,between_roi,45,0.06370282288261768,0.028095310209328,0.06633919391223955,-0.0106400718615661,0.221411115024158,0.009889263144020524,0.006280327182184613
Run 2,ALL,IFG_L,lOTC,IFG_L→lOTC,between_roi,45,0.05919250953126102,0.0274743703696651,0.05725023379480838,0.0065423037316743,0.173139354099028,0.008534360966196485,0.008277689673000901
Run 2,ALL,IFG_L,vOTC,IFG_L→vOTC,between_roi,45,0.06263713483949512,0.0308014771699745,0.06013682849147533,0.006553613734404,0.1746114550061,0.00896466909721233,0.008304216247650834
Run 2,ALL,V1_L,IFG_L,V1_L→IFG_L,between_roi,45,0.04775015672705493,0.0174902512605679,0.06591103866984073,-0.0672440639981929,0.199168158768602,0.009825437528892079,0.007684373654968157
Run 2,ALL,V1_L,V1_L,V1_L→V1_L,self,45,-0.039370822702206335,-0.003298282527101,0.05940085911858889,-0.192503539212213,0.0191963286848997,0.008854957260736866,-0.0006505339304546109
Run 2,ALL,V1_L,lOTC,V1_L→lOTC,between_roi,45,0.05356448250965149,0.016645989355722,0.0671834205108383,-0.0434684964567152,0.172038910045208,0.010015113014879205,0.008163486351037225
Run 2,ALL,V1_L,vOTC,V1_L→vOTC,between_roi,45,0.05549148268328523,0.0150163989140225,0.07223020052627417,-0.0532824094625512,0.18430397123638,0.010767442560346008,0.00858904384446213
Run 2,ALL,lOTC,IFG_L,lOTC→IFG_L,between_roi,45,0.04565101290325468,0.0160616067660063,0.055375502319089845,-0.0643097825253553,0.150395296412063,0.008254892498245476,0.009495088359382245
Run 2,ALL,lOTC,V1_L,lOTC→V1_L,between_roi,45,0.05753975220881496,0.0121169534575924,0.06629884527475899,-0.0190307816593536,0.177106008084396,0.009883248324273454,0.007529408618445825
Run 2,ALL,lOTC,lOTC,lOTC→lOTC,self,45,-0.03313354153372711,-0.0035264403087815,0.05336081773758143,-0.168295422110834,0.0214488887181361,0.007954561053080574,-0.00029264689768340735
Run 2,ALL,lOTC,vOTC,lOTC→vOTC,between_roi,45,0.05331436066121704,0.0134967707045633,0.06347605867554548,-0.0527298564835037,0.164614903771283,0.009462452142818998,0.008398357338155062
Run 2,ALL,vOTC,IFG_L,vOTC→IFG_L,between_roi,45,0.05267175465133356,0.0202050166622143,0.053909094103644827,-0.0071219314126225,0.152287442289295,0.008036293268078861,0.007822697371932266
Run 2,ALL,vOTC,V1_L,vOTC→V1_L,between_roi,45,0.06231304291658241,0.0168532389419548,0.06842862669194608,-0.0111137930294925,0.189687903623456,0.010200737392676532,0.007711366031721421
Run 2,ALL,vOTC,lOTC,vOTC→lOTC,between_roi,45,0.0570222702019475,0.0236510922496552,0.060042667728224024,-0.0002538010078967,0.168586025012389,0.008950632439382785,0.008539939930659848
Run 2,ALL,vOTC,vOTC,vOTC→vOTC,self,45,-0.037504385114972956,-0.0069502641268584,0.05478296301651667,-0.175725928278251,0.0048055631655547,0.008166561954252546,-0.0008360459420642397
Run 2,Block-01,IFG_L,IFG_L,IFG_L→IFG_L,self,45,-0.0026614779869813966,0.0,0.013000984756430451,-0.0707543697174917,0.0150944958091419,0.0019380723793211356,-0.00010790746119946487
Run 2,Block-01,IFG_L,V1_L,IFG_L→V1_L,between_roi,45,0.015119093378545686,0.0080412221973683,0.03283351331057447,-0.15194804609419,0.0967733572316993,0.004894531180172579,0.006093678935802163
Run 2,Block-01,IFG_L,lOTC,IFG_L→lOTC,between_roi,45,0.00633510495073323,0.0078125,0.03438052176846804,-0.174523793609489,0.0834913994603731,0.005125145585080389,0.005549309887185577
Run 2,Block-01,IFG_L,vOTC,IFG_L→vOTC,between_roi,45,0.0058932984562806885,0.0078125,0.03493376256785347,-0.18590027327835,0.0722366530156937,0.005207617854103864,0.010391347757745736
Run 2,Block-01,V1_L,IFG_L,V1_L→IFG_L,between_roi,45,0.013161251134709276,0.0078125,0.02678062495202676,-0.0242602275003588,0.134433953473967,0.003992219858177258,0.007147995817476516
Run 2,Block-01,V1_L,V1_L,V1_L→V1_L,self,45,-0.01122038241465496,-0.0011244577149274,0.02376771065909191,-0.10987145031199,0.0082946224079824,0.0035430811135517227,-0.0003216537278489112
Run 2,Block-01,V1_L,lOTC,V1_L→lOTC,between_roi,45,0.019812937391333777,0.0078125,0.053489032677737504,-0.0651071219014918,0.251474182944067,0.007973674207875243,0.010740482384423322
Run 2,Block-01,V1_L,vOTC,V1_L→vOTC,between_roi,45,0.018240535665086113,0.0078125,0.04833292029927517,-0.0581345764815518,0.221895008377154,0.00720504635601725,0.00895584489084647
Run 2,Block-01,lOTC,IFG_L,lOTC→IFG_L,between_roi,45,0.012046229718157666,0.0078125,0.023878750116624107,-0.025974124688023,0.131138311859497,0.0035596338985668355,0.008394220806747
Run 2,Block-01,lOTC,V1_L,lOTC→V1_L,between_roi,45,0.02769125777362709,0.0089376234299834,0.05050975642922018,-0.0042746714642052,0.270739177848816,0.007529549926846225,0.010048966520847987
Run 2,Block-01,lOTC,lOTC,lOTC→lOTC,self,45,-0.00550890093014192,0.0,0.02355623856870111,-0.124931456549504,0.0212128485978173,0.003511556715587869,0.0014224739424508817
Run 2,Block-01,lOTC,vOTC,lOTC→vOTC,between_roi,45,0.019527187707882445,0.0078125,0.04828962049951891,-0.0296525376337776,0.252698172235296,0.007198591602972776,0.008582454327659451
Run 2,Block-01,vOTC,IFG_L,vOTC→IFG_L,between_roi,45,0.011994436145567373,0.0078125,0.02191926529719941,-0.0245689944526647,0.105754078787363,0.0032675311480926676,0.006654241844425271
Run 2,Block-01,vOTC,V1_L,vOTC→V1_L,between_roi,45,0.026519706748856026,0.008518183589133,0.04402647962833566,-0.0049037743184751,0.23733854063154,0.006563080083931214,0.007713012918504855
Run 2,Block-01,vOTC,lOTC,vOTC→lOTC,between_roi,45,0.018884648300965735,0.0078125,0.04676536807201949,-0.0353485103424721,0.245072969837062,0.006971369466788923,0.008467345935580108
Run 2,Block-01,vOTC,vOTC,vOTC→vOTC,self,45,-0.004558579410108893,0.0,0.018765078584631133,-0.0985665742176418,0.0198442093317513,0.0027973327545573836,-0.0011243669217870442
Run 2,Block-02,IFG_L,IFG_L,IFG_L→IFG_L,self,45,-0.0031988964275403214,-0.0001027197577531,0.01826279727799281,-0.118409192017491,0.0089739661400468,0.0027224570781926695,-0.0003143891422736564
Run 2,Block-02,IFG_L,V1_L,IFG_L→V1_L,between_roi,45,0.009570329806572372,0.0081966326078938,0.014696965648924799,-0.0202970934236641,0.101132943710904,0.0021908942835983437,0.008795519639826173
Run 2,Block-02,IFG_L,lOTC,IFG_L→lOTC,between_roi,45,0.013863178400169023,0.0080816969696014,0.033333273398172845,-0.0135334061747093,0.212185036908309,0.004969031015393326,0.007627697864323664
Run 2,Block-02,IFG_L,vOTC,IFG_L→vOTC,between_roi,45,0.015371613914235395,0.0081033491461711,0.041051490772899546,-0.0213606476641185,0.263557996429978,0.006119594929727251,0.005350475219703048
Run 2,Block-02,V1_L,IFG_L,V1_L→IFG_L,between_roi,45,0.0033191515593072197,0.0078125,0.034087876434672176,-0.215433113249857,0.0518781125572958,0.00508152059443601,0.010110733524928209
Run 2,Block-02,V1_L,V1_L,V1_L→V1_L,self,45,-0.0022726781290048387,0.0,0.012016064148870326,-0.0723664296432178,0.0040128842746753,0.0017912490839248132,3.479500811837816e-05
Run 2,Block-02,V1_L,lOTC,V1_L→lOTC,between_roi,45,0.004041766688586713,0.0078125,0.03197125459386482,-0.193961098375976,0.074383830443786,0.0047659932398556116,0.010092857914051373
Run 2,Block-02,V1_L,vOTC,V1_L→vOTC,between_roi,45,0.004087381083679527,0.0078125,0.03529699257917868,-0.212004811674216,0.0889587584329135,0.0052617649872232775,0.010582828717515175
Run 2,Block-02,lOTC,IFG_L,lOTC→IFG_L,between_roi,45,0.013179278295622668,0.0078125,0.027475020912521894,-0.0052861630508031,0.169892206096889,0.004095734296241817,0.0074872596995494475
Run 2,Block-02,lOTC,V1_L,lOTC→V1_L,between_roi,45,0.011457425461620435,0.0078125,0.01870032624630896,0.0026497647834378,0.128632841109063,0.0027876800458780204,0.006586735918613588
Run 2,Block-02,lOTC,lOTC,lOTC→lOTC,self,45,-0.002216098915308266,0.0,0.011550023509857546,-0.0562196568653292,0.0079844375924004,0.001721775847317479,0.0006277184357855424
Run 2,Block-02,lOTC,vOTC,lOTC→vOTC,between_roi,45,0.013753105828845796,0.0078125,0.02997963602877408,-0.0142688897759888,0.159153354760445,0.004469100273402712,0.009215372504986614
Run 2,Block-02,vOTC,IFG_L,vOTC→IFG_L,between_roi,45,0.01412541884880793,0.0079585286858454,0.03372186595653135,-0.0017982854024295,0.221290757293623,0.0050269589737960045,0.009820935571323235
Run 2,Block-02,vOTC,V1_L,vOTC→V1_L,between_roi,45,0.010858450681860022,0.0081536473442254,0.016805960265932722,-0.0021653689559516,0.119117583040614,0.002505284638785734,0.009204907793726423
Run 2,Block-02,vOTC,lOTC,vOTC→lOTC,between_roi,45,0.01323057033562339,0.0079818655129645,0.02794432635632534,-0.0068240873546702,0.162516242690788,0.004165694221212164,0.009051568587091503
Run 2,Block-02,vOTC,vOTC,vOTC→vOTC,self,45,-0.0032048850586978385,-0.000124762896541,0.01609884174980003,-0.0922017562252158,0.0087266192522301,0.002399873634104302,-0.0007354159487804393
Run 2,Block-03,IFG_L,IFG_L,IFG_L→IFG_L,self,45,-0.06038106021062925,-0.0456615860179784,0.07421730988730349,-0.317428562818594,0.0595058373769375,0.01106366333434519,-0.03865416267398217
Run 2,Block-03,IFG_L,V1_L,IFG_L→V1_L,between_roi,45,0.07256217875194719,0.0496717534855732,0.16748353042992295,-0.265254544682053,0.419067600303467,0.024966970610197484,0.012751326718314498
Run 2,Block-03,IFG_L,lOTC,IFG_L→lOTC,between_roi,45,0.07259799441448622,0.04448718579249,0.16623624369708767,-0.188931965993662,0.589500645840232,0.024781036082060597,0.013784860004747906
Run 2,Block-03,IFG_L,vOTC,IFG_L→vOTC,between_roi,45,0.09727395340970325,0.0525830331253903,0.14659790657140054,-0.144429329845294,0.487628809537417,0.021853525630187647,0.0070012660484804895
Run 2,Block-03,V1_L,IFG_L,V1_L→IFG_L,between_roi,45,0.10038968878942665,0.0585663666444135,0.19046790164997904,-0.299733108175876,0.502997515469403,0.02839327837473983,0.00965265302074192
Run 2,Block-03,V1_L,V1_L,V1_L→V1_L,self,45,-0.10135774650753672,-0.0703199058523838,0.10018685607642255,-0.392341338491872,0.16600142503932,0.014934974709257913,-0.04919318173832693
Run 2,Block-03,V1_L,lOTC,V1_L→lOTC,between_roi,45,0.16124484484663093,0.0746631912810854,0.2337394147965174,-0.208019981628973,0.637795891856938,0.0348438147004022,0.012244568757982965
Run 2,Block-03,V1_L,vOTC,V1_L→vOTC,between_roi,45,0.12818654571723165,0.0717648449539953,0.19480113283034906,-0.219182221773762,0.532454751642174,0.0290392383401751,0.007874780612301999
Run 2,Block-03,lOTC,IFG_L,lOTC→IFG_L,between_roi,45,0.1917527117228146,0.195841159104968,0.15140782932289976,-0.0530431587138487,0.527477715545448,0.022570546579445985,0.013474858128362376
Run 2,Block-03,lOTC,V1_L,lOTC→V1_L,between_roi,45,0.19211302414234813,0.196732286680224,0.1485204931063853,-0.0763429376340962,0.560233446250198,0.02214012790917776,0.009860114350235295
Run 2,Block-03,lOTC,lOTC,lOTC→lOTC,self,45,-0.11458305292904826,-0.108693258345466,0.07733483997530441,-0.255202194197954,-5.78382812316772e-06,0.011528397280923254,-0.045196814831114054
Run 2,Block-03,lOTC,vOTC,lOTC→vOTC,between_roi,45,0.2280889491673066,0.220377321577131,0.16595527903728316,0.0078239416933885,0.623703361616133,0.0247391523434874,0.014239352317583755
Run 2,Block-03,vOTC,IFG_L,vOTC→IFG_L,between_roi,45,0.14469269018636244,0.144720811724202,0.1556365784840946,-0.26010194396736,0.513990649861268,0.02320093128506111,0.005992385161230851
Run 2,Block-03,vOTC,V1_L,vOTC→V1_L,between_roi,45,0.12370178836536729,0.107570945622421,0.11618227480251395,-0.151646646899737,0.357491978994689,0.017319430949265475,0.18247557634348
Run 2,Block-03,vOTC,lOTC,vOTC→lOTC,between_roi,45,0.17707418846437512,0.160939165559784,0.17240353129119074,-0.144200658422748,0.639005353543879,0.025700401035207637,0.010808864778980257
Run 2,Block-03,vOTC,vOTC,vOTC→vOTC,self,45,-0.09962637436420342,-0.0908604852041368,0.07056050617072906,-0.286059199400324,-5.75536833706441e-06,0.010518539221636238,-0.0029854787436702705
