source,target,edge,edge_type,AnalysisLevel,Contrast,N,MeanDiff,MedianDiff,SDDiff,SEMDiff,t,df,p,Cohen_dz,q_FDR,FDR_sig_05,stars_FDR
IFG_L,IFG_L,IFG_L→IFG_L,self,Run-averaged,Late_B3_minus_mean_B1B2,45,-0.0573059294401602,-0.0574422986199974,0.0553588637527634,0.0082524121672218,-6.944142909848375,44,1.3803585077610078e-08,-1.0351717061262773,,False,
IFG_L,IFG_L,IFG_L→IFG_L,self,Run-averaged,B2_minus_B1,45,0.0010487587988527,0.0,0.0164583765846964,0.0024534699228448,0.4274594072205581,44,0.6711295199151023,0.0637218861444621,,False,
IFG_L,IFG_L,IFG_L→IFG_L,self,Run-averaged,B3_minus_B1,45,-0.0567815500407338,-0.0545473741520112,0.0537463234018932,0.008012028844488,-7.087037645876322,44,8.52380772299018e-09,-1.0564731956853024,,False,
IFG_L,IFG_L,IFG_L→IFG_L,self,Run-averaged,B3_minus_B2,45,-0.0578303088395866,-0.0573593125089871,0.0581031788517203,0.0086615105080849,-6.676700188218393,44,3.4097183880694466e-08,-0.9953036990827978,,False,
IFG_L,V1_L,IFG_L→V1_L,between_roi,Run-averaged,Late_B3_minus_mean_B1B2,45,0.0357645720516938,0.0291984680561167,0.1176781602007709,0.0175424243784022,2.038747397750005,44,0.0475114732479247,0.3039185180213209,0.0475114732479247,True,*
IFG_L,V1_L,IFG_L→V1_L,between_roi,Run-averaged,B2_minus_B1,45,-0.0051614011278382,-0.0016291211745218,0.0220394235736189,0.0032854432863682,-1.5709907850954647,44,0.123349021835679,-0.2341894791666148,0.18502353275351852,False,
IFG_L,V1_L,IFG_L→V1_L,between_roi,Run-averaged,B3_minus_B1,45,0.0331838714877747,0.0261749562775749,0.1202690335208114,0.0179286489693823,1.850885225342106,44,0.0709062206217725,0.2759136788276644,0.0709062206217725,False,
IFG_L,V1_L,IFG_L→V1_L,between_roi,Run-averaged,B3_minus_B2,45,0.038345272615613,0.0319850688384517,0.1160798279124122,0.0173041590685754,2.2159570114706426,44,0.0319133317537401,0.3303353675243758,0.0319133317537401,True,*
IFG_L,lOTC,IFG_L→lOTC,between_roi,Run-averaged,Late_B3_minus_mean_B1B2,45,0.0572253036052178,0.034270713445992,0.136969976641375,0.0204182785764448,2.8026507421264517,44,0.0075095531837411,0.4177945051056653,0.008192239836808474,True,**
IFG_L,lOTC,IFG_L→lOTC,between_roi,Run-averaged,B2_minus_B1,45,-0.0012435244851745,-0.0001441995728964,0.0283442055495064,0.0042253046917948,-0.294304097782427,44,0.7699095480773208,-0.0438722645798834,0.9238914576927849,False,
IFG_L,lOTC,IFG_L→lOTC,between_roi,Run-averaged,B3_minus_B1,45,0.0566035413626305,0.0401144780735369,0.1392643850750768,0.0207603087915052,2.72652694770088,44,0.0091557188740645,0.4064466398362787,0.009988056953524909,True,**
IFG_L,lOTC,IFG_L→lOTC,between_roi,Run-averaged,B3_minus_B2,45,0.0578470658478051,0.0382956840308565,0.1361200831841309,0.0202915839401761,2.8507910480695,44,0.0066149493717686,0.4249708382087513,0.007216308405565745,True,**
IFG_L,vOTC,IFG_L→vOTC,between_roi,Run-averaged,Late_B3_minus_mean_B1B2,45,0.0708125675970541,0.0692868673809976,0.1131548600890973,0.0168681306095799,4.198009206594432,44,0.0001288407959702,0.6258022637410073,0.00015460895516424,True,***
IFG_L,vOTC,IFG_L→vOTC,between_roi,Run-averaged,B2_minus_B1,45,0.000785620397667,0.0,0.0318454693578434,0.0047472422839683,0.165489846667427,44,0.8693164806180331,0.0246697697822922,0.9257678513180416,False,
IFG_L,vOTC,IFG_L→vOTC,between_roi,Run-averaged,B3_minus_B1,45,0.0712053777958876,0.0671692653586113,0.1135756055316577,0.0169308516369658,4.205658363955056,44,0.0001257758007016,0.6269425327962704,0.00015093096084192,True,***
IFG_L,vOTC,IFG_L→vOTC,between_roi,Run-averaged,B3_minus_B2,45,0.0704197573982205,0.0692862753905211,0.1149595298833217,0.0171371548987017,4.109186023845498,44,0.0001702122886158,0.6125612854340405,0.00020425474633896,True,***
V1_L,IFG_L,V1_L→IFG_L,between_roi,Run-averaged,Late_B3_minus_mean_B1B2,45,0.1063910644878009,0.1110768875745761,0.1259790178056313,0.0187798431701365,5.665173213852107,44,1.0454511037722928e-06,0.8445141606989509,1.3939348050297237e-06,True,***
V1_L,IFG_L,V1_L→IFG_L,between_roi,Run-averaged,B2_minus_B1,45,-0.0054662253633819,0.0,0.022947279063193,0.0034207783922638,-1.5979478167144658,44,0.1172122098249601,-0.2382079961780613,0.18502353275351852,False,
V1_L,IFG_L,V1_L→IFG_L,between_roi,Run-averaged,B3_minus_B1,45,0.1036579518061099,0.1110768875745761,0.1276723154457469,0.0190322650787657,5.44643274865695,44,2.1806667702613563e-06,0.8119062573918646,2.9075556936818086e-06,True,***
V1_L,IFG_L,V1_L→IFG_L,between_roi,Run-averaged,B3_minus_B2,45,0.1091241771694919,0.1110768875745761,0.125317574711079,0.018681241055292,5.841377285722613,44,5.769641920319383e-07,0.8707811128732651,7.692855893759177e-07,True,***
V1_L,V1_L,V1_L→V1_L,self,Run-averaged,Late_B3_minus_mean_B1B2,45,-0.1045789717818883,-0.1002329862056301,0.0666771670800576,0.009939645209208,-10.5213988608977,44,1.3611989202464525e-13,-1.5684375380904074,,False,
V1_L,V1_L,V1_L→V1_L,self,Run-averaged,B2_minus_B1,45,0.0079202937964233,0.0026845735348649,0.017259374477744,0.0025728756387573,3.078381899658637,44,0.003577162086433,0.4588980792227766,,False,
V1_L,V1_L,V1_L→V1_L,self,Run-averaged,B3_minus_B1,45,-0.1006188248836767,-0.096539954904323,0.0671391994021353,0.0100085209212058,-10.053316136901651,44,5.66903938175245e-13,-1.4986598854271784,,False,
V1_L,V1_L,V1_L→V1_L,self,Run-averaged,B3_minus_B2,45,-0.1085391186801,-0.1006003725554574,0.0673272613951113,0.010036555547891,-10.81437931192506,44,5.6534778802863374e-14,-1.6121124850621222,,False,
V1_L,lOTC,V1_L→lOTC,between_roi,Run-averaged,Late_B3_minus_mean_B1B2,45,0.1601253650404528,0.125108528475997,0.1576798389159834,0.0235055225664903,6.812244424156243,44,2.1555345386138952e-08,1.015509440783818,3.233301807920843e-08,True,***
V1_L,lOTC,V1_L→lOTC,between_roi,Run-averaged,B2_minus_B1,45,-0.0139268292310328,-0.0055093080892822,0.0323957803608644,0.0048292778047363,-2.88383269593105,44,0.0060594001057185,-0.4298963962558872,0.024237600422874,True,*
V1_L,lOTC,V1_L→lOTC,between_roi,Run-averaged,B3_minus_B1,45,0.1531619504249364,0.1252529486682272,0.1591105020430589,0.0237187932334932,6.457409064498978,44,7.166284868992303e-08,0.962613708449536,1.0749427303488454e-07,True,***
V1_L,lOTC,V1_L→lOTC,between_roi,Run-averaged,B3_minus_B2,45,0.1670887796559693,0.1262431967689574,0.1579064743237003,0.0235393073783412,7.098287854030454,44,8.206687474066875e-09,1.0581502776982132,1.2310031211100313e-08,True,***
V1_L,vOTC,V1_L→vOTC,between_roi,Run-averaged,Late_B3_minus_mean_B1B2,45,0.1385941808599553,0.1219630281386002,0.1330506847884957,0.0198340250426649,6.987698188432548,44,1.1916183569898014e-08,1.0416645437058207,2.0427743262682308e-08,True,***
V1_L,vOTC,V1_L→vOTC,between_roi,Run-averaged,B2_minus_B1,45,-0.0112821157601957,-0.0026346071020915,0.030800586047356,0.0045914802765813,-2.457184846843365,44,0.0180154496384479,-0.3662954900549449,0.054046348915343705,False,
V1_L,vOTC,V1_L→vOTC,between_roi,Run-averaged,B3_minus_B1,45,0.1329531229798574,0.1149365160365866,0.1346980372806488,0.0200795978530221,6.621304069585591,44,4.1131314316820114e-08,0.9870457332859583,7.05108245431202e-08,True,***
V1_L,vOTC,V1_L→vOTC,between_roi,Run-averaged,B3_minus_B2,45,0.1442352387400532,0.1285641427073014,0.1331756218252668,0.0198526495564734,7.265289115679875,44,4.678196217294102e-09,1.0830453559233022,8.019764943932746e-09,True,***
lOTC,IFG_L,lOTC→IFG_L,between_roi,Run-averaged,Late_B3_minus_mean_B1B2,45,0.1644104735830089,0.1568370626958507,0.0990733499750574,0.0147689830201903,11.132145886974536,44,2.207352473442925e-14,1.6594823292479834,1.6348311476309934e-13,True,***
lOTC,IFG_L,lOTC→IFG_L,between_roi,Run-averaged,B2_minus_B1,45,-0.0014916350827435,0.0,0.0228168116590607,0.0034013294599646,-0.4385447220861321,44,0.6631372715909702,-0.0653743873172229,0.8841830287879603,False,
lOTC,IFG_L,lOTC→IFG_L,between_roi,Run-averaged,B3_minus_B1,45,0.1636646560416372,0.1485909815904264,0.09684906431348,0.0144374060908126,11.336153808528389,44,1.215186262103976e-14,1.689894034617507,1.4582235145247713e-13,True,***
lOTC,IFG_L,lOTC→IFG_L,between_roi,Run-averaged,B3_minus_B2,45,0.1651562911243807,0.162314688081581,0.1025261895288533,0.0152837019507028,10.806039770802084,44,5.795773652744082e-14,1.6108692996719804,3.4774641916464494e-13,True,***
lOTC,V1_L,lOTC→V1_L,between_roi,Run-averaged,Late_B3_minus_mean_B1B2,45,0.1638122431083836,0.1658580588698882,0.1206267472023499,0.0179819737766091,9.109803247598425,44,1.092409329581378e-11,1.358009288218562,4.369637318325512e-11,True,***
lOTC,V1_L,lOTC→V1_L,between_roi,Run-averaged,B2_minus_B1,45,-0.0133457975483964,-0.0042595740568392,0.0299810469528229,0.0044693106015416,-2.9860975748234693,44,0.0046033255179088,-0.4451411443168361,0.024237600422874,True,*
lOTC,V1_L,lOTC→V1_L,between_roi,Run-averaged,B3_minus_B1,45,0.1571393443341854,0.152844593802714,0.120181446447412,0.0179155922593776,8.771094031342086,44,3.241599545504757e-11,1.3075174994082386,1.2966398182019028e-10,True,***
lOTC,V1_L,lOTC→V1_L,between_roi,Run-averaged,B3_minus_B2,45,0.1704851418825818,0.1709048865161619,0.1229124721061324,0.0183227095274572,9.304581379031497,44,5.87925974662089e-12,1.3870450977128772,2.351703898648356e-11,True,***
lOTC,lOTC,lOTC→lOTC,self,Run-averaged,Late_B3_minus_mean_B1B2,45,-0.1063686587322864,-0.1030998729237408,0.0582483110418913,0.0086831455376147,-12.250014498951534,44,8.955280001164758e-16,-1.8261243430009104,,False,
lOTC,lOTC,lOTC→lOTC,self,Run-averaged,B2_minus_B1,45,0.0073235875803771,0.0015434667594697,0.0247157572004467,0.0036844075477052,1.987724616658774,44,0.053087401152746,0.2963124908932486,,False,
lOTC,lOTC,lOTC→lOTC,self,Run-averaged,B3_minus_B1,45,-0.1027068649420979,-0.0948463921633671,0.0557524968365363,0.0083110915227891,-12.357806993278077,44,6.630687749095321e-16,-1.8421930993194704,,False,
lOTC,lOTC,lOTC→lOTC,self,Run-averaged,B3_minus_B2,45,-0.110030452522475,-0.1078269914776797,0.0631096260641239,0.0094078275942649,-11.695628073536389,44,4.300925809923139e-15,-1.7434812941321516,,False,
lOTC,vOTC,lOTC→vOTC,between_roi,Run-averaged,Late_B3_minus_mean_B1B2,45,0.2052201471182369,0.1922521539661427,0.1244649446925103,0.0185541384765469,11.060613101365044,44,2.7247185793849888e-14,1.648818851165134,1.6348311476309934e-13,True,***
lOTC,vOTC,lOTC→vOTC,between_roi,Run-averaged,B2_minus_B1,45,-0.0079855816774015,-0.0032428861172677,0.0318618294981817,0.0047496811096961,-1.6812879629117587,44,0.0997930344282818,-0.2506316116548559,0.18502353275351852,False,
lOTC,vOTC,lOTC→vOTC,between_roi,Run-averaged,B3_minus_B1,45,0.2012273562795362,0.1880265478238408,0.1227685417702925,0.0183012536597931,10.99527715533621,44,3.3044634149207994e-14,1.6390791433854852,1.9826780489524796e-13,True,***
lOTC,vOTC,lOTC→vOTC,between_roi,Run-averaged,B3_minus_B2,45,0.2092129379569377,0.1961927367802924,0.128134765601303,0.019101203077701,10.952867057948591,44,3.7463753257283196e-14,1.6327570193394114,3.4774641916464494e-13,True,***
vOTC,IFG_L,vOTC→IFG_L,between_roi,Run-averaged,Late_B3_minus_mean_B1B2,45,0.1234080197279325,0.1403311626529677,0.1030959188596776,0.0153686321848694,8.029863571686542,44,3.654774899383039e-10,1.1970213864226906,7.394248184116037e-10,True,***
vOTC,IFG_L,vOTC→IFG_L,between_roi,Run-averaged,B2_minus_B1,45,-0.0003445401466848,0.0,0.0246647747091437,0.0036768075266242,-0.0937063319714206,44,0.9257678513180416,-0.0139689152140172,0.9257678513180416,False,
vOTC,IFG_L,vOTC→IFG_L,between_roi,Run-averaged,B3_minus_B1,45,0.1232357496545901,0.1392289372330602,0.1031884371510507,0.0153824239974476,8.011464881935282,44,3.883899346097528e-10,1.1942786716906413,1.1651698038292585e-09,True,***
vOTC,IFG_L,vOTC→IFG_L,between_roi,Run-averaged,B3_minus_B2,45,0.1235802898012749,0.1401256660184439,0.1044694164102227,0.015573381110866,7.935353852931099,44,4.996271752800093e-10,1.1829327093779205,9.992543505600186e-10,True,***
vOTC,V1_L,vOTC→V1_L,between_roi,Run-averaged,Late_B3_minus_mean_B1B2,45,0.1078253159840681,0.1159575256190958,0.0901171499861481,0.013433871553838,8.026376875195158,44,3.6971240920580186e-10,1.1965016203979144,7.394248184116037e-10,True,***
vOTC,V1_L,vOTC→V1_L,between_roi,Run-averaged,B2_minus_B1,45,-0.0121487780530338,-0.0039757793576289,0.0277719612794229,0.0041399995526187,-2.934487769533465,44,0.0052914942236137,-0.4374476087879042,0.024237600422874,True,*
vOTC,V1_L,vOTC→V1_L,between_roi,Run-averaged,B3_minus_B1,45,0.1017509269575511,0.1107067363248747,0.0920059838116167,0.013715442275968,7.41871278448217,44,2.7954029603112367e-09,1.1059164061099251,5.590805920622473e-09,True,***
vOTC,V1_L,vOTC→V1_L,between_roi,Run-averaged,B3_minus_B2,45,0.113899705010585,0.121208314913317,0.090347890416773,0.0134682683063737,8.456893077834133,44,8.99100847284278e-11,1.2606791866989693,2.697302541852834e-10,True,***
vOTC,lOTC,vOTC→lOTC,between_roi,Run-averaged,Late_B3_minus_mean_B1B2,45,0.1520225209879023,0.1482863460718324,0.125226656053316,0.0186676877020133,8.143618182101177,44,2.511220178988101e-10,1.2139789225320994,7.394248184116037e-10,True,***
vOTC,lOTC,vOTC→lOTC,between_roi,Run-averaged,B2_minus_B1,45,-0.0093866103203728,-0.0038720423004194,0.0314654086621549,0.0046905861805592,-2.0011593346854664,44,0.0515668950455818,-0.298315220410997,0.12376054810939631,False,
vOTC,lOTC,vOTC→lOTC,between_roi,Run-averaged,B3_minus_B1,45,0.1473292158277159,0.1436271375186685,0.1265141539565316,0.0188596165575119,7.811888188629888,44,7.525463006786752e-10,1.164527534826942,1.8061111216288205e-09,True,***
vOTC,lOTC,vOTC→lOTC,between_roi,Run-averaged,B3_minus_B2,45,0.1567158261480887,0.1529455546249963,0.125907249959612,0.0187691446513166,8.349651998504626,44,1.2765593410137478e-10,1.244692630474888,3.063742418432995e-10,True,***
vOTC,vOTC,vOTC→vOTC,self,Run-averaged,Late_B3_minus_mean_B1B2,45,-0.0890034279210027,-0.0893887670247304,0.0534292340192332,0.0079647599501833,-11.174652905760722,44,1.9483441209177133e-14,-1.6658189014831015,,False,
vOTC,vOTC,vOTC→vOTC,self,Run-averaged,B2_minus_B1,45,0.0055168578494533,0.0014001005791606,0.0258195922360398,0.0038489575594073,1.433338186847334,44,0.1588292167989807,0.2136694413691289,,False,
vOTC,vOTC,vOTC→vOTC,self,Run-averaged,B3_minus_B1,45,-0.086244998996276,-0.0894729965791788,0.0544406685683011,0.0081155357106171,-10.62714798771026,44,9.89987606982917e-14,-1.5842016871646825,,False,
vOTC,vOTC,vOTC→vOTC,self,Run-averaged,B3_minus_B2,45,-0.0917618568457293,-0.0911395871981735,0.0554878849229095,0.0082716455076874,-11.093543208597191,44,2.4727881264975783e-14,-1.653727781716963,,False,
