metric,AnalysisLevel,Contrast,N,MeanDiff,MedianDiff,SDDiff,SEMDiff,t,df,p,Cohen_dz,q_FDR,FDR_sig_05,stars_FDR
mean_all_edges,Run-averaged,Late_B3_minus_mean_B1B2,45,0.0705221741422731,0.07958932698115852,0.03142424170287676,0.004684449372601079,15.05452797819759,44,5.725804188508213e-19,2.2441965285614858,8.588706282762319e-19,True,***
mean_all_edges,Run-averaged,B2_minus_B1,45,-0.003699245023342682,-0.0005806973678959167,0.011358422590520894,0.001693213668638265,-2.1847479097648255,44,0.03427781396480457,-0.32568298932898176,0.051416720947206854,False,
mean_all_edges,Run-averaged,B3_minus_B1,45,0.06867255163060176,0.06895928548651108,0.03082112137784776,0.004594541502909304,14.94655159543508,44,7.470916951926392e-19,2.2281003597733853,1.120637542788959e-18,True,***
mean_all_edges,Run-averaged,B3_minus_B2,45,0.07237179665394447,0.08399805777775644,0.03300804889850416,0.004920549409446156,14.7080723374121,44,1.3507401591518225e-18,2.1925499709625123,2.026110238727734e-18,True,***
mean_offdiag,Run-averaged,Late_B3_minus_mean_B1B2,45,0.12380098117930897,0.13828079042005606,0.05027457662464002,0.007494491391514467,16.51893033321526,44,1.7584101921424274e-20,2.4624967427101714,5.2752305764272825e-20,True,***
mean_offdiag,Run-averaged,B2_minus_B1,45,-0.006749784866549122,-0.0010990532347685874,0.02022816678617028,0.003015437066272013,-2.238410127024765,44,0.030302815274891735,-0.3336824803700876,0.051416720947206854,False,
mean_offdiag,Run-averaged,B3_minus_B1,45,0.12042608874603439,0.12880651693744039,0.048761515809291035,0.007268937602367028,16.56722004420829,44,1.5736189690693623e-20,2.4696953478031207,4.720856907208087e-20,True,***
mean_offdiag,Run-averaged,B3_minus_B2,45,0.12717587361258353,0.13824325913830232,0.05368398319162266,0.008002735714628293,15.89154985839621,44,7.60458099766096e-20,2.3689723834134053,2.281374299298288e-19,True,***
mean_self,Run-averaged,Late_B3_minus_mean_B1B2,45,-0.08931424696883447,-0.08892478405203758,0.041364322925266386,0.0061662291936099055,-14.484418947870322,44,2.367742581205863e-18,-2.159209692134935,2.367742581205863e-18,True,***
mean_self,Run-averaged,B2_minus_B1,45,0.005452374506276635,0.0009743702327220953,0.02028641061790027,0.0030241195440732344,1.8029626232740605,44,0.0782452540309796,0.26876979910214294,0.0782452540309796,False,
mean_self,Run-averaged,B3_minus_B1,45,-0.08658805971569615,-0.08382926495907374,0.03984114644322402,0.005939167449904858,-14.579157844267082,44,1.8654060018580728e-18,-2.1733325329653663,1.8654060018580728e-18,True,***
mean_self,Run-averaged,B3_minus_B2,45,-0.09204043422197276,-0.09125553033330681,0.045171525324036184,0.006733773418126541,-13.668478059301867,44,1.9280314585403093e-17,-2.0375764059708916,1.9280314585403093e-17,True,***
