Run,Condition,metric,N,Mean,Median,SD,Min,Max,SEM,ModeHist
Run 1,ALL,mean_all_edges,45,0.04751559767538365,0.0668106327263385,0.039114953966347094,-0.022066999250203705,0.09712024471768979,0.005830913067035141,0.006488277950437443
Run 1,ALL,mean_offdiag,45,0.07890489779295394,0.10795922378248664,0.06609337514081694,-0.036610609531084505,0.1516030367371049,0.00985261864515076,0.008482243220669209
Run 1,ALL,mean_self,45,-0.046652302677327215,-0.047751643010271724,0.05044625087770345,-0.16326538296119025,0.0215638315924387,0.007520083078170222,0.00038548409150203355
Run 1,Block-01,mean_all_edges,45,0.010398603742201574,0.005917408752261807,0.009357132014791653,0.0012519419924547624,0.046919836298782866,0.0013948788839675801,0.005533307083673022
Run 1,Block-01,mean_offdiag,45,0.016627945224006718,0.007903800322114385,0.02178476106201419,0.0005045671902240749,0.1357541190295059,0.0032474804405502825,0.007548814681853337
Run 1,Block-01,mean_self,45,-0.008289420703213852,-0.0002810620596554248,0.03278003440836133,-0.21958301189338628,0.003494066399146825,0.004886559016125202,0.0011703468335996128
Run 1,Block-02,mean_all_edges,45,0.0064570658364836294,0.005938755061906227,0.004287109475275798,-0.003153719808897943,0.03247356241216952,0.0006390845475800092,0.006124218269505041
Run 1,Block-02,mean_offdiag,45,0.008825710196476358,0.007943276601739118,0.006718014253007896,-0.0038189657512735496,0.05033203250905075,0.0010014624362358752,0.008026565118172391
Run 1,Block-02,mean_self,45,-0.0006488672434945584,-5.272304559958478e-05,0.003192400913865709,-0.021101847878474175,0.000683178816410575,0.00047589503032241173,2.396732195425813e-06
Run 1,Block-03,mean_all_edges,45,0.07634033341985981,0.08962303109342208,0.03889475960308536,0.005859375,0.13436614153978335,0.0057980884294007735,0.007197987151456076
Run 1,Block-03,mean_offdiag,45,0.1329423834988876,0.15099110355331727,0.06385729633383888,0.0078125,0.22880392695996407,0.009519283697454122,0.01011449403083296
Run 1,Block-03,mean_self,45,-0.09346581681722352,-0.08345550501961571,0.0636687426895568,-0.3415460602704165,0.0,0.009491175779719453,-0.05336657191725258
Run 2,ALL,mean_all_edges,45,0.03287653719544454,0.009997943823994241,0.0345937338566018,-0.005924313676428856,0.0934549246177489,0.005156929366593172,0.00546289071144568
Run 2,ALL,mean_offdiag,45,0.05590423189304297,0.014486000241865577,0.0611398779918435,-0.009352879132456934,0.14876236896661515,0.009114194888387026,0.008764493045561744
Run 2,ALL,mean_self,45,-0.03620654689735076,-0.004993720374374049,0.0523749829061939,-0.16386624324174626,0.004751305806540374,0.007807601473242603,-0.0005179926012185837
Run 2,Block-01,mean_all_edges,45,0.010704771664366121,0.005859375,0.017371239309369194,-0.013382116063695293,0.09504410578642297,0.002589551463277734,0.005818360722263152
Run 2,Block-01,mean_offdiag,45,0.01626880728097876,0.0078125,0.028575779005918164,-0.021937053846635923,0.14723626018936,0.0042598256244829585,0.008020720513905023
Run 2,Block-01,mean_self,45,-0.005987335185471792,0.0,0.018867767477263125,-0.10103096269915687,0.0122826972851266,0.002812640710854671,-0.0007011595880725488
Run 2,Block-02,mean_all_edges,45,0.007247819523398702,0.005935851531892515,0.00897520832862183,-0.0017208190472173064,0.06431728395914553,0.0013379450623347122,0.005846046922261769
Run 2,Block-02,mean_offdiag,45,0.010571472575410875,0.007897546987918017,0.015391770511886733,-0.004369554195175059,0.1009216532238039,0.002294469677243698,0.007695063321582948
Run 2,Block-02,mean_self,45,-0.0027231396326378157,-3.969874624535064e-06,0.014186777964409439,-0.08408682154456182,0.00622538639665595,0.0021148399940077063,-0.0003598787657245195
Run 2,Block-03,mean_all_edges,45,0.08210814524791141,0.09463052762370297,0.04275481351225331,0.005867123509563168,0.14284446915113647,0.006373511291914996,0.11573436949290841
Run 2,Block-03,mean_offdiag,45,0.14080654649816668,0.169268277279414,0.07243585837243069,0.007824910193872566,0.2520178079746143,0.010798100221953487,0.17825120343668194
Run 2,Block-03,mean_self,45,-0.09398705850285442,-0.08721240252907644,0.05678757456577462,-0.2299152219990425,-6.236543365031589e-06,0.008465391800427343,-0.0024011218085283293
