Condition,metric,N,Mean,Median,SD,Min,Max,SEM,ModeHist
ALL,mean_all_edges,90,0.040196067435414096,0.025177277530065018,0.03744612055707912,-0.022066999250203705,0.09712024471768979,0.003947167683254107,0.006488277950437443
ALL,mean_offdiag,90,0.06740456484299845,0.03923463751161359,0.06435379925789149,-0.036610609531084505,0.1516030367371049,0.006783486058006356,0.008482243220669209
ALL,mean_self,90,-0.04142942478733899,-0.016858139513209323,0.05139901581060646,-0.16386624324174626,0.0215638315924387,0.005417931981750738,0.0003166355176883323
Block-01,mean_all_edges,90,0.010551687703283848,0.005859375,0.013874237547262218,-0.013382116063695293,0.09504410578642297,0.0014624730482525547,0.005818360722263152
Block-01,mean_offdiag,90,0.01644837625249274,0.0078125,0.025265676923460108,-0.021937053846635923,0.14723626018936,0.0026632361901363214,0.008020720513905023
Block-01,mean_self,90,-0.007138377944342822,-2.95719959588861e-05,0.026618880345627864,-0.21958301189338628,0.0122826972851266,0.002805876355189138,0.00020635826541239022
Block-02,mean_all_edges,90,0.006852442679941165,0.005937303296899371,0.007004934563238826,-0.003153719808897943,0.06431728395914553,0.0007383849360090495,0.005982978618024611
Block-02,mean_offdiag,90,0.009698591385943617,0.007906669494324777,0.011840825776475931,-0.004369554195175059,0.1009216532238039,0.0012481326276965246,0.007695063321582948
Block-02,mean_self,90,-0.0016860034380661872,-1.6169333176155163e-05,0.010277539987008387,-0.08408682154456182,0.00622538639665595,0.0010833478367467946,-0.0003598787657245195
Block-03,mean_all_edges,90,0.07922423933388562,0.09292280556797183,0.040743467654965365,0.005859375,0.14284446915113647,0.004294738585436331,0.007286303064074338
Block-03,mean_offdiag,90,0.13687446499852715,0.15790189377426617,0.06801178518697396,0.0078125,0.2520178079746143,0.007169071630831281,0.010356305291402232
Block-03,mean_self,90,-0.09372643766003895,-0.08628083854289743,0.05998705474604638,-0.3415460602704165,0.0,0.006323190770757334,-0.04625102899495226
