file_index,file_name,full_path,subject,run,block,n_roi,status,message
1,DCM_sub-01_GLM_run_1_ALL_4ROI.mat,work/glm/sub-01/GLM_run_1_ALL/DCM_sub-01_GLM_run_1_ALL_4ROI.mat,sub-01,run_1,,4,OK,
2,DCM_sub-01_GLM_run_1_block-01_4ROI.mat,work/glm/sub-01/GLM_run_1_block-01/DCM_sub-01_GLM_run_1_block-01_4ROI.mat,sub-01,run_1,block-01,4,OK,
3,DCM_sub-01_GLM_run_1_block-02_4ROI.mat,work/glm/sub-01/GLM_run_1_block-02/DCM_sub-01_GLM_run_1_block-02_4ROI.mat,sub-01,run_1,block-02,4,OK,
4,DCM_sub-01_GLM_run_1_block-03_4ROI.mat,work/glm/sub-01/GLM_run_1_block-03/DCM_sub-01_GLM_run_1_block-03_4ROI.mat,sub-01,run_1,block-03,4,OK,
5,DCM_sub-01_GLM_run_2_ALL_4ROI.mat,work/glm/sub-01/GLM_run_2_ALL/DCM_sub-01_GLM_run_2_ALL_4ROI.mat,sub-01,run_2,,4,OK,
6,DCM_sub-01_GLM_run_2_block-01_4ROI.mat,work/glm/sub-01/GLM_run_2_block-01/DCM_sub-01_GLM_run_2_block-01_4ROI.mat,sub-01,run_2,block-01,4,OK,
7,DCM_sub-01_GLM_run_2_block-02_4ROI.mat,work/glm/sub-01/GLM_run_2_block-02/DCM_sub-01_GLM_run_2_block-02_4ROI.mat,sub-01,run_2,block-02,4,OK,
8,DCM_sub-01_GLM_run_2_block-03_4ROI.mat,work/glm/sub-01/GLM_run_2_block-03/DCM_sub-01_GLM_run_2_block-03_4ROI.mat,sub-01,run_2,block-03,4,OK,
9,DCM_sub-02_GLM_run_1_ALL_4ROI.mat,work/glm/sub-02/GLM_run_1_ALL/DCM_sub-02_GLM_run_1_ALL_4ROI.mat,sub-02,run_1,,4,OK,
10,DCM_sub-02_GLM_run_1_block-01_4ROI.mat,work/glm/sub-02/GLM_run_1_block-01/DCM_sub-02_GLM_run_1_block-01_4ROI.mat,sub-02,run_1,block-01,4,OK,
11,DCM_sub-02_GLM_run_1_block-02_4ROI.mat,work/glm/sub-02/GLM_run_1_block-02/DCM_sub-02_GLM_run_1_block-02_4ROI.mat,sub-02,run_1,block-02,4,OK,
12,DCM_sub-02_GLM_run_1_block-03_4ROI.mat,work/glm/sub-02/GLM_run_1_block-03/DCM_sub-02_GLM_run_1_block-03_4ROI.mat,sub-02,run_1,block-03,4,OK,
13,DCM_sub-02_GLM_run_2_ALL_4ROI.mat,work/glm/sub-02/GLM_run_2_ALL/DCM_sub-02_GLM_run_2_ALL_4ROI.mat,sub-02,run_2,,4,OK,
14,DCM_sub-02_GLM_run_2_block-01_4ROI.mat,work/glm/sub-02/GLM_run_2_block-01/DCM_sub-02_GLM_run_2_block-01_4ROI.mat,sub-02,run_2,block-01,4,OK,
15,DCM_sub-02_GLM_run_2_block-02_4ROI.mat,work/glm/sub-02/GLM_run_2_block-02/DCM_sub-02_GLM_run_2_block-02_4ROI.mat,sub-02,run_2,block-02,4,OK,
16,DCM_sub-02_GLM_run_2_block-03_4ROI.mat,work/glm/sub-02/GLM_run_2_block-03/DCM_sub-02_GLM_run_2_block-03_4ROI.mat,sub-02,run_2,block-03,4,OK,
17,DCM_sub-03_GLM_run_1_ALL_4ROI.mat,work/glm/sub-03/GLM_run_1_ALL/DCM_sub-03_GLM_run_1_ALL_4ROI.mat,sub-03,run_1,,4,OK,
18,DCM_sub-03_GLM_run_1_block-01_4ROI.mat,work/glm/sub-03/GLM_run_1_block-01/DCM_sub-03_GLM_run_1_block-01_4ROI.mat,sub-03,run_1,block-01,4,OK,
19,DCM_sub-03_GLM_run_1_block-02_4ROI.mat,work/glm/sub-03/GLM_run_1_block-02/DCM_sub-03_GLM_run_1_block-02_4ROI.mat,sub-03,run_1,block-02,4,OK,
20,DCM_sub-03_GLM_run_1_block-03_4ROI.mat,work/glm/sub-03/GLM_run_1_block-03/DCM_sub-03_GLM_run_1_block-03_4ROI.mat,sub-03,run_1,block-03,4,OK,
21,DCM_sub-03_GLM_run_2_ALL_4ROI.mat,work/glm/sub-03/GLM_run_2_ALL/DCM_sub-03_GLM_run_2_ALL_4ROI.mat,sub-03,run_2,,4,OK,
22,DCM_sub-03_GLM_run_2_block-01_4ROI.mat,work/glm/sub-03/GLM_run_2_block-01/DCM_sub-03_GLM_run_2_block-01_4ROI.mat,sub-03,run_2,block-01,4,OK,
23,DCM_sub-03_GLM_run_2_block-02_4ROI.mat,work/glm/sub-03/GLM_run_2_block-02/DCM_sub-03_GLM_run_2_block-02_4ROI.mat,sub-03,run_2,block-02,4,OK,
24,DCM_sub-03_GLM_run_2_block-03_4ROI.mat,work/glm/sub-03/GLM_run_2_block-03/DCM_sub-03_GLM_run_2_block-03_4ROI.mat,sub-03,run_2,block-03,4,OK,
25,DCM_sub-04_GLM_run_1_ALL_4ROI.mat,work/glm/sub-04/GLM_run_1_ALL/DCM_sub-04_GLM_run_1_ALL_4ROI.mat,sub-04,run_1,,4,OK,
26,DCM_sub-04_GLM_run_1_block-01_4ROI.mat,work/glm/sub-04/GLM_run_1_block-01/DCM_sub-04_GLM_run_1_block-01_4ROI.mat,sub-04,run_1,block-01,4,OK,
27,DCM_sub-04_GLM_run_1_block-02_4ROI.mat,work/glm/sub-04/GLM_run_1_block-02/DCM_sub-04_GLM_run_1_block-02_4ROI.mat,sub-04,run_1,block-02,4,OK,
28,DCM_sub-04_GLM_run_1_block-03_4ROI.mat,work/glm/sub-04/GLM_run_1_block-03/DCM_sub-04_GLM_run_1_block-03_4ROI.mat,sub-04,run_1,block-03,4,OK,
29,DCM_sub-04_GLM_run_2_ALL_4ROI.mat,work/glm/sub-04/GLM_run_2_ALL/DCM_sub-04_GLM_run_2_ALL_4ROI.mat,sub-04,run_2,,4,OK,
30,DCM_sub-04_GLM_run_2_block-01_4ROI.mat,work/glm/sub-04/GLM_run_2_block-01/DCM_sub-04_GLM_run_2_block-01_4ROI.mat,sub-04,run_2,block-01,4,OK,
31,DCM_sub-04_GLM_run_2_block-02_4ROI.mat,work/glm/sub-04/GLM_run_2_block-02/DCM_sub-04_GLM_run_2_block-02_4ROI.mat,sub-04,run_2,block-02,4,OK,
32,DCM_sub-04_GLM_run_2_block-03_4ROI.mat,work/glm/sub-04/GLM_run_2_block-03/DCM_sub-04_GLM_run_2_block-03_4ROI.mat,sub-04,run_2,block-03,4,OK,
33,DCM_sub-05_GLM_run_1_ALL_4ROI.mat,work/glm/sub-05/GLM_run_1_ALL/DCM_sub-05_GLM_run_1_ALL_4ROI.mat,sub-05,run_1,,4,OK,
34,DCM_sub-05_GLM_run_1_block-01_4ROI.mat,work/glm/sub-05/GLM_run_1_block-01/DCM_sub-05_GLM_run_1_block-01_4ROI.mat,sub-05,run_1,block-01,4,OK,
35,DCM_sub-05_GLM_run_1_block-02_4ROI.mat,work/glm/sub-05/GLM_run_1_block-02/DCM_sub-05_GLM_run_1_block-02_4ROI.mat,sub-05,run_1,block-02,4,OK,
36,DCM_sub-05_GLM_run_1_block-03_4ROI.mat,work/glm/sub-05/GLM_run_1_block-03/DCM_sub-05_GLM_run_1_block-03_4ROI.mat,sub-05,run_1,block-03,4,OK,
37,DCM_sub-05_GLM_run_2_ALL_4ROI.mat,work/glm/sub-05/GLM_run_2_ALL/DCM_sub-05_GLM_run_2_ALL_4ROI.mat,sub-05,run_2,,4,OK,
38,DCM_sub-05_GLM_run_2_block-01_4ROI.mat,work/glm/sub-05/GLM_run_2_block-01/DCM_sub-05_GLM_run_2_block-01_4ROI.mat,sub-05,run_2,block-01,4,OK,
39,DCM_sub-05_GLM_run_2_block-02_4ROI.mat,work/glm/sub-05/GLM_run_2_block-02/DCM_sub-05_GLM_run_2_block-02_4ROI.mat,sub-05,run_2,block-02,4,OK,
40,DCM_sub-05_GLM_run_2_block-03_4ROI.mat,work/glm/sub-05/GLM_run_2_block-03/DCM_sub-05_GLM_run_2_block-03_4ROI.mat,sub-05,run_2,block-03,4,OK,
41,DCM_sub-06_GLM_run_1_ALL_4ROI.mat,work/glm/sub-06/GLM_run_1_ALL/DCM_sub-06_GLM_run_1_ALL_4ROI.mat,sub-06,run_1,,4,OK,
42,DCM_sub-06_GLM_run_1_block-01_4ROI.mat,work/glm/sub-06/GLM_run_1_block-01/DCM_sub-06_GLM_run_1_block-01_4ROI.mat,sub-06,run_1,block-01,4,OK,
43,DCM_sub-06_GLM_run_1_block-02_4ROI.mat,work/glm/sub-06/GLM_run_1_block-02/DCM_sub-06_GLM_run_1_block-02_4ROI.mat,sub-06,run_1,block-02,4,OK,
44,DCM_sub-06_GLM_run_1_block-03_4ROI.mat,work/glm/sub-06/GLM_run_1_block-03/DCM_sub-06_GLM_run_1_block-03_4ROI.mat,sub-06,run_1,block-03,4,OK,
45,DCM_sub-06_GLM_run_2_ALL_4ROI.mat,work/glm/sub-06/GLM_run_2_ALL/DCM_sub-06_GLM_run_2_ALL_4ROI.mat,sub-06,run_2,,4,OK,
46,DCM_sub-06_GLM_run_2_block-01_4ROI.mat,work/glm/sub-06/GLM_run_2_block-01/DCM_sub-06_GLM_run_2_block-01_4ROI.mat,sub-06,run_2,block-01,4,OK,
47,DCM_sub-06_GLM_run_2_block-02_4ROI.mat,work/glm/sub-06/GLM_run_2_block-02/DCM_sub-06_GLM_run_2_block-02_4ROI.mat,sub-06,run_2,block-02,4,OK,
48,DCM_sub-06_GLM_run_2_block-03_4ROI.mat,work/glm/sub-06/GLM_run_2_block-03/DCM_sub-06_GLM_run_2_block-03_4ROI.mat,sub-06,run_2,block-03,4,OK,
49,DCM_sub-07_GLM_run_1_ALL_4ROI.mat,work/glm/sub-07/GLM_run_1_ALL/DCM_sub-07_GLM_run_1_ALL_4ROI.mat,sub-07,run_1,,4,OK,
50,DCM_sub-07_GLM_run_1_block-01_4ROI.mat,work/glm/sub-07/GLM_run_1_block-01/DCM_sub-07_GLM_run_1_block-01_4ROI.mat,sub-07,run_1,block-01,4,OK,
51,DCM_sub-07_GLM_run_1_block-02_4ROI.mat,work/glm/sub-07/GLM_run_1_block-02/DCM_sub-07_GLM_run_1_block-02_4ROI.mat,sub-07,run_1,block-02,4,OK,
52,DCM_sub-07_GLM_run_1_block-03_4ROI.mat,work/glm/sub-07/GLM_run_1_block-03/DCM_sub-07_GLM_run_1_block-03_4ROI.mat,sub-07,run_1,block-03,4,OK,
53,DCM_sub-07_GLM_run_2_ALL_4ROI.mat,work/glm/sub-07/GLM_run_2_ALL/DCM_sub-07_GLM_run_2_ALL_4ROI.mat,sub-07,run_2,,4,OK,
54,DCM_sub-07_GLM_run_2_block-01_4ROI.mat,work/glm/sub-07/GLM_run_2_block-01/DCM_sub-07_GLM_run_2_block-01_4ROI.mat,sub-07,run_2,block-01,4,OK,
55,DCM_sub-07_GLM_run_2_block-02_4ROI.mat,work/glm/sub-07/GLM_run_2_block-02/DCM_sub-07_GLM_run_2_block-02_4ROI.mat,sub-07,run_2,block-02,4,OK,
56,DCM_sub-07_GLM_run_2_block-03_4ROI.mat,work/glm/sub-07/GLM_run_2_block-03/DCM_sub-07_GLM_run_2_block-03_4ROI.mat,sub-07,run_2,block-03,4,OK,
57,DCM_sub-08_GLM_run_1_ALL_4ROI.mat,work/glm/sub-08/GLM_run_1_ALL/DCM_sub-08_GLM_run_1_ALL_4ROI.mat,sub-08,run_1,,4,OK,
58,DCM_sub-08_GLM_run_1_block-01_4ROI.mat,work/glm/sub-08/GLM_run_1_block-01/DCM_sub-08_GLM_run_1_block-01_4ROI.mat,sub-08,run_1,block-01,4,OK,
59,DCM_sub-08_GLM_run_1_block-02_4ROI.mat,work/glm/sub-08/GLM_run_1_block-02/DCM_sub-08_GLM_run_1_block-02_4ROI.mat,sub-08,run_1,block-02,4,OK,
60,DCM_sub-08_GLM_run_1_block-03_4ROI.mat,work/glm/sub-08/GLM_run_1_block-03/DCM_sub-08_GLM_run_1_block-03_4ROI.mat,sub-08,run_1,block-03,4,OK,
61,DCM_sub-08_GLM_run_2_ALL_4ROI.mat,work/glm/sub-08/GLM_run_2_ALL/DCM_sub-08_GLM_run_2_ALL_4ROI.mat,sub-08,run_2,,4,OK,
62,DCM_sub-08_GLM_run_2_block-01_4ROI.mat,work/glm/sub-08/GLM_run_2_block-01/DCM_sub-08_GLM_run_2_block-01_4ROI.mat,sub-08,run_2,block-01,4,OK,
63,DCM_sub-08_GLM_run_2_block-02_4ROI.mat,work/glm/sub-08/GLM_run_2_block-02/DCM_sub-08_GLM_run_2_block-02_4ROI.mat,sub-08,run_2,block-02,4,OK,
64,DCM_sub-08_GLM_run_2_block-03_4ROI.mat,work/glm/sub-08/GLM_run_2_block-03/DCM_sub-08_GLM_run_2_block-03_4ROI.mat,sub-08,run_2,block-03,4,OK,
65,DCM_sub-09_GLM_run_1_ALL_4ROI.mat,work/glm/sub-09/GLM_run_1_ALL/DCM_sub-09_GLM_run_1_ALL_4ROI.mat,sub-09,run_1,,4,OK,
66,DCM_sub-09_GLM_run_1_block-01_4ROI.mat,work/glm/sub-09/GLM_run_1_block-01/DCM_sub-09_GLM_run_1_block-01_4ROI.mat,sub-09,run_1,block-01,4,OK,
67,DCM_sub-09_GLM_run_1_block-02_4ROI.mat,work/glm/sub-09/GLM_run_1_block-02/DCM_sub-09_GLM_run_1_block-02_4ROI.mat,sub-09,run_1,block-02,4,OK,
68,DCM_sub-09_GLM_run_1_block-03_4ROI.mat,work/glm/sub-09/GLM_run_1_block-03/DCM_sub-09_GLM_run_1_block-03_4ROI.mat,sub-09,run_1,block-03,4,OK,
69,DCM_sub-09_GLM_run_2_ALL_4ROI.mat,work/glm/sub-09/GLM_run_2_ALL/DCM_sub-09_GLM_run_2_ALL_4ROI.mat,sub-09,run_2,,4,OK,
70,DCM_sub-09_GLM_run_2_block-01_4ROI.mat,work/glm/sub-09/GLM_run_2_block-01/DCM_sub-09_GLM_run_2_block-01_4ROI.mat,sub-09,run_2,block-01,4,OK,
71,DCM_sub-09_GLM_run_2_block-02_4ROI.mat,work/glm/sub-09/GLM_run_2_block-02/DCM_sub-09_GLM_run_2_block-02_4ROI.mat,sub-09,run_2,block-02,4,OK,
72,DCM_sub-09_GLM_run_2_block-03_4ROI.mat,work/glm/sub-09/GLM_run_2_block-03/DCM_sub-09_GLM_run_2_block-03_4ROI.mat,sub-09,run_2,block-03,4,OK,
73,DCM_sub-10_GLM_run_1_ALL_4ROI.mat,work/glm/sub-10/GLM_run_1_ALL/DCM_sub-10_GLM_run_1_ALL_4ROI.mat,sub-10,run_1,,4,OK,
74,DCM_sub-10_GLM_run_1_block-01_4ROI.mat,work/glm/sub-10/GLM_run_1_block-01/DCM_sub-10_GLM_run_1_block-01_4ROI.mat,sub-10,run_1,block-01,4,OK,
75,DCM_sub-10_GLM_run_1_block-02_4ROI.mat,work/glm/sub-10/GLM_run_1_block-02/DCM_sub-10_GLM_run_1_block-02_4ROI.mat,sub-10,run_1,block-02,4,OK,
76,DCM_sub-10_GLM_run_1_block-03_4ROI.mat,work/glm/sub-10/GLM_run_1_block-03/DCM_sub-10_GLM_run_1_block-03_4ROI.mat,sub-10,run_1,block-03,4,OK,
77,DCM_sub-10_GLM_run_2_ALL_4ROI.mat,work/glm/sub-10/GLM_run_2_ALL/DCM_sub-10_GLM_run_2_ALL_4ROI.mat,sub-10,run_2,,4,OK,
78,DCM_sub-10_GLM_run_2_block-01_4ROI.mat,work/glm/sub-10/GLM_run_2_block-01/DCM_sub-10_GLM_run_2_block-01_4ROI.mat,sub-10,run_2,block-01,4,OK,
79,DCM_sub-10_GLM_run_2_block-02_4ROI.mat,work/glm/sub-10/GLM_run_2_block-02/DCM_sub-10_GLM_run_2_block-02_4ROI.mat,sub-10,run_2,block-02,4,OK,
80,DCM_sub-10_GLM_run_2_block-03_4ROI.mat,work/glm/sub-10/GLM_run_2_block-03/DCM_sub-10_GLM_run_2_block-03_4ROI.mat,sub-10,run_2,block-03,4,OK,
81,DCM_sub-11_GLM_run_1_ALL_4ROI.mat,work/glm/sub-11/GLM_run_1_ALL/DCM_sub-11_GLM_run_1_ALL_4ROI.mat,sub-11,run_1,,4,OK,
82,DCM_sub-11_GLM_run_1_block-01_4ROI.mat,work/glm/sub-11/GLM_run_1_block-01/DCM_sub-11_GLM_run_1_block-01_4ROI.mat,sub-11,run_1,block-01,4,OK,
83,DCM_sub-11_GLM_run_1_block-02_4ROI.mat,work/glm/sub-11/GLM_run_1_block-02/DCM_sub-11_GLM_run_1_block-02_4ROI.mat,sub-11,run_1,block-02,4,OK,
84,DCM_sub-11_GLM_run_1_block-03_4ROI.mat,work/glm/sub-11/GLM_run_1_block-03/DCM_sub-11_GLM_run_1_block-03_4ROI.mat,sub-11,run_1,block-03,4,OK,
85,DCM_sub-11_GLM_run_2_ALL_4ROI.mat,work/glm/sub-11/GLM_run_2_ALL/DCM_sub-11_GLM_run_2_ALL_4ROI.mat,sub-11,run_2,,4,OK,
86,DCM_sub-11_GLM_run_2_block-01_4ROI.mat,work/glm/sub-11/GLM_run_2_block-01/DCM_sub-11_GLM_run_2_block-01_4ROI.mat,sub-11,run_2,block-01,4,OK,
87,DCM_sub-11_GLM_run_2_block-02_4ROI.mat,work/glm/sub-11/GLM_run_2_block-02/DCM_sub-11_GLM_run_2_block-02_4ROI.mat,sub-11,run_2,block-02,4,OK,
88,DCM_sub-11_GLM_run_2_block-03_4ROI.mat,work/glm/sub-11/GLM_run_2_block-03/DCM_sub-11_GLM_run_2_block-03_4ROI.mat,sub-11,run_2,block-03,4,OK,
89,DCM_sub-12_GLM_run_1_ALL_4ROI.mat,work/glm/sub-12/GLM_run_1_ALL/DCM_sub-12_GLM_run_1_ALL_4ROI.mat,sub-12,run_1,,4,OK,
90,DCM_sub-12_GLM_run_1_block-01_4ROI.mat,work/glm/sub-12/GLM_run_1_block-01/DCM_sub-12_GLM_run_1_block-01_4ROI.mat,sub-12,run_1,block-01,4,OK,
91,DCM_sub-12_GLM_run_1_block-02_4ROI.mat,work/glm/sub-12/GLM_run_1_block-02/DCM_sub-12_GLM_run_1_block-02_4ROI.mat,sub-12,run_1,block-02,4,OK,
92,DCM_sub-12_GLM_run_1_block-03_4ROI.mat,work/glm/sub-12/GLM_run_1_block-03/DCM_sub-12_GLM_run_1_block-03_4ROI.mat,sub-12,run_1,block-03,4,OK,
93,DCM_sub-12_GLM_run_2_ALL_4ROI.mat,work/glm/sub-12/GLM_run_2_ALL/DCM_sub-12_GLM_run_2_ALL_4ROI.mat,sub-12,run_2,,4,OK,
94,DCM_sub-12_GLM_run_2_block-01_4ROI.mat,work/glm/sub-12/GLM_run_2_block-01/DCM_sub-12_GLM_run_2_block-01_4ROI.mat,sub-12,run_2,block-01,4,OK,
95,DCM_sub-12_GLM_run_2_block-02_4ROI.mat,work/glm/sub-12/GLM_run_2_block-02/DCM_sub-12_GLM_run_2_block-02_4ROI.mat,sub-12,run_2,block-02,4,OK,
96,DCM_sub-12_GLM_run_2_block-03_4ROI.mat,work/glm/sub-12/GLM_run_2_block-03/DCM_sub-12_GLM_run_2_block-03_4ROI.mat,sub-12,run_2,block-03,4,OK,
97,DCM_sub-14_GLM_run_1_ALL_4ROI.mat,work/glm/sub-14/GLM_run_1_ALL/DCM_sub-14_GLM_run_1_ALL_4ROI.mat,sub-14,run_1,,4,OK,
98,DCM_sub-14_GLM_run_1_block-01_4ROI.mat,work/glm/sub-14/GLM_run_1_block-01/DCM_sub-14_GLM_run_1_block-01_4ROI.mat,sub-14,run_1,block-01,4,OK,
99,DCM_sub-14_GLM_run_1_block-02_4ROI.mat,work/glm/sub-14/GLM_run_1_block-02/DCM_sub-14_GLM_run_1_block-02_4ROI.mat,sub-14,run_1,block-02,4,OK,
100,DCM_sub-14_GLM_run_1_block-03_4ROI.mat,work/glm/sub-14/GLM_run_1_block-03/DCM_sub-14_GLM_run_1_block-03_4ROI.mat,sub-14,run_1,block-03,4,OK,
101,DCM_sub-14_GLM_run_2_ALL_4ROI.mat,work/glm/sub-14/GLM_run_2_ALL/DCM_sub-14_GLM_run_2_ALL_4ROI.mat,sub-14,run_2,,4,OK,
102,DCM_sub-14_GLM_run_2_block-01_4ROI.mat,work/glm/sub-14/GLM_run_2_block-01/DCM_sub-14_GLM_run_2_block-01_4ROI.mat,sub-14,run_2,block-01,4,OK,
103,DCM_sub-14_GLM_run_2_block-02_4ROI.mat,work/glm/sub-14/GLM_run_2_block-02/DCM_sub-14_GLM_run_2_block-02_4ROI.mat,sub-14,run_2,block-02,4,OK,
104,DCM_sub-14_GLM_run_2_block-03_4ROI.mat,work/glm/sub-14/GLM_run_2_block-03/DCM_sub-14_GLM_run_2_block-03_4ROI.mat,sub-14,run_2,block-03,4,OK,
105,DCM_sub-15_GLM_run_1_ALL_4ROI.mat,work/glm/sub-15/GLM_run_1_ALL/DCM_sub-15_GLM_run_1_ALL_4ROI.mat,sub-15,run_1,,4,OK,
106,DCM_sub-15_GLM_run_1_block-01_4ROI.mat,work/glm/sub-15/GLM_run_1_block-01/DCM_sub-15_GLM_run_1_block-01_4ROI.mat,sub-15,run_1,block-01,4,OK,
107,DCM_sub-15_GLM_run_1_block-02_4ROI.mat,work/glm/sub-15/GLM_run_1_block-02/DCM_sub-15_GLM_run_1_block-02_4ROI.mat,sub-15,run_1,block-02,4,OK,
108,DCM_sub-15_GLM_run_1_block-03_4ROI.mat,work/glm/sub-15/GLM_run_1_block-03/DCM_sub-15_GLM_run_1_block-03_4ROI.mat,sub-15,run_1,block-03,4,OK,
109,DCM_sub-15_GLM_run_2_ALL_4ROI.mat,work/glm/sub-15/GLM_run_2_ALL/DCM_sub-15_GLM_run_2_ALL_4ROI.mat,sub-15,run_2,,4,OK,
110,DCM_sub-15_GLM_run_2_block-01_4ROI.mat,work/glm/sub-15/GLM_run_2_block-01/DCM_sub-15_GLM_run_2_block-01_4ROI.mat,sub-15,run_2,block-01,4,OK,
111,DCM_sub-15_GLM_run_2_block-02_4ROI.mat,work/glm/sub-15/GLM_run_2_block-02/DCM_sub-15_GLM_run_2_block-02_4ROI.mat,sub-15,run_2,block-02,4,OK,
112,DCM_sub-15_GLM_run_2_block-03_4ROI.mat,work/glm/sub-15/GLM_run_2_block-03/DCM_sub-15_GLM_run_2_block-03_4ROI.mat,sub-15,run_2,block-03,4,OK,
113,DCM_sub-16_GLM_run_1_ALL_4ROI.mat,work/glm/sub-16/GLM_run_1_ALL/DCM_sub-16_GLM_run_1_ALL_4ROI.mat,sub-16,run_1,,4,OK,
114,DCM_sub-16_GLM_run_1_block-01_4ROI.mat,work/glm/sub-16/GLM_run_1_block-01/DCM_sub-16_GLM_run_1_block-01_4ROI.mat,sub-16,run_1,block-01,4,OK,
115,DCM_sub-16_GLM_run_1_block-02_4ROI.mat,work/glm/sub-16/GLM_run_1_block-02/DCM_sub-16_GLM_run_1_block-02_4ROI.mat,sub-16,run_1,block-02,4,OK,
116,DCM_sub-16_GLM_run_1_block-03_4ROI.mat,work/glm/sub-16/GLM_run_1_block-03/DCM_sub-16_GLM_run_1_block-03_4ROI.mat,sub-16,run_1,block-03,4,OK,
117,DCM_sub-16_GLM_run_2_ALL_4ROI.mat,work/glm/sub-16/GLM_run_2_ALL/DCM_sub-16_GLM_run_2_ALL_4ROI.mat,sub-16,run_2,,4,OK,
118,DCM_sub-16_GLM_run_2_block-01_4ROI.mat,work/glm/sub-16/GLM_run_2_block-01/DCM_sub-16_GLM_run_2_block-01_4ROI.mat,sub-16,run_2,block-01,4,OK,
119,DCM_sub-16_GLM_run_2_block-02_4ROI.mat,work/glm/sub-16/GLM_run_2_block-02/DCM_sub-16_GLM_run_2_block-02_4ROI.mat,sub-16,run_2,block-02,4,OK,
120,DCM_sub-16_GLM_run_2_block-03_4ROI.mat,work/glm/sub-16/GLM_run_2_block-03/DCM_sub-16_GLM_run_2_block-03_4ROI.mat,sub-16,run_2,block-03,4,OK,
121,DCM_sub-17_GLM_run_1_ALL_4ROI.mat,work/glm/sub-17/GLM_run_1_ALL/DCM_sub-17_GLM_run_1_ALL_4ROI.mat,sub-17,run_1,,4,OK,
122,DCM_sub-17_GLM_run_1_block-01_4ROI.mat,work/glm/sub-17/GLM_run_1_block-01/DCM_sub-17_GLM_run_1_block-01_4ROI.mat,sub-17,run_1,block-01,4,OK,
123,DCM_sub-17_GLM_run_1_block-02_4ROI.mat,work/glm/sub-17/GLM_run_1_block-02/DCM_sub-17_GLM_run_1_block-02_4ROI.mat,sub-17,run_1,block-02,4,OK,
124,DCM_sub-17_GLM_run_1_block-03_4ROI.mat,work/glm/sub-17/GLM_run_1_block-03/DCM_sub-17_GLM_run_1_block-03_4ROI.mat,sub-17,run_1,block-03,4,OK,
125,DCM_sub-17_GLM_run_2_ALL_4ROI.mat,work/glm/sub-17/GLM_run_2_ALL/DCM_sub-17_GLM_run_2_ALL_4ROI.mat,sub-17,run_2,,4,OK,
126,DCM_sub-17_GLM_run_2_block-01_4ROI.mat,work/glm/sub-17/GLM_run_2_block-01/DCM_sub-17_GLM_run_2_block-01_4ROI.mat,sub-17,run_2,block-01,4,OK,
127,DCM_sub-17_GLM_run_2_block-02_4ROI.mat,work/glm/sub-17/GLM_run_2_block-02/DCM_sub-17_GLM_run_2_block-02_4ROI.mat,sub-17,run_2,block-02,4,OK,
128,DCM_sub-17_GLM_run_2_block-03_4ROI.mat,work/glm/sub-17/GLM_run_2_block-03/DCM_sub-17_GLM_run_2_block-03_4ROI.mat,sub-17,run_2,block-03,4,OK,
129,DCM_sub-19_GLM_run_1_ALL_4ROI.mat,work/glm/sub-19/GLM_run_1_ALL/DCM_sub-19_GLM_run_1_ALL_4ROI.mat,sub-19,run_1,,4,OK,
130,DCM_sub-19_GLM_run_1_block-01_4ROI.mat,work/glm/sub-19/GLM_run_1_block-01/DCM_sub-19_GLM_run_1_block-01_4ROI.mat,sub-19,run_1,block-01,4,OK,
131,DCM_sub-19_GLM_run_1_block-02_4ROI.mat,work/glm/sub-19/GLM_run_1_block-02/DCM_sub-19_GLM_run_1_block-02_4ROI.mat,sub-19,run_1,block-02,4,OK,
132,DCM_sub-19_GLM_run_1_block-03_4ROI.mat,work/glm/sub-19/GLM_run_1_block-03/DCM_sub-19_GLM_run_1_block-03_4ROI.mat,sub-19,run_1,block-03,4,OK,
133,DCM_sub-19_GLM_run_2_ALL_4ROI.mat,work/glm/sub-19/GLM_run_2_ALL/DCM_sub-19_GLM_run_2_ALL_4ROI.mat,sub-19,run_2,,4,OK,
134,DCM_sub-19_GLM_run_2_block-01_4ROI.mat,work/glm/sub-19/GLM_run_2_block-01/DCM_sub-19_GLM_run_2_block-01_4ROI.mat,sub-19,run_2,block-01,4,OK,
135,DCM_sub-19_GLM_run_2_block-02_4ROI.mat,work/glm/sub-19/GLM_run_2_block-02/DCM_sub-19_GLM_run_2_block-02_4ROI.mat,sub-19,run_2,block-02,4,OK,
136,DCM_sub-19_GLM_run_2_block-03_4ROI.mat,work/glm/sub-19/GLM_run_2_block-03/DCM_sub-19_GLM_run_2_block-03_4ROI.mat,sub-19,run_2,block-03,4,OK,
137,DCM_sub-20_GLM_run_1_ALL_4ROI.mat,work/glm/sub-20/GLM_run_1_ALL/DCM_sub-20_GLM_run_1_ALL_4ROI.mat,sub-20,run_1,,4,OK,
138,DCM_sub-20_GLM_run_1_block-01_4ROI.mat,work/glm/sub-20/GLM_run_1_block-01/DCM_sub-20_GLM_run_1_block-01_4ROI.mat,sub-20,run_1,block-01,4,OK,
139,DCM_sub-20_GLM_run_1_block-02_4ROI.mat,work/glm/sub-20/GLM_run_1_block-02/DCM_sub-20_GLM_run_1_block-02_4ROI.mat,sub-20,run_1,block-02,4,OK,
140,DCM_sub-20_GLM_run_1_block-03_4ROI.mat,work/glm/sub-20/GLM_run_1_block-03/DCM_sub-20_GLM_run_1_block-03_4ROI.mat,sub-20,run_1,block-03,4,OK,
141,DCM_sub-20_GLM_run_2_ALL_4ROI.mat,work/glm/sub-20/GLM_run_2_ALL/DCM_sub-20_GLM_run_2_ALL_4ROI.mat,sub-20,run_2,,4,OK,
142,DCM_sub-20_GLM_run_2_block-01_4ROI.mat,work/glm/sub-20/GLM_run_2_block-01/DCM_sub-20_GLM_run_2_block-01_4ROI.mat,sub-20,run_2,block-01,4,OK,
143,DCM_sub-20_GLM_run_2_block-02_4ROI.mat,work/glm/sub-20/GLM_run_2_block-02/DCM_sub-20_GLM_run_2_block-02_4ROI.mat,sub-20,run_2,block-02,4,OK,
144,DCM_sub-20_GLM_run_2_block-03_4ROI.mat,work/glm/sub-20/GLM_run_2_block-03/DCM_sub-20_GLM_run_2_block-03_4ROI.mat,sub-20,run_2,block-03,4,OK,
145,DCM_sub-21_GLM_run_1_ALL_4ROI.mat,work/glm/sub-21/GLM_run_1_ALL/DCM_sub-21_GLM_run_1_ALL_4ROI.mat,sub-21,run_1,,4,OK,
146,DCM_sub-21_GLM_run_1_block-01_4ROI.mat,work/glm/sub-21/GLM_run_1_block-01/DCM_sub-21_GLM_run_1_block-01_4ROI.mat,sub-21,run_1,block-01,4,OK,
147,DCM_sub-21_GLM_run_1_block-02_4ROI.mat,work/glm/sub-21/GLM_run_1_block-02/DCM_sub-21_GLM_run_1_block-02_4ROI.mat,sub-21,run_1,block-02,4,OK,
148,DCM_sub-21_GLM_run_1_block-03_4ROI.mat,work/glm/sub-21/GLM_run_1_block-03/DCM_sub-21_GLM_run_1_block-03_4ROI.mat,sub-21,run_1,block-03,4,OK,
149,DCM_sub-21_GLM_run_2_ALL_4ROI.mat,work/glm/sub-21/GLM_run_2_ALL/DCM_sub-21_GLM_run_2_ALL_4ROI.mat,sub-21,run_2,,4,OK,
150,DCM_sub-21_GLM_run_2_block-01_4ROI.mat,work/glm/sub-21/GLM_run_2_block-01/DCM_sub-21_GLM_run_2_block-01_4ROI.mat,sub-21,run_2,block-01,4,OK,
151,DCM_sub-21_GLM_run_2_block-02_4ROI.mat,work/glm/sub-21/GLM_run_2_block-02/DCM_sub-21_GLM_run_2_block-02_4ROI.mat,sub-21,run_2,block-02,4,OK,
152,DCM_sub-21_GLM_run_2_block-03_4ROI.mat,work/glm/sub-21/GLM_run_2_block-03/DCM_sub-21_GLM_run_2_block-03_4ROI.mat,sub-21,run_2,block-03,4,OK,
153,DCM_sub-22_GLM_run_1_ALL_4ROI.mat,work/glm/sub-22/GLM_run_1_ALL/DCM_sub-22_GLM_run_1_ALL_4ROI.mat,sub-22,run_1,,4,OK,
154,DCM_sub-22_GLM_run_1_block-01_4ROI.mat,work/glm/sub-22/GLM_run_1_block-01/DCM_sub-22_GLM_run_1_block-01_4ROI.mat,sub-22,run_1,block-01,4,OK,
155,DCM_sub-22_GLM_run_1_block-02_4ROI.mat,work/glm/sub-22/GLM_run_1_block-02/DCM_sub-22_GLM_run_1_block-02_4ROI.mat,sub-22,run_1,block-02,4,OK,
156,DCM_sub-22_GLM_run_1_block-03_4ROI.mat,work/glm/sub-22/GLM_run_1_block-03/DCM_sub-22_GLM_run_1_block-03_4ROI.mat,sub-22,run_1,block-03,4,OK,
157,DCM_sub-22_GLM_run_2_ALL_4ROI.mat,work/glm/sub-22/GLM_run_2_ALL/DCM_sub-22_GLM_run_2_ALL_4ROI.mat,sub-22,run_2,,4,OK,
158,DCM_sub-22_GLM_run_2_block-01_4ROI.mat,work/glm/sub-22/GLM_run_2_block-01/DCM_sub-22_GLM_run_2_block-01_4ROI.mat,sub-22,run_2,block-01,4,OK,
159,DCM_sub-22_GLM_run_2_block-02_4ROI.mat,work/glm/sub-22/GLM_run_2_block-02/DCM_sub-22_GLM_run_2_block-02_4ROI.mat,sub-22,run_2,block-02,4,OK,
160,DCM_sub-22_GLM_run_2_block-03_4ROI.mat,work/glm/sub-22/GLM_run_2_block-03/DCM_sub-22_GLM_run_2_block-03_4ROI.mat,sub-22,run_2,block-03,4,OK,
161,DCM_sub-23_GLM_run_1_ALL_4ROI.mat,work/glm/sub-23/GLM_run_1_ALL/DCM_sub-23_GLM_run_1_ALL_4ROI.mat,sub-23,run_1,,4,OK,
162,DCM_sub-23_GLM_run_1_block-01_4ROI.mat,work/glm/sub-23/GLM_run_1_block-01/DCM_sub-23_GLM_run_1_block-01_4ROI.mat,sub-23,run_1,block-01,4,OK,
163,DCM_sub-23_GLM_run_1_block-02_4ROI.mat,work/glm/sub-23/GLM_run_1_block-02/DCM_sub-23_GLM_run_1_block-02_4ROI.mat,sub-23,run_1,block-02,4,OK,
164,DCM_sub-23_GLM_run_1_block-03_4ROI.mat,work/glm/sub-23/GLM_run_1_block-03/DCM_sub-23_GLM_run_1_block-03_4ROI.mat,sub-23,run_1,block-03,4,OK,
165,DCM_sub-23_GLM_run_2_ALL_4ROI.mat,work/glm/sub-23/GLM_run_2_ALL/DCM_sub-23_GLM_run_2_ALL_4ROI.mat,sub-23,run_2,,4,OK,
166,DCM_sub-23_GLM_run_2_block-01_4ROI.mat,work/glm/sub-23/GLM_run_2_block-01/DCM_sub-23_GLM_run_2_block-01_4ROI.mat,sub-23,run_2,block-01,4,OK,
167,DCM_sub-23_GLM_run_2_block-02_4ROI.mat,work/glm/sub-23/GLM_run_2_block-02/DCM_sub-23_GLM_run_2_block-02_4ROI.mat,sub-23,run_2,block-02,4,OK,
168,DCM_sub-23_GLM_run_2_block-03_4ROI.mat,work/glm/sub-23/GLM_run_2_block-03/DCM_sub-23_GLM_run_2_block-03_4ROI.mat,sub-23,run_2,block-03,4,OK,
169,DCM_sub-24_GLM_run_1_ALL_4ROI.mat,work/glm/sub-24/GLM_run_1_ALL/DCM_sub-24_GLM_run_1_ALL_4ROI.mat,sub-24,run_1,,4,OK,
170,DCM_sub-24_GLM_run_1_block-01_4ROI.mat,work/glm/sub-24/GLM_run_1_block-01/DCM_sub-24_GLM_run_1_block-01_4ROI.mat,sub-24,run_1,block-01,4,OK,
171,DCM_sub-24_GLM_run_1_block-02_4ROI.mat,work/glm/sub-24/GLM_run_1_block-02/DCM_sub-24_GLM_run_1_block-02_4ROI.mat,sub-24,run_1,block-02,4,OK,
172,DCM_sub-24_GLM_run_1_block-03_4ROI.mat,work/glm/sub-24/GLM_run_1_block-03/DCM_sub-24_GLM_run_1_block-03_4ROI.mat,sub-24,run_1,block-03,4,OK,
173,DCM_sub-24_GLM_run_2_ALL_4ROI.mat,work/glm/sub-24/GLM_run_2_ALL/DCM_sub-24_GLM_run_2_ALL_4ROI.mat,sub-24,run_2,,4,OK,
174,DCM_sub-24_GLM_run_2_block-01_4ROI.mat,work/glm/sub-24/GLM_run_2_block-01/DCM_sub-24_GLM_run_2_block-01_4ROI.mat,sub-24,run_2,block-01,4,OK,
175,DCM_sub-24_GLM_run_2_block-02_4ROI.mat,work/glm/sub-24/GLM_run_2_block-02/DCM_sub-24_GLM_run_2_block-02_4ROI.mat,sub-24,run_2,block-02,4,OK,
176,DCM_sub-24_GLM_run_2_block-03_4ROI.mat,work/glm/sub-24/GLM_run_2_block-03/DCM_sub-24_GLM_run_2_block-03_4ROI.mat,sub-24,run_2,block-03,4,OK,
177,DCM_sub-25_GLM_run_1_ALL_4ROI.mat,work/glm/sub-25/GLM_run_1_ALL/DCM_sub-25_GLM_run_1_ALL_4ROI.mat,sub-25,run_1,,4,OK,
178,DCM_sub-25_GLM_run_1_block-01_4ROI.mat,work/glm/sub-25/GLM_run_1_block-01/DCM_sub-25_GLM_run_1_block-01_4ROI.mat,sub-25,run_1,block-01,4,OK,
179,DCM_sub-25_GLM_run_1_block-02_4ROI.mat,work/glm/sub-25/GLM_run_1_block-02/DCM_sub-25_GLM_run_1_block-02_4ROI.mat,sub-25,run_1,block-02,4,OK,
180,DCM_sub-25_GLM_run_1_block-03_4ROI.mat,work/glm/sub-25/GLM_run_1_block-03/DCM_sub-25_GLM_run_1_block-03_4ROI.mat,sub-25,run_1,block-03,4,OK,
181,DCM_sub-25_GLM_run_2_ALL_4ROI.mat,work/glm/sub-25/GLM_run_2_ALL/DCM_sub-25_GLM_run_2_ALL_4ROI.mat,sub-25,run_2,,4,OK,
182,DCM_sub-25_GLM_run_2_block-01_4ROI.mat,work/glm/sub-25/GLM_run_2_block-01/DCM_sub-25_GLM_run_2_block-01_4ROI.mat,sub-25,run_2,block-01,4,OK,
183,DCM_sub-25_GLM_run_2_block-02_4ROI.mat,work/glm/sub-25/GLM_run_2_block-02/DCM_sub-25_GLM_run_2_block-02_4ROI.mat,sub-25,run_2,block-02,4,OK,
184,DCM_sub-25_GLM_run_2_block-03_4ROI.mat,work/glm/sub-25/GLM_run_2_block-03/DCM_sub-25_GLM_run_2_block-03_4ROI.mat,sub-25,run_2,block-03,4,OK,
185,DCM_sub-26_GLM_run_1_ALL_4ROI.mat,work/glm/sub-26/GLM_run_1_ALL/DCM_sub-26_GLM_run_1_ALL_4ROI.mat,sub-26,run_1,,4,OK,
186,DCM_sub-26_GLM_run_1_block-01_4ROI.mat,work/glm/sub-26/GLM_run_1_block-01/DCM_sub-26_GLM_run_1_block-01_4ROI.mat,sub-26,run_1,block-01,4,OK,
187,DCM_sub-26_GLM_run_1_block-02_4ROI.mat,work/glm/sub-26/GLM_run_1_block-02/DCM_sub-26_GLM_run_1_block-02_4ROI.mat,sub-26,run_1,block-02,4,OK,
188,DCM_sub-26_GLM_run_1_block-03_4ROI.mat,work/glm/sub-26/GLM_run_1_block-03/DCM_sub-26_GLM_run_1_block-03_4ROI.mat,sub-26,run_1,block-03,4,OK,
189,DCM_sub-26_GLM_run_2_ALL_4ROI.mat,work/glm/sub-26/GLM_run_2_ALL/DCM_sub-26_GLM_run_2_ALL_4ROI.mat,sub-26,run_2,,4,OK,
190,DCM_sub-26_GLM_run_2_block-01_4ROI.mat,work/glm/sub-26/GLM_run_2_block-01/DCM_sub-26_GLM_run_2_block-01_4ROI.mat,sub-26,run_2,block-01,4,OK,
191,DCM_sub-26_GLM_run_2_block-02_4ROI.mat,work/glm/sub-26/GLM_run_2_block-02/DCM_sub-26_GLM_run_2_block-02_4ROI.mat,sub-26,run_2,block-02,4,OK,
192,DCM_sub-26_GLM_run_2_block-03_4ROI.mat,work/glm/sub-26/GLM_run_2_block-03/DCM_sub-26_GLM_run_2_block-03_4ROI.mat,sub-26,run_2,block-03,4,OK,
193,DCM_sub-27_GLM_run_1_ALL_4ROI.mat,work/glm/sub-27/GLM_run_1_ALL/DCM_sub-27_GLM_run_1_ALL_4ROI.mat,sub-27,run_1,,4,OK,
194,DCM_sub-27_GLM_run_1_block-01_4ROI.mat,work/glm/sub-27/GLM_run_1_block-01/DCM_sub-27_GLM_run_1_block-01_4ROI.mat,sub-27,run_1,block-01,4,OK,
195,DCM_sub-27_GLM_run_1_block-02_4ROI.mat,work/glm/sub-27/GLM_run_1_block-02/DCM_sub-27_GLM_run_1_block-02_4ROI.mat,sub-27,run_1,block-02,4,OK,
196,DCM_sub-27_GLM_run_1_block-03_4ROI.mat,work/glm/sub-27/GLM_run_1_block-03/DCM_sub-27_GLM_run_1_block-03_4ROI.mat,sub-27,run_1,block-03,4,OK,
197,DCM_sub-27_GLM_run_2_ALL_4ROI.mat,work/glm/sub-27/GLM_run_2_ALL/DCM_sub-27_GLM_run_2_ALL_4ROI.mat,sub-27,run_2,,4,OK,
198,DCM_sub-27_GLM_run_2_block-01_4ROI.mat,work/glm/sub-27/GLM_run_2_block-01/DCM_sub-27_GLM_run_2_block-01_4ROI.mat,sub-27,run_2,block-01,4,OK,
199,DCM_sub-27_GLM_run_2_block-02_4ROI.mat,work/glm/sub-27/GLM_run_2_block-02/DCM_sub-27_GLM_run_2_block-02_4ROI.mat,sub-27,run_2,block-02,4,OK,
200,DCM_sub-27_GLM_run_2_block-03_4ROI.mat,work/glm/sub-27/GLM_run_2_block-03/DCM_sub-27_GLM_run_2_block-03_4ROI.mat,sub-27,run_2,block-03,4,OK,
201,DCM_sub-28_GLM_run_1_ALL_4ROI.mat,work/glm/sub-28/GLM_run_1_ALL/DCM_sub-28_GLM_run_1_ALL_4ROI.mat,sub-28,run_1,,4,OK,
202,DCM_sub-28_GLM_run_1_block-01_4ROI.mat,work/glm/sub-28/GLM_run_1_block-01/DCM_sub-28_GLM_run_1_block-01_4ROI.mat,sub-28,run_1,block-01,4,OK,
203,DCM_sub-28_GLM_run_1_block-02_4ROI.mat,work/glm/sub-28/GLM_run_1_block-02/DCM_sub-28_GLM_run_1_block-02_4ROI.mat,sub-28,run_1,block-02,4,OK,
204,DCM_sub-28_GLM_run_1_block-03_4ROI.mat,work/glm/sub-28/GLM_run_1_block-03/DCM_sub-28_GLM_run_1_block-03_4ROI.mat,sub-28,run_1,block-03,4,OK,
205,DCM_sub-28_GLM_run_2_ALL_4ROI.mat,work/glm/sub-28/GLM_run_2_ALL/DCM_sub-28_GLM_run_2_ALL_4ROI.mat,sub-28,run_2,,4,OK,
206,DCM_sub-28_GLM_run_2_block-01_4ROI.mat,work/glm/sub-28/GLM_run_2_block-01/DCM_sub-28_GLM_run_2_block-01_4ROI.mat,sub-28,run_2,block-01,4,OK,
207,DCM_sub-28_GLM_run_2_block-02_4ROI.mat,work/glm/sub-28/GLM_run_2_block-02/DCM_sub-28_GLM_run_2_block-02_4ROI.mat,sub-28,run_2,block-02,4,OK,
208,DCM_sub-28_GLM_run_2_block-03_4ROI.mat,work/glm/sub-28/GLM_run_2_block-03/DCM_sub-28_GLM_run_2_block-03_4ROI.mat,sub-28,run_2,block-03,4,OK,
209,DCM_sub-29_GLM_run_1_ALL_4ROI.mat,work/glm/sub-29/GLM_run_1_ALL/DCM_sub-29_GLM_run_1_ALL_4ROI.mat,sub-29,run_1,,4,OK,
210,DCM_sub-29_GLM_run_1_block-01_4ROI.mat,work/glm/sub-29/GLM_run_1_block-01/DCM_sub-29_GLM_run_1_block-01_4ROI.mat,sub-29,run_1,block-01,4,OK,
211,DCM_sub-29_GLM_run_1_block-02_4ROI.mat,work/glm/sub-29/GLM_run_1_block-02/DCM_sub-29_GLM_run_1_block-02_4ROI.mat,sub-29,run_1,block-02,4,OK,
212,DCM_sub-29_GLM_run_1_block-03_4ROI.mat,work/glm/sub-29/GLM_run_1_block-03/DCM_sub-29_GLM_run_1_block-03_4ROI.mat,sub-29,run_1,block-03,4,OK,
213,DCM_sub-29_GLM_run_2_ALL_4ROI.mat,work/glm/sub-29/GLM_run_2_ALL/DCM_sub-29_GLM_run_2_ALL_4ROI.mat,sub-29,run_2,,4,OK,
214,DCM_sub-29_GLM_run_2_block-01_4ROI.mat,work/glm/sub-29/GLM_run_2_block-01/DCM_sub-29_GLM_run_2_block-01_4ROI.mat,sub-29,run_2,block-01,4,OK,
215,DCM_sub-29_GLM_run_2_block-02_4ROI.mat,work/glm/sub-29/GLM_run_2_block-02/DCM_sub-29_GLM_run_2_block-02_4ROI.mat,sub-29,run_2,block-02,4,OK,
216,DCM_sub-29_GLM_run_2_block-03_4ROI.mat,work/glm/sub-29/GLM_run_2_block-03/DCM_sub-29_GLM_run_2_block-03_4ROI.mat,sub-29,run_2,block-03,4,OK,
217,DCM_sub-30_GLM_run_1_ALL_4ROI.mat,work/glm/sub-30/GLM_run_1_ALL/DCM_sub-30_GLM_run_1_ALL_4ROI.mat,sub-30,run_1,,4,OK,
218,DCM_sub-30_GLM_run_1_block-01_4ROI.mat,work/glm/sub-30/GLM_run_1_block-01/DCM_sub-30_GLM_run_1_block-01_4ROI.mat,sub-30,run_1,block-01,4,OK,
219,DCM_sub-30_GLM_run_1_block-02_4ROI.mat,work/glm/sub-30/GLM_run_1_block-02/DCM_sub-30_GLM_run_1_block-02_4ROI.mat,sub-30,run_1,block-02,4,OK,
220,DCM_sub-30_GLM_run_1_block-03_4ROI.mat,work/glm/sub-30/GLM_run_1_block-03/DCM_sub-30_GLM_run_1_block-03_4ROI.mat,sub-30,run_1,block-03,4,OK,
221,DCM_sub-30_GLM_run_2_ALL_4ROI.mat,work/glm/sub-30/GLM_run_2_ALL/DCM_sub-30_GLM_run_2_ALL_4ROI.mat,sub-30,run_2,,4,OK,
222,DCM_sub-30_GLM_run_2_block-01_4ROI.mat,work/glm/sub-30/GLM_run_2_block-01/DCM_sub-30_GLM_run_2_block-01_4ROI.mat,sub-30,run_2,block-01,4,OK,
223,DCM_sub-30_GLM_run_2_block-02_4ROI.mat,work/glm/sub-30/GLM_run_2_block-02/DCM_sub-30_GLM_run_2_block-02_4ROI.mat,sub-30,run_2,block-02,4,OK,
224,DCM_sub-30_GLM_run_2_block-03_4ROI.mat,work/glm/sub-30/GLM_run_2_block-03/DCM_sub-30_GLM_run_2_block-03_4ROI.mat,sub-30,run_2,block-03,4,OK,
225,DCM_sub-31_GLM_run_1_ALL_4ROI.mat,work/glm/sub-31/GLM_run_1_ALL/DCM_sub-31_GLM_run_1_ALL_4ROI.mat,sub-31,run_1,,4,OK,
226,DCM_sub-31_GLM_run_1_block-01_4ROI.mat,work/glm/sub-31/GLM_run_1_block-01/DCM_sub-31_GLM_run_1_block-01_4ROI.mat,sub-31,run_1,block-01,4,OK,
227,DCM_sub-31_GLM_run_1_block-02_4ROI.mat,work/glm/sub-31/GLM_run_1_block-02/DCM_sub-31_GLM_run_1_block-02_4ROI.mat,sub-31,run_1,block-02,4,OK,
228,DCM_sub-31_GLM_run_1_block-03_4ROI.mat,work/glm/sub-31/GLM_run_1_block-03/DCM_sub-31_GLM_run_1_block-03_4ROI.mat,sub-31,run_1,block-03,4,OK,
229,DCM_sub-31_GLM_run_2_ALL_4ROI.mat,work/glm/sub-31/GLM_run_2_ALL/DCM_sub-31_GLM_run_2_ALL_4ROI.mat,sub-31,run_2,,4,OK,
230,DCM_sub-31_GLM_run_2_block-01_4ROI.mat,work/glm/sub-31/GLM_run_2_block-01/DCM_sub-31_GLM_run_2_block-01_4ROI.mat,sub-31,run_2,block-01,4,OK,
231,DCM_sub-31_GLM_run_2_block-02_4ROI.mat,work/glm/sub-31/GLM_run_2_block-02/DCM_sub-31_GLM_run_2_block-02_4ROI.mat,sub-31,run_2,block-02,4,OK,
232,DCM_sub-31_GLM_run_2_block-03_4ROI.mat,work/glm/sub-31/GLM_run_2_block-03/DCM_sub-31_GLM_run_2_block-03_4ROI.mat,sub-31,run_2,block-03,4,OK,
233,DCM_sub-32_GLM_run_1_ALL_4ROI.mat,work/glm/sub-32/GLM_run_1_ALL/DCM_sub-32_GLM_run_1_ALL_4ROI.mat,sub-32,run_1,,4,OK,
234,DCM_sub-32_GLM_run_1_block-01_4ROI.mat,work/glm/sub-32/GLM_run_1_block-01/DCM_sub-32_GLM_run_1_block-01_4ROI.mat,sub-32,run_1,block-01,4,OK,
235,DCM_sub-32_GLM_run_1_block-02_4ROI.mat,work/glm/sub-32/GLM_run_1_block-02/DCM_sub-32_GLM_run_1_block-02_4ROI.mat,sub-32,run_1,block-02,4,OK,
236,DCM_sub-32_GLM_run_1_block-03_4ROI.mat,work/glm/sub-32/GLM_run_1_block-03/DCM_sub-32_GLM_run_1_block-03_4ROI.mat,sub-32,run_1,block-03,4,OK,
237,DCM_sub-32_GLM_run_2_ALL_4ROI.mat,work/glm/sub-32/GLM_run_2_ALL/DCM_sub-32_GLM_run_2_ALL_4ROI.mat,sub-32,run_2,,4,OK,
238,DCM_sub-32_GLM_run_2_block-01_4ROI.mat,work/glm/sub-32/GLM_run_2_block-01/DCM_sub-32_GLM_run_2_block-01_4ROI.mat,sub-32,run_2,block-01,4,OK,
239,DCM_sub-32_GLM_run_2_block-02_4ROI.mat,work/glm/sub-32/GLM_run_2_block-02/DCM_sub-32_GLM_run_2_block-02_4ROI.mat,sub-32,run_2,block-02,4,OK,
240,DCM_sub-32_GLM_run_2_block-03_4ROI.mat,work/glm/sub-32/GLM_run_2_block-03/DCM_sub-32_GLM_run_2_block-03_4ROI.mat,sub-32,run_2,block-03,4,OK,
241,DCM_sub-33_GLM_run_1_ALL_4ROI.mat,work/glm/sub-33/GLM_run_1_ALL/DCM_sub-33_GLM_run_1_ALL_4ROI.mat,sub-33,run_1,,4,OK,
242,DCM_sub-33_GLM_run_1_block-01_4ROI.mat,work/glm/sub-33/GLM_run_1_block-01/DCM_sub-33_GLM_run_1_block-01_4ROI.mat,sub-33,run_1,block-01,4,OK,
243,DCM_sub-33_GLM_run_1_block-02_4ROI.mat,work/glm/sub-33/GLM_run_1_block-02/DCM_sub-33_GLM_run_1_block-02_4ROI.mat,sub-33,run_1,block-02,4,OK,
244,DCM_sub-33_GLM_run_1_block-03_4ROI.mat,work/glm/sub-33/GLM_run_1_block-03/DCM_sub-33_GLM_run_1_block-03_4ROI.mat,sub-33,run_1,block-03,4,OK,
245,DCM_sub-33_GLM_run_2_ALL_4ROI.mat,work/glm/sub-33/GLM_run_2_ALL/DCM_sub-33_GLM_run_2_ALL_4ROI.mat,sub-33,run_2,,4,OK,
246,DCM_sub-33_GLM_run_2_block-01_4ROI.mat,work/glm/sub-33/GLM_run_2_block-01/DCM_sub-33_GLM_run_2_block-01_4ROI.mat,sub-33,run_2,block-01,4,OK,
247,DCM_sub-33_GLM_run_2_block-02_4ROI.mat,work/glm/sub-33/GLM_run_2_block-02/DCM_sub-33_GLM_run_2_block-02_4ROI.mat,sub-33,run_2,block-02,4,OK,
248,DCM_sub-33_GLM_run_2_block-03_4ROI.mat,work/glm/sub-33/GLM_run_2_block-03/DCM_sub-33_GLM_run_2_block-03_4ROI.mat,sub-33,run_2,block-03,4,OK,
249,DCM_sub-34_GLM_run_1_ALL_4ROI.mat,work/glm/sub-34/GLM_run_1_ALL/DCM_sub-34_GLM_run_1_ALL_4ROI.mat,sub-34,run_1,,4,OK,
250,DCM_sub-34_GLM_run_1_block-01_4ROI.mat,work/glm/sub-34/GLM_run_1_block-01/DCM_sub-34_GLM_run_1_block-01_4ROI.mat,sub-34,run_1,block-01,4,OK,
251,DCM_sub-34_GLM_run_1_block-02_4ROI.mat,work/glm/sub-34/GLM_run_1_block-02/DCM_sub-34_GLM_run_1_block-02_4ROI.mat,sub-34,run_1,block-02,4,OK,
252,DCM_sub-34_GLM_run_1_block-03_4ROI.mat,work/glm/sub-34/GLM_run_1_block-03/DCM_sub-34_GLM_run_1_block-03_4ROI.mat,sub-34,run_1,block-03,4,OK,
253,DCM_sub-34_GLM_run_2_ALL_4ROI.mat,work/glm/sub-34/GLM_run_2_ALL/DCM_sub-34_GLM_run_2_ALL_4ROI.mat,sub-34,run_2,,4,OK,
254,DCM_sub-34_GLM_run_2_block-01_4ROI.mat,work/glm/sub-34/GLM_run_2_block-01/DCM_sub-34_GLM_run_2_block-01_4ROI.mat,sub-34,run_2,block-01,4,OK,
255,DCM_sub-34_GLM_run_2_block-02_4ROI.mat,work/glm/sub-34/GLM_run_2_block-02/DCM_sub-34_GLM_run_2_block-02_4ROI.mat,sub-34,run_2,block-02,4,OK,
256,DCM_sub-34_GLM_run_2_block-03_4ROI.mat,work/glm/sub-34/GLM_run_2_block-03/DCM_sub-34_GLM_run_2_block-03_4ROI.mat,sub-34,run_2,block-03,4,OK,
257,DCM_sub-35_GLM_run_1_ALL_4ROI.mat,work/glm/sub-35/GLM_run_1_ALL/DCM_sub-35_GLM_run_1_ALL_4ROI.mat,sub-35,run_1,,4,OK,
258,DCM_sub-35_GLM_run_1_block-01_4ROI.mat,work/glm/sub-35/GLM_run_1_block-01/DCM_sub-35_GLM_run_1_block-01_4ROI.mat,sub-35,run_1,block-01,4,OK,
259,DCM_sub-35_GLM_run_1_block-02_4ROI.mat,work/glm/sub-35/GLM_run_1_block-02/DCM_sub-35_GLM_run_1_block-02_4ROI.mat,sub-35,run_1,block-02,4,OK,
260,DCM_sub-35_GLM_run_1_block-03_4ROI.mat,work/glm/sub-35/GLM_run_1_block-03/DCM_sub-35_GLM_run_1_block-03_4ROI.mat,sub-35,run_1,block-03,4,OK,
261,DCM_sub-35_GLM_run_2_ALL_4ROI.mat,work/glm/sub-35/GLM_run_2_ALL/DCM_sub-35_GLM_run_2_ALL_4ROI.mat,sub-35,run_2,,4,OK,
262,DCM_sub-35_GLM_run_2_block-01_4ROI.mat,work/glm/sub-35/GLM_run_2_block-01/DCM_sub-35_GLM_run_2_block-01_4ROI.mat,sub-35,run_2,block-01,4,OK,
263,DCM_sub-35_GLM_run_2_block-02_4ROI.mat,work/glm/sub-35/GLM_run_2_block-02/DCM_sub-35_GLM_run_2_block-02_4ROI.mat,sub-35,run_2,block-02,4,OK,
264,DCM_sub-35_GLM_run_2_block-03_4ROI.mat,work/glm/sub-35/GLM_run_2_block-03/DCM_sub-35_GLM_run_2_block-03_4ROI.mat,sub-35,run_2,block-03,4,OK,
265,DCM_sub-36_GLM_run_1_ALL_4ROI.mat,work/glm/sub-36/GLM_run_1_ALL/DCM_sub-36_GLM_run_1_ALL_4ROI.mat,sub-36,run_1,,4,OK,
266,DCM_sub-36_GLM_run_1_block-01_4ROI.mat,work/glm/sub-36/GLM_run_1_block-01/DCM_sub-36_GLM_run_1_block-01_4ROI.mat,sub-36,run_1,block-01,4,OK,
267,DCM_sub-36_GLM_run_1_block-02_4ROI.mat,work/glm/sub-36/GLM_run_1_block-02/DCM_sub-36_GLM_run_1_block-02_4ROI.mat,sub-36,run_1,block-02,4,OK,
268,DCM_sub-36_GLM_run_1_block-03_4ROI.mat,work/glm/sub-36/GLM_run_1_block-03/DCM_sub-36_GLM_run_1_block-03_4ROI.mat,sub-36,run_1,block-03,4,OK,
269,DCM_sub-36_GLM_run_2_ALL_4ROI.mat,work/glm/sub-36/GLM_run_2_ALL/DCM_sub-36_GLM_run_2_ALL_4ROI.mat,sub-36,run_2,,4,OK,
270,DCM_sub-36_GLM_run_2_block-01_4ROI.mat,work/glm/sub-36/GLM_run_2_block-01/DCM_sub-36_GLM_run_2_block-01_4ROI.mat,sub-36,run_2,block-01,4,OK,
271,DCM_sub-36_GLM_run_2_block-02_4ROI.mat,work/glm/sub-36/GLM_run_2_block-02/DCM_sub-36_GLM_run_2_block-02_4ROI.mat,sub-36,run_2,block-02,4,OK,
272,DCM_sub-36_GLM_run_2_block-03_4ROI.mat,work/glm/sub-36/GLM_run_2_block-03/DCM_sub-36_GLM_run_2_block-03_4ROI.mat,sub-36,run_2,block-03,4,OK,
273,DCM_sub-37_GLM_run_1_ALL_4ROI.mat,work/glm/sub-37/GLM_run_1_ALL/DCM_sub-37_GLM_run_1_ALL_4ROI.mat,sub-37,run_1,,4,OK,
274,DCM_sub-37_GLM_run_1_block-01_4ROI.mat,work/glm/sub-37/GLM_run_1_block-01/DCM_sub-37_GLM_run_1_block-01_4ROI.mat,sub-37,run_1,block-01,4,OK,
275,DCM_sub-37_GLM_run_1_block-02_4ROI.mat,work/glm/sub-37/GLM_run_1_block-02/DCM_sub-37_GLM_run_1_block-02_4ROI.mat,sub-37,run_1,block-02,4,OK,
276,DCM_sub-37_GLM_run_1_block-03_4ROI.mat,work/glm/sub-37/GLM_run_1_block-03/DCM_sub-37_GLM_run_1_block-03_4ROI.mat,sub-37,run_1,block-03,4,OK,
277,DCM_sub-37_GLM_run_2_ALL_4ROI.mat,work/glm/sub-37/GLM_run_2_ALL/DCM_sub-37_GLM_run_2_ALL_4ROI.mat,sub-37,run_2,,4,OK,
278,DCM_sub-37_GLM_run_2_block-01_4ROI.mat,work/glm/sub-37/GLM_run_2_block-01/DCM_sub-37_GLM_run_2_block-01_4ROI.mat,sub-37,run_2,block-01,4,OK,
279,DCM_sub-37_GLM_run_2_block-02_4ROI.mat,work/glm/sub-37/GLM_run_2_block-02/DCM_sub-37_GLM_run_2_block-02_4ROI.mat,sub-37,run_2,block-02,4,OK,
280,DCM_sub-37_GLM_run_2_block-03_4ROI.mat,work/glm/sub-37/GLM_run_2_block-03/DCM_sub-37_GLM_run_2_block-03_4ROI.mat,sub-37,run_2,block-03,4,OK,
281,DCM_sub-38_GLM_run_1_ALL_4ROI.mat,work/glm/sub-38/GLM_run_1_ALL/DCM_sub-38_GLM_run_1_ALL_4ROI.mat,sub-38,run_1,,4,OK,
282,DCM_sub-38_GLM_run_1_block-01_4ROI.mat,work/glm/sub-38/GLM_run_1_block-01/DCM_sub-38_GLM_run_1_block-01_4ROI.mat,sub-38,run_1,block-01,4,OK,
283,DCM_sub-38_GLM_run_1_block-02_4ROI.mat,work/glm/sub-38/GLM_run_1_block-02/DCM_sub-38_GLM_run_1_block-02_4ROI.mat,sub-38,run_1,block-02,4,OK,
284,DCM_sub-38_GLM_run_1_block-03_4ROI.mat,work/glm/sub-38/GLM_run_1_block-03/DCM_sub-38_GLM_run_1_block-03_4ROI.mat,sub-38,run_1,block-03,4,OK,
285,DCM_sub-38_GLM_run_2_ALL_4ROI.mat,work/glm/sub-38/GLM_run_2_ALL/DCM_sub-38_GLM_run_2_ALL_4ROI.mat,sub-38,run_2,,4,OK,
286,DCM_sub-38_GLM_run_2_block-01_4ROI.mat,work/glm/sub-38/GLM_run_2_block-01/DCM_sub-38_GLM_run_2_block-01_4ROI.mat,sub-38,run_2,block-01,4,OK,
287,DCM_sub-38_GLM_run_2_block-02_4ROI.mat,work/glm/sub-38/GLM_run_2_block-02/DCM_sub-38_GLM_run_2_block-02_4ROI.mat,sub-38,run_2,block-02,4,OK,
288,DCM_sub-38_GLM_run_2_block-03_4ROI.mat,work/glm/sub-38/GLM_run_2_block-03/DCM_sub-38_GLM_run_2_block-03_4ROI.mat,sub-38,run_2,block-03,4,OK,
289,DCM_sub-39_GLM_run_1_ALL_4ROI.mat,work/glm/sub-39/GLM_run_1_ALL/DCM_sub-39_GLM_run_1_ALL_4ROI.mat,sub-39,run_1,,4,OK,
290,DCM_sub-39_GLM_run_1_block-01_4ROI.mat,work/glm/sub-39/GLM_run_1_block-01/DCM_sub-39_GLM_run_1_block-01_4ROI.mat,sub-39,run_1,block-01,4,OK,
291,DCM_sub-39_GLM_run_1_block-02_4ROI.mat,work/glm/sub-39/GLM_run_1_block-02/DCM_sub-39_GLM_run_1_block-02_4ROI.mat,sub-39,run_1,block-02,4,OK,
292,DCM_sub-39_GLM_run_1_block-03_4ROI.mat,work/glm/sub-39/GLM_run_1_block-03/DCM_sub-39_GLM_run_1_block-03_4ROI.mat,sub-39,run_1,block-03,4,OK,
293,DCM_sub-39_GLM_run_2_ALL_4ROI.mat,work/glm/sub-39/GLM_run_2_ALL/DCM_sub-39_GLM_run_2_ALL_4ROI.mat,sub-39,run_2,,4,OK,
294,DCM_sub-39_GLM_run_2_block-01_4ROI.mat,work/glm/sub-39/GLM_run_2_block-01/DCM_sub-39_GLM_run_2_block-01_4ROI.mat,sub-39,run_2,block-01,4,OK,
295,DCM_sub-39_GLM_run_2_block-02_4ROI.mat,work/glm/sub-39/GLM_run_2_block-02/DCM_sub-39_GLM_run_2_block-02_4ROI.mat,sub-39,run_2,block-02,4,OK,
296,DCM_sub-39_GLM_run_2_block-03_4ROI.mat,work/glm/sub-39/GLM_run_2_block-03/DCM_sub-39_GLM_run_2_block-03_4ROI.mat,sub-39,run_2,block-03,4,OK,
297,DCM_sub-40_GLM_run_1_ALL_4ROI.mat,work/glm/sub-40/GLM_run_1_ALL/DCM_sub-40_GLM_run_1_ALL_4ROI.mat,sub-40,run_1,,4,OK,
298,DCM_sub-40_GLM_run_1_block-01_4ROI.mat,work/glm/sub-40/GLM_run_1_block-01/DCM_sub-40_GLM_run_1_block-01_4ROI.mat,sub-40,run_1,block-01,4,OK,
299,DCM_sub-40_GLM_run_1_block-02_4ROI.mat,work/glm/sub-40/GLM_run_1_block-02/DCM_sub-40_GLM_run_1_block-02_4ROI.mat,sub-40,run_1,block-02,4,OK,
300,DCM_sub-40_GLM_run_1_block-03_4ROI.mat,work/glm/sub-40/GLM_run_1_block-03/DCM_sub-40_GLM_run_1_block-03_4ROI.mat,sub-40,run_1,block-03,4,OK,
301,DCM_sub-40_GLM_run_2_ALL_4ROI.mat,work/glm/sub-40/GLM_run_2_ALL/DCM_sub-40_GLM_run_2_ALL_4ROI.mat,sub-40,run_2,,4,OK,
302,DCM_sub-40_GLM_run_2_block-01_4ROI.mat,work/glm/sub-40/GLM_run_2_block-01/DCM_sub-40_GLM_run_2_block-01_4ROI.mat,sub-40,run_2,block-01,4,OK,
303,DCM_sub-40_GLM_run_2_block-02_4ROI.mat,work/glm/sub-40/GLM_run_2_block-02/DCM_sub-40_GLM_run_2_block-02_4ROI.mat,sub-40,run_2,block-02,4,OK,
304,DCM_sub-40_GLM_run_2_block-03_4ROI.mat,work/glm/sub-40/GLM_run_2_block-03/DCM_sub-40_GLM_run_2_block-03_4ROI.mat,sub-40,run_2,block-03,4,OK,
305,DCM_sub-42_GLM_run_1_ALL_4ROI.mat,work/glm/sub-42/GLM_run_1_ALL/DCM_sub-42_GLM_run_1_ALL_4ROI.mat,sub-42,run_1,,4,OK,
306,DCM_sub-42_GLM_run_1_block-01_4ROI.mat,work/glm/sub-42/GLM_run_1_block-01/DCM_sub-42_GLM_run_1_block-01_4ROI.mat,sub-42,run_1,block-01,4,OK,
307,DCM_sub-42_GLM_run_1_block-02_4ROI.mat,work/glm/sub-42/GLM_run_1_block-02/DCM_sub-42_GLM_run_1_block-02_4ROI.mat,sub-42,run_1,block-02,4,OK,
308,DCM_sub-42_GLM_run_1_block-03_4ROI.mat,work/glm/sub-42/GLM_run_1_block-03/DCM_sub-42_GLM_run_1_block-03_4ROI.mat,sub-42,run_1,block-03,4,OK,
309,DCM_sub-42_GLM_run_2_ALL_4ROI.mat,work/glm/sub-42/GLM_run_2_ALL/DCM_sub-42_GLM_run_2_ALL_4ROI.mat,sub-42,run_2,,4,OK,
310,DCM_sub-42_GLM_run_2_block-01_4ROI.mat,work/glm/sub-42/GLM_run_2_block-01/DCM_sub-42_GLM_run_2_block-01_4ROI.mat,sub-42,run_2,block-01,4,OK,
311,DCM_sub-42_GLM_run_2_block-02_4ROI.mat,work/glm/sub-42/GLM_run_2_block-02/DCM_sub-42_GLM_run_2_block-02_4ROI.mat,sub-42,run_2,block-02,4,OK,
312,DCM_sub-42_GLM_run_2_block-03_4ROI.mat,work/glm/sub-42/GLM_run_2_block-03/DCM_sub-42_GLM_run_2_block-03_4ROI.mat,sub-42,run_2,block-03,4,OK,
313,DCM_sub-44_GLM_run_1_ALL_4ROI.mat,work/glm/sub-44/GLM_run_1_ALL/DCM_sub-44_GLM_run_1_ALL_4ROI.mat,sub-44,run_1,,4,OK,
314,DCM_sub-44_GLM_run_1_block-01_4ROI.mat,work/glm/sub-44/GLM_run_1_block-01/DCM_sub-44_GLM_run_1_block-01_4ROI.mat,sub-44,run_1,block-01,4,OK,
315,DCM_sub-44_GLM_run_1_block-02_4ROI.mat,work/glm/sub-44/GLM_run_1_block-02/DCM_sub-44_GLM_run_1_block-02_4ROI.mat,sub-44,run_1,block-02,4,OK,
316,DCM_sub-44_GLM_run_1_block-03_4ROI.mat,work/glm/sub-44/GLM_run_1_block-03/DCM_sub-44_GLM_run_1_block-03_4ROI.mat,sub-44,run_1,block-03,4,OK,
317,DCM_sub-44_GLM_run_2_ALL_4ROI.mat,work/glm/sub-44/GLM_run_2_ALL/DCM_sub-44_GLM_run_2_ALL_4ROI.mat,sub-44,run_2,,4,OK,
318,DCM_sub-44_GLM_run_2_block-01_4ROI.mat,work/glm/sub-44/GLM_run_2_block-01/DCM_sub-44_GLM_run_2_block-01_4ROI.mat,sub-44,run_2,block-01,4,OK,
319,DCM_sub-44_GLM_run_2_block-02_4ROI.mat,work/glm/sub-44/GLM_run_2_block-02/DCM_sub-44_GLM_run_2_block-02_4ROI.mat,sub-44,run_2,block-02,4,OK,
320,DCM_sub-44_GLM_run_2_block-03_4ROI.mat,work/glm/sub-44/GLM_run_2_block-03/DCM_sub-44_GLM_run_2_block-03_4ROI.mat,sub-44,run_2,block-03,4,OK,
321,DCM_sub-45_GLM_run_1_ALL_4ROI.mat,work/glm/sub-45/GLM_run_1_ALL/DCM_sub-45_GLM_run_1_ALL_4ROI.mat,sub-45,run_1,,4,OK,
322,DCM_sub-45_GLM_run_1_block-01_4ROI.mat,work/glm/sub-45/GLM_run_1_block-01/DCM_sub-45_GLM_run_1_block-01_4ROI.mat,sub-45,run_1,block-01,4,OK,
323,DCM_sub-45_GLM_run_1_block-02_4ROI.mat,work/glm/sub-45/GLM_run_1_block-02/DCM_sub-45_GLM_run_1_block-02_4ROI.mat,sub-45,run_1,block-02,4,OK,
324,DCM_sub-45_GLM_run_1_block-03_4ROI.mat,work/glm/sub-45/GLM_run_1_block-03/DCM_sub-45_GLM_run_1_block-03_4ROI.mat,sub-45,run_1,block-03,4,OK,
325,DCM_sub-45_GLM_run_2_ALL_4ROI.mat,work/glm/sub-45/GLM_run_2_ALL/DCM_sub-45_GLM_run_2_ALL_4ROI.mat,sub-45,run_2,,4,OK,
326,DCM_sub-45_GLM_run_2_block-01_4ROI.mat,work/glm/sub-45/GLM_run_2_block-01/DCM_sub-45_GLM_run_2_block-01_4ROI.mat,sub-45,run_2,block-01,4,OK,
327,DCM_sub-45_GLM_run_2_block-02_4ROI.mat,work/glm/sub-45/GLM_run_2_block-02/DCM_sub-45_GLM_run_2_block-02_4ROI.mat,sub-45,run_2,block-02,4,OK,
328,DCM_sub-45_GLM_run_2_block-03_4ROI.mat,work/glm/sub-45/GLM_run_2_block-03/DCM_sub-45_GLM_run_2_block-03_4ROI.mat,sub-45,run_2,block-03,4,OK,
329,DCM_sub-46_GLM_run_1_ALL_4ROI.mat,work/glm/sub-46/GLM_run_1_ALL/DCM_sub-46_GLM_run_1_ALL_4ROI.mat,sub-46,run_1,,4,OK,
330,DCM_sub-46_GLM_run_1_block-01_4ROI.mat,work/glm/sub-46/GLM_run_1_block-01/DCM_sub-46_GLM_run_1_block-01_4ROI.mat,sub-46,run_1,block-01,4,OK,
331,DCM_sub-46_GLM_run_1_block-02_4ROI.mat,work/glm/sub-46/GLM_run_1_block-02/DCM_sub-46_GLM_run_1_block-02_4ROI.mat,sub-46,run_1,block-02,4,OK,
332,DCM_sub-46_GLM_run_1_block-03_4ROI.mat,work/glm/sub-46/GLM_run_1_block-03/DCM_sub-46_GLM_run_1_block-03_4ROI.mat,sub-46,run_1,block-03,4,OK,
333,DCM_sub-46_GLM_run_2_ALL_4ROI.mat,work/glm/sub-46/GLM_run_2_ALL/DCM_sub-46_GLM_run_2_ALL_4ROI.mat,sub-46,run_2,,4,OK,
334,DCM_sub-46_GLM_run_2_block-01_4ROI.mat,work/glm/sub-46/GLM_run_2_block-01/DCM_sub-46_GLM_run_2_block-01_4ROI.mat,sub-46,run_2,block-01,4,OK,
335,DCM_sub-46_GLM_run_2_block-02_4ROI.mat,work/glm/sub-46/GLM_run_2_block-02/DCM_sub-46_GLM_run_2_block-02_4ROI.mat,sub-46,run_2,block-02,4,OK,
336,DCM_sub-46_GLM_run_2_block-03_4ROI.mat,work/glm/sub-46/GLM_run_2_block-03/DCM_sub-46_GLM_run_2_block-03_4ROI.mat,sub-46,run_2,block-03,4,OK,
337,DCM_sub-47_GLM_run_1_ALL_4ROI.mat,work/glm/sub-47/GLM_run_1_ALL/DCM_sub-47_GLM_run_1_ALL_4ROI.mat,sub-47,run_1,,4,OK,
338,DCM_sub-47_GLM_run_1_block-01_4ROI.mat,work/glm/sub-47/GLM_run_1_block-01/DCM_sub-47_GLM_run_1_block-01_4ROI.mat,sub-47,run_1,block-01,4,OK,
339,DCM_sub-47_GLM_run_1_block-02_4ROI.mat,work/glm/sub-47/GLM_run_1_block-02/DCM_sub-47_GLM_run_1_block-02_4ROI.mat,sub-47,run_1,block-02,4,OK,
340,DCM_sub-47_GLM_run_1_block-03_4ROI.mat,work/glm/sub-47/GLM_run_1_block-03/DCM_sub-47_GLM_run_1_block-03_4ROI.mat,sub-47,run_1,block-03,4,OK,
341,DCM_sub-47_GLM_run_2_ALL_4ROI.mat,work/glm/sub-47/GLM_run_2_ALL/DCM_sub-47_GLM_run_2_ALL_4ROI.mat,sub-47,run_2,,4,OK,
342,DCM_sub-47_GLM_run_2_block-01_4ROI.mat,work/glm/sub-47/GLM_run_2_block-01/DCM_sub-47_GLM_run_2_block-01_4ROI.mat,sub-47,run_2,block-01,4,OK,
343,DCM_sub-47_GLM_run_2_block-02_4ROI.mat,work/glm/sub-47/GLM_run_2_block-02/DCM_sub-47_GLM_run_2_block-02_4ROI.mat,sub-47,run_2,block-02,4,OK,
344,DCM_sub-47_GLM_run_2_block-03_4ROI.mat,work/glm/sub-47/GLM_run_2_block-03/DCM_sub-47_GLM_run_2_block-03_4ROI.mat,sub-47,run_2,block-03,4,OK,
345,DCM_sub-48_GLM_run_1_ALL_4ROI.mat,work/glm/sub-48/GLM_run_1_ALL/DCM_sub-48_GLM_run_1_ALL_4ROI.mat,sub-48,run_1,,4,OK,
346,DCM_sub-48_GLM_run_1_block-01_4ROI.mat,work/glm/sub-48/GLM_run_1_block-01/DCM_sub-48_GLM_run_1_block-01_4ROI.mat,sub-48,run_1,block-01,4,OK,
347,DCM_sub-48_GLM_run_1_block-02_4ROI.mat,work/glm/sub-48/GLM_run_1_block-02/DCM_sub-48_GLM_run_1_block-02_4ROI.mat,sub-48,run_1,block-02,4,OK,
348,DCM_sub-48_GLM_run_1_block-03_4ROI.mat,work/glm/sub-48/GLM_run_1_block-03/DCM_sub-48_GLM_run_1_block-03_4ROI.mat,sub-48,run_1,block-03,4,OK,
349,DCM_sub-48_GLM_run_2_ALL_4ROI.mat,work/glm/sub-48/GLM_run_2_ALL/DCM_sub-48_GLM_run_2_ALL_4ROI.mat,sub-48,run_2,,4,OK,
350,DCM_sub-48_GLM_run_2_block-01_4ROI.mat,work/glm/sub-48/GLM_run_2_block-01/DCM_sub-48_GLM_run_2_block-01_4ROI.mat,sub-48,run_2,block-01,4,OK,
351,DCM_sub-48_GLM_run_2_block-02_4ROI.mat,work/glm/sub-48/GLM_run_2_block-02/DCM_sub-48_GLM_run_2_block-02_4ROI.mat,sub-48,run_2,block-02,4,OK,
352,DCM_sub-48_GLM_run_2_block-03_4ROI.mat,work/glm/sub-48/GLM_run_2_block-03/DCM_sub-48_GLM_run_2_block-03_4ROI.mat,sub-48,run_2,block-03,4,OK,
353,DCM_sub-49_GLM_run_1_ALL_4ROI.mat,work/glm/sub-49/GLM_run_1_ALL/DCM_sub-49_GLM_run_1_ALL_4ROI.mat,sub-49,run_1,,4,OK,
354,DCM_sub-49_GLM_run_1_block-01_4ROI.mat,work/glm/sub-49/GLM_run_1_block-01/DCM_sub-49_GLM_run_1_block-01_4ROI.mat,sub-49,run_1,block-01,4,OK,
355,DCM_sub-49_GLM_run_1_block-02_4ROI.mat,work/glm/sub-49/GLM_run_1_block-02/DCM_sub-49_GLM_run_1_block-02_4ROI.mat,sub-49,run_1,block-02,4,OK,
356,DCM_sub-49_GLM_run_1_block-03_4ROI.mat,work/glm/sub-49/GLM_run_1_block-03/DCM_sub-49_GLM_run_1_block-03_4ROI.mat,sub-49,run_1,block-03,4,OK,
357,DCM_sub-49_GLM_run_2_ALL_4ROI.mat,work/glm/sub-49/GLM_run_2_ALL/DCM_sub-49_GLM_run_2_ALL_4ROI.mat,sub-49,run_2,,4,OK,
358,DCM_sub-49_GLM_run_2_block-01_4ROI.mat,work/glm/sub-49/GLM_run_2_block-01/DCM_sub-49_GLM_run_2_block-01_4ROI.mat,sub-49,run_2,block-01,4,OK,
359,DCM_sub-49_GLM_run_2_block-02_4ROI.mat,work/glm/sub-49/GLM_run_2_block-02/DCM_sub-49_GLM_run_2_block-02_4ROI.mat,sub-49,run_2,block-02,4,OK,
360,DCM_sub-49_GLM_run_2_block-03_4ROI.mat,work/glm/sub-49/GLM_run_2_block-03/DCM_sub-49_GLM_run_2_block-03_4ROI.mat,sub-49,run_2,block-03,4,OK,
