node,metric,AnalysisLevel,Contrast,N,MeanDiff,MedianDiff,SDDiff,SEMDiff,t,df,p,Cohen_dz,q_FDR,FDR_sig_05,stars_FDR
IFG_L,incoming_mean_excl_self,Run-averaged,Late_B3_minus_mean_B1B2,45,0.13140318593291414,0.11662497911359931,0.0703046455078777,0.010480397765975983,12.537996063423005,44,4.025388626116765e-16,1.8690540999625735,1.5236024332431919e-15,True,***
IFG_L,incoming_mean_excl_self,Run-averaged,B2_minus_B1,45,-0.0024341335309368073,0.0,0.01804552994175413,0.0026900687759846705,-0.9048592187186066,44,0.37046808441158025,-0.13488844820814364,0.44456170129389627,False,
IFG_L,incoming_mean_excl_self,Run-averaged,B3_minus_B1,45,0.13018611916744574,0.12462268260931096,0.07046147204902271,0.010503776086421078,12.394220716085703,44,5.992555346085495e-16,1.84762133662025,1.9892063247285965e-15,True,***
IFG_L,incoming_mean_excl_self,Run-averaged,B3_minus_B2,45,0.1326202526983825,0.1250067745413903,0.07129858267946747,0.010628565171378557,12.477719293241277,44,4.754625347820185e-16,1.8600685695898753,1.4263876043460555e-15,True,***
IFG_L,outgoing_mean_excl_self,Run-averaged,Late_B3_minus_mean_B1B2,45,0.05460081441798861,0.03384176112617023,0.11323440939685803,0.0168799891202277,3.234647488756917,44,0.002313657999098558,0.48219277787396353,0.002313657999098558,True,**
IFG_L,outgoing_mean_excl_self,Run-averaged,B2_minus_B1,45,-0.0018731017384485786,-0.0014372761464109853,0.025507828154254186,0.0038024825140863566,-0.4925996980945063,44,0.6247447073873131,-0.07343242737567932,0.6711295199151023,False,
IFG_L,outgoing_mean_excl_self,Run-averaged,B3_minus_B1,45,0.05366426354876431,0.03614509453493079,0.11576319139341376,0.01725695768319945,3.1097175141716473,44,0.0032806816106350062,0.46356931683396463,0.0032806816106350062,True,**
IFG_L,outgoing_mean_excl_self,Run-averaged,B3_minus_B2,45,0.055537365287212904,0.03671085186135291,0.11210830080728115,0.016712118763138346,3.3231791895657645,44,0.0017992053249885954,0.49539030461878064,0.0017992053249885954,True,**
IFG_L,self_connection,Run-averaged,Late_B3_minus_mean_B1B2,45,-0.05730592944016026,-0.057442298619997424,0.055358863752763436,0.008252412167221876,-6.944142909848375,44,1.3803585077610078e-08,-1.0351717061262773,1.6564302093132092e-08,True,***
IFG_L,self_connection,Run-averaged,B2_minus_B1,45,0.0010487587988527076,0.0,0.016458376584696423,0.0024534699228448017,0.42745940722055814,44,0.6711295199151023,0.06372188614446217,0.6711295199151023,False,
IFG_L,self_connection,Run-averaged,B3_minus_B1,45,-0.05678155004073389,-0.054547374152011247,0.053746323401893226,0.008012028844488067,-7.087037645876322,44,8.52380772299018e-09,-1.0564731956853024,1.0228569267588217e-08,True,***
IFG_L,self_connection,Run-averaged,B3_minus_B2,45,-0.057830308839586606,-0.05735931250898715,0.058103178851720304,0.008661510508084985,-6.676700188218393,44,3.4097183880694466e-08,-0.9953036990827978,3.719692786984851e-08,True,***
V1_L,incoming_mean_excl_self,Run-averaged,Late_B3_minus_mean_B1B2,45,0.10246737704804855,0.10513761027023755,0.05519333716272088,0.008227736920060617,12.453895651210688,44,5.078674777477306e-16,1.8565171507197407,1.5236024332431919e-15,True,***
V1_L,incoming_mean_excl_self,Run-averaged,B2_minus_B1,45,-0.010218658909756166,-0.005033111447971502,0.022033824183758575,0.003284608578610866,-3.1110735617934315,44,0.0032683890630795472,-0.463771464478167,0.021462972518598286,True,*
V1_L,incoming_mean_excl_self,Run-averaged,B3_minus_B1,45,0.09735804759317045,0.10159992382920593,0.0551702598118248,0.008224296751704333,11.837856844476676,44,2.8647738650876147e-15,1.7646835074774003,6.875457276210275e-15,True,***
V1_L,incoming_mean_excl_self,Run-averaged,B3_minus_B2,45,0.1075767065029266,0.11872352632417331,0.057372433020499596,0.008552577351226045,12.578279281800949,44,3.602424981581376e-16,1.8750591676056103,1.4263876043460555e-15,True,***
V1_L,outgoing_mean_excl_self,Run-averaged,Late_B3_minus_mean_B1B2,45,0.13503687012940305,0.11815854230922698,0.13330412339831946,0.019871805439977505,6.795400173239413,44,2.2818801911386994e-08,1.0129984481118117,2.4893238448785812e-08,True,***
V1_L,outgoing_mean_excl_self,Run-averaged,B2_minus_B1,45,-0.010225056784870215,-0.0034150963173642506,0.0273137278605943,0.00407169014768125,-2.51125611576637,44,0.01577623448329828,-0.37435595891771234,0.06069348219511737,False,
V1_L,outgoing_mean_excl_self,Run-averaged,B3_minus_B1,45,0.12992434173696793,0.1125226082996127,0.13485905320793778,0.020103600690280665,6.462739871260052,44,7.03799977613878e-08,0.9634083782023809,7.677817937605943e-08,True,***
V1_L,outgoing_mean_excl_self,Run-averaged,B3_minus_B2,45,0.14014939852183814,0.11734631716937455,0.13313915375526716,0.019847213217571585,7.061414465873623,44,9.292774854220005e-09,1.052653517532919,1.1151329825064005e-08,True,***
V1_L,self_connection,Run-averaged,Late_B3_minus_mean_B1B2,45,-0.10457897178188838,-0.10023298620563015,0.06667716708005765,0.009939645209208004,-10.521398860897701,44,1.3611989202464523e-13,-1.5684375380904074,2.0417983803696785e-13,True,***
V1_L,self_connection,Run-averaged,B2_minus_B1,45,0.007920293796423368,0.0026845735348649,0.017259374477744074,0.0025728756387573787,3.078381899658637,44,0.0035771620864330474,0.4588980792227766,0.021462972518598286,True,*
V1_L,self_connection,Run-averaged,B3_minus_B1,45,-0.1006188248836767,-0.096539954904323,0.06713919940213538,0.010008520921205862,-10.053316136901651,44,5.66903938175245e-13,-1.4986598854271784,8.503559072628676e-13,True,***
V1_L,self_connection,Run-averaged,B3_minus_B2,45,-0.10853911868010006,-0.10060037255545741,0.06732726139511136,0.010036555547891087,-10.814379311925059,44,5.6534778802863374e-14,-1.6121124850621222,8.480216820429506e-14,True,***
lOTC,incoming_mean_excl_self,Run-averaged,Late_B3_minus_mean_B1B2,45,0.1231243965445244,0.13414594202917135,0.05271036184293113,0.007857596813293673,15.669472418872338,44,1.2896928810968488e-19,2.335867033343774,1.5476314573162186e-18,True,***
lOTC,incoming_mean_excl_self,Run-averaged,B2_minus_B1,45,-0.008185654678860092,-0.0034021133100561665,0.022790586488920416,0.003397420042420954,-2.409373753216311,44,0.020231160731705788,-0.3591682330263649,0.06069348219511737,False,
lOTC,incoming_mean_excl_self,Run-averaged,B3_minus_B1,45,0.11903156920509433,0.12893758384387816,0.0504771448798938,0.007524688484103199,15.818803589884512,44,9.035923980710957e-20,2.3581280099799646,1.084310877685315e-18,True,***
lOTC,incoming_mean_excl_self,Run-averaged,B3_minus_B2,45,0.1272172238839544,0.1359392867006989,0.0571710394540291,0.008522555370902102,14.927122012994163,44,7.838343259057703e-19,2.225203968632563,9.406011910869245e-18,True,***
lOTC,outgoing_mean_excl_self,Run-averaged,Late_B3_minus_mean_B1B2,45,0.17781428793654316,0.17090819253104084,0.10753122280288671,0.01602980825939534,11.09272706567299,44,2.4787369506211953e-14,1.6536061183131052,4.249263343922049e-14,True,***
lOTC,outgoing_mean_excl_self,Run-averaged,B2_minus_B1,45,-0.007607671436180504,-0.002301497121686518,0.026037765905468805,0.003881480969790307,-1.9599919451856798,44,0.05634899400648549,-0.29217834831914813,0.10459812888734266,False,
lOTC,outgoing_mean_excl_self,Run-averaged,B3_minus_B1,45,0.17401045221845293,0.16379967309244495,0.10578707080426028,0.015769805430593954,11.034407049871826,44,2.9437195500696995e-14,1.6449122836610874,5.887439100139399e-14,True,***
lOTC,outgoing_mean_excl_self,Run-averaged,B3_minus_B2,45,0.1816181236546334,0.17195846861349237,0.11078811322653953,0.016515316818232397,10.996950627924535,44,3.288153496195344e-14,1.6393286099498838,5.636834564906304e-14,True,***
lOTC,self_connection,Run-averaged,Late_B3_minus_mean_B1B2,45,-0.10636865873228644,-0.10309987292374082,0.05824831104189131,0.008683145537614704,-12.250014498951534,44,8.955280001164758e-16,-1.8261243430009104,2.149267200279542e-15,True,***
lOTC,self_connection,Run-averaged,B2_minus_B1,45,0.007323587580377129,0.0015434667594697,0.02471575720044677,0.003684407547705258,1.987724616658774,44,0.05308740115274603,0.2963124908932486,0.10459812888734266,False,
lOTC,self_connection,Run-averaged,B3_minus_B1,45,-0.10270686494209791,-0.0948463921633671,0.05575249683653637,0.008311091522789152,-12.357806993278075,44,6.630687749095321e-16,-1.8421930993194706,1.9892063247285965e-15,True,***
lOTC,self_connection,Run-averaged,B3_minus_B2,45,-0.11003045252247501,-0.10782699147767971,0.06310962606412396,0.00940782759426491,-11.695628073536389,44,4.300925809923139e-15,-1.7434812941321516,1.0322221943815534e-14,True,***
vOTC,incoming_mean_excl_self,Run-averaged,Late_B3_minus_mean_B1B2,45,0.1382089651917488,0.14347948149658593,0.06338300114845996,0.009448579945726914,14.627485398401408,44,1.6524101097997391e-18,2.1805367793807426,9.914460658798436e-18,True,***
vOTC,incoming_mean_excl_self,Run-averaged,B2_minus_B1,45,-0.0061606923466434186,-0.0019890634217079334,0.022775082250589572,0.0033951088070311455,-1.814578765159117,44,0.07640995164304099,-0.2705014312948942,0.11461492746456148,False,
vOTC,incoming_mean_excl_self,Run-averaged,B3_minus_B1,45,0.1351286190184271,0.13535938972972528,0.059808355206565994,0.008915703190955668,15.156249162209129,44,4.4617880161445e-19,2.259360227374923,2.6770728096867002e-18,True,***
vOTC,incoming_mean_excl_self,Run-averaged,B3_minus_B2,45,0.1412893113650705,0.1464407749882625,0.06868131115825571,0.010238405368911638,13.79993331716361,44,1.3679298573365837e-17,2.0571725988094665,8.207579144019503e-17,True,***
vOTC,outgoing_mean_excl_self,Run-averaged,Late_B3_minus_mean_B1B2,45,0.12775195223330102,0.12407745923430857,0.09928641502905897,0.01480074488314884,8.631454243816542,44,5.094528837306331e-11,1.286701228923522,6.792705116408442e-11,True,***
vOTC,outgoing_mean_excl_self,Run-averaged,B2_minus_B1,45,-0.007293309506697186,-0.0013989023872261527,0.0254469965967217,0.003793414280898368,-1.9226240443661646,44,0.061015575184283216,-0.28660787055855436,0.10459812888734266,False,
vOTC,outgoing_mean_excl_self,Run-averaged,B3_minus_B1,45,0.12410529747995237,0.11590257162018852,0.1003987583105538,0.01496656322926468,8.292170726094595,44,1.541138918039239e-10,1.2361238283054201,2.0548518907189853e-10,True,***
vOTC,outgoing_mean_excl_self,Run-averaged,B3_minus_B2,45,0.13139860698664962,0.13225234684842863,0.09979703686102546,0.014876863891620344,8.832413063929568,44,2.6596832851844428e-11,1.3166584010869142,3.5462443802459235e-11,True,***
vOTC,self_connection,Run-averaged,Late_B3_minus_mean_B1B2,45,-0.08900342792100273,-0.08938876702473046,0.05342923401923327,0.007964759950183326,-11.174652905760722,44,1.9483441209177133e-14,-1.6658189014831017,3.8966882418354266e-14,True,***
vOTC,self_connection,Run-averaged,B2_minus_B1,45,0.0055168578494533375,0.00140010057916065,0.02581959223603987,0.0038489575594073963,1.433338186847334,44,0.15882921679898074,0.21366944136912894,0.21177228906530765,False,
vOTC,self_connection,Run-averaged,B3_minus_B1,45,-0.08624499899627605,-0.08947299657917882,0.054440668568301195,0.008115535710617175,-10.62714798771026,44,9.89987606982917e-14,-1.5842016871646825,1.6971216119707146e-13,True,***
vOTC,self_connection,Run-averaged,B3_minus_B2,45,-0.09176185684572938,-0.09113958719817356,0.05548788492290957,0.008271645507687431,-11.093543208597191,44,2.4727881264975786e-14,-1.6537277817169633,4.945576252995157e-14,True,***
