FCType,Run,Condition,N,Mean,Median,SD,Min,Max,SEM,ModeHist
Raw FC,Run 1,ALL,44,3.98317769678891,3.976187794608742,0.42585041457969486,3.101128967066817,4.875974190096345,0.06419936554446093,4.1549433182405995
Raw FC,Run 1,Block-01,44,4.064877670868125,4.00498687079773,0.43744009666131617,3.291081946096638,5.234522207817012,0.06594657585829017,3.513767809418764
Raw FC,Run 1,Block-02,44,3.893252469970635,3.9507821069879245,0.46530678015389093,2.84080146896666,4.690696507063895,0.07014763646267476,3.5152423682729435
Raw FC,Run 1,Block-03,44,3.923725698502929,3.937689591465988,0.4718479356603053,3.013697110981425,5.086779616003148,0.07113375275859038,3.0352917204087344
Raw FC,Run 2,ALL,45,4.02563211241478,4.0833767860041235,0.43891947564203077,3.2769992725246784,5.058958888041872,0.06543025227894293,4.075168683641754
Raw FC,Run 2,Block-01,45,4.190289610805795,4.243320972622417,0.414928215414183,3.51123580763136,5.119822974790407,0.06185384636325261,4.466334438132044
Raw FC,Run 2,Block-02,45,3.890940612973152,3.89486088098203,0.49033800401634625,3.016884345828068,4.981678882477435,0.07309527392880767,4.183481101963629
Raw FC,Run 2,Block-03,45,3.9229048353827536,3.99472501718918,0.5268449005919752,3.0240163999858587,5.147838618961395,0.07853740075485172,4.063804361359298
Residual FC,Run 1,ALL,44,0.11947218571134935,0.11415272830709303,0.08257650809924817,-0.06009947557054246,0.32177534670242885,0.012448876993770452,0.07116999458579143
Residual FC,Run 1,Block-01,44,0.12032813021765644,0.11345852954024631,0.11678680570132745,-0.1412223679516872,0.35051878038092316,0.017606273407974635,0.10977050984308265
Residual FC,Run 1,Block-02,44,0.11421077950189379,0.12669199435588485,0.14062060777593444,-0.0825314758193924,0.6288031043413137,0.02119935426293216,0.1323508452708209
Residual FC,Run 1,Block-03,44,0.11231978308586829,0.1062376586780801,0.10303996326520473,-0.16593982779678065,0.30999342856609197,0.015533858934667626,0.057153886123315914
Residual FC,Run 2,ALL,45,0.11327611114655944,0.1078411658322204,0.08477858706773933,-0.0478655707065555,0.278274645202701,0.012638045581323313,0.09142347983802279
Residual FC,Run 2,Block-01,45,0.129492015988863,0.11553183422731018,0.1167569949388323,-0.10438960001665111,0.3798874101647991,0.01740510516878853,0.01163510033932133
Residual FC,Run 2,Block-02,45,0.0930612316472688,0.08503679832980644,0.1091968012303009,-0.08771237247619684,0.3307047127910527,0.0162780980317657,-0.01361768029345474
Residual FC,Run 2,Block-03,45,0.12171091420230708,0.11960041001227699,0.10789322357274081,-0.14124263130884127,0.3328315642700705,0.016083772148015412,0.13036237657491026
