Run,Condition,edge,roi1,roi2,N,Mean,Median,SD,Min,Max,SEM,ModeHist
Run 1,ALL,IFG_L__V1_L,IFG_L,V1_L,44,0.002136862296858517,0.0080431696270412,0.13299758108974716,-0.342178824836124,0.333342454418977,0.020050139749979906,-0.011454865200814152
Run 1,ALL,IFG_L__lOTC,IFG_L,lOTC,44,0.00432426284912978,0.0049521539091944,0.16128789991285605,-0.382337455417825,0.414201148335123,0.024315065783424496,-0.12512186462260222
Run 1,ALL,IFG_L__vOTC,IFG_L,vOTC,44,0.039768163595545844,0.01566360094090285,0.17992608494009488,-0.372025024597336,0.440147246881952,0.027124877897450456,-0.008239527997238177
Run 1,ALL,V1_L__vOTC,V1_L,vOTC,44,0.04820911434946463,0.01947138461673885,0.16570736600366504,-0.329267603250534,0.428674326288267,0.024981325365102322,0.010227219355387257
Run 1,ALL,lOTC__V1_L,lOTC,V1_L,44,0.09348757638184259,0.0906383702461798,0.14760592502141287,-0.250664693011551,0.407771444878678,0.02225243046042538,-0.010609851072404974
Run 1,ALL,lOTC__vOTC,lOTC,vOTC,44,0.5289071347952548,0.5434358279890765,0.18341211116515263,0.163987298892506,0.92642671203051,0.02765041612462571,0.5849173915624457
Run 1,Block-01,IFG_L__V1_L,IFG_L,V1_L,44,-0.01259636620158862,-0.02134711396312145,0.2283807635951509,-0.488574755097198,0.54750988074393,0.034429695553635155,-0.08925046836676326
Run 1,Block-01,IFG_L__lOTC,IFG_L,lOTC,44,0.023751061799302572,0.02599728532243785,0.270832810200391,-0.54444940663924,0.607536551109639,0.040829582379647074,-0.12445452620996117
Run 1,Block-01,IFG_L__vOTC,IFG_L,vOTC,44,0.02299979295131331,-0.006754785857811799,0.252503111911507,-0.451313612527516,0.531601790997655,0.038066276391254,-0.031526825605307535
Run 1,Block-01,V1_L__vOTC,V1_L,vOTC,44,0.03802136418177728,0.09557193784896045,0.2678544667181718,-0.427316357979861,0.696061378613838,0.04038058020567791,0.16947806458554154
Run 1,Block-01,lOTC__V1_L,lOTC,V1_L,44,0.06309805707525938,0.1101613019009085,0.23773034287882167,-0.515730132032837,0.488588761935086,0.035839197664163144,0.18520076271560926
Run 1,Block-01,lOTC__vOTC,lOTC,vOTC,44,0.5866948714998746,0.581555382671095,0.22472881857060764,0.130785285707868,1.10658691949674,0.033879144126298104,0.44588789661885786
Run 1,Block-02,IFG_L__V1_L,IFG_L,V1_L,44,0.001084349215365943,0.0036209798666955,0.2077206305706105,-0.503791833631064,0.381378149282244,0.03131506330994284,-0.05198632151906299
Run 1,Block-02,IFG_L__lOTC,IFG_L,lOTC,44,-0.004555704804547517,-0.06844407943199565,0.27293449896287664,-0.423687948432733,0.629935158907963,0.04114642388197758,0.004346438924424795
Run 1,Block-02,IFG_L__vOTC,IFG_L,vOTC,44,0.0373237859985051,-0.0050485111021176,0.2610560937888627,-0.546756933215074,0.637019986357158,0.03935568692424938,-0.06584755963885477
Run 1,Block-02,V1_L__vOTC,V1_L,vOTC,44,0.0459211083138663,0.1080234950382565,0.277145778582935,-0.596992563947108,0.7846764057667,0.04178129817229595,0.10823430601098144
Run 1,Block-02,lOTC__V1_L,lOTC,V1_L,44,0.08848696369838398,0.1149143420188891,0.26281311107785266,-0.522036740563306,0.568152028478194,0.03962056724687425,0.3296732352503659
Run 1,Block-02,lOTC__vOTC,lOTC,vOTC,44,0.5170041745897889,0.52727345537756,0.3276252766216983,-0.173870289765091,1.21996314094475,0.04939136883593501,0.21814536262205175
Run 1,Block-03,IFG_L__V1_L,IFG_L,V1_L,44,-0.008726127910797597,0.031284905048720196,0.2043017801060242,-0.44934968841544,0.521828390190576,0.03079965220969898,0.046355789206380726
Run 1,Block-03,IFG_L__lOTC,IFG_L,lOTC,44,-0.012403212714004437,-0.03127158588529495,0.24888931781217846,-0.528743442327397,0.731925736172153,0.037521476432296134,-0.22670811831187987
Run 1,Block-03,IFG_L__vOTC,IFG_L,vOTC,44,0.031975010824583934,0.061377061827648,0.280422438435273,-0.619286596481034,0.803738147240051,0.04227527323119715,0.07740260096574719
Run 1,Block-03,V1_L__vOTC,V1_L,vOTC,44,0.052980385311478397,0.0354910537351093,0.2276345645686504,-0.511536017956412,0.456795436344454,0.03431720181773377,0.002890067140923047
Run 1,Block-03,lOTC__V1_L,lOTC,V1_L,44,0.10742202746326777,0.07629613251263365,0.2217026006627151,-0.376949472727791,0.686782086752855,0.03342292461110111,0.010869324999527863
Run 1,Block-03,lOTC__vOTC,lOTC,vOTC,44,0.5026706155406817,0.496212765549573,0.24552387794364625,-0.0227827707891754,0.89864224509675,0.03701411728236775,0.33234978741685833
Run 2,ALL,IFG_L__V1_L,IFG_L,V1_L,45,-0.03789066800886662,-0.0650267496668695,0.16283535923495923,-0.337920195375086,0.265395344275348,0.02427406215933113,-0.13053047862024933
Run 2,ALL,IFG_L__lOTC,IFG_L,lOTC,45,0.020419762076472746,-0.00669783360417,0.1539979568430826,-0.273301061806569,0.320821277003847,0.02295665999314744,-0.15571434891700747
Run 2,ALL,IFG_L__vOTC,IFG_L,vOTC,45,0.034332750041087254,0.0225399972246822,0.13957614933226853,-0.23264537711236,0.294070880486807,0.020806783862974288,0.025226124003898898
Run 2,ALL,V1_L__vOTC,V1_L,vOTC,45,0.03867075280105674,0.0171004271400061,0.1451429328226054,-0.264615479031408,0.381054658792937,0.02163663094966874,0.01113947566440604
Run 2,ALL,lOTC__V1_L,lOTC,V1_L,45,0.04737075769689716,0.0655439164345105,0.181531657000843,-0.537705621363088,0.453303120885162,0.027061141674804036,0.03005980388330526
Run 2,ALL,lOTC__vOTC,lOTC,vOTC,45,0.5767533122727093,0.561622719196534,0.13407938281647974,0.294573348212119,0.894037926355888,0.01998737429059106,0.4756616061930492
Run 2,Block-01,IFG_L__V1_L,IFG_L,V1_L,45,-0.003422198506319851,0.0181447294009363,0.22885634484941988,-0.591127361801722,0.564313330279183,0.03411588961102911,0.04677218695127766
Run 2,Block-01,IFG_L__lOTC,IFG_L,lOTC,45,0.02553255836415,0.0074418601714239,0.22681792409297602,-0.458554426871281,0.639328595744984,0.03381201978581878,-0.05828457487576774
Run 2,Block-01,IFG_L__vOTC,IFG_L,vOTC,45,-0.0003718679177466957,-0.0252248588793293,0.22756389305845978,-0.550173676147571,0.473048168214028,0.033923222273547236,-0.07053843660307146
Run 2,Block-01,V1_L__vOTC,V1_L,vOTC,45,0.07700469430840849,0.116431753882855,0.2885687217215102,-0.376341966086103,0.62892124267,0.04301728519663446,-0.19832660620220974
Run 2,Block-01,lOTC__V1_L,lOTC,V1_L,45,0.08430341893430289,0.0561968889173265,0.28756429437844644,-0.657201347259619,0.691960958960703,0.04286755400879779,0.0033260318274136447
Run 2,Block-01,lOTC__vOTC,lOTC,vOTC,45,0.5939054907503831,0.60507038908018,0.22885762414093713,-0.0406190670206508,1.06665985188947,0.03411608031654882,0.4553496154078408
Run 2,Block-02,IFG_L__V1_L,IFG_L,V1_L,45,-0.07701114070531022,-0.0803847308421561,0.22924145430783516,-0.565971062702337,0.482557716356665,0.03417329833954876,-0.1618505957733467
Run 2,Block-02,IFG_L__lOTC,IFG_L,lOTC,45,0.020556315242551606,0.0350567921258204,0.236338440700261,-0.403723220755893,0.573297361622836,0.03523125460680577,0.13567355909903034
Run 2,Block-02,IFG_L__vOTC,IFG_L,vOTC,45,0.026890877340832973,0.0123294506204807,0.21902111800044377,-0.433982294248514,0.373706221810168,0.032649740557133,-0.08903199051511859
Run 2,Block-02,V1_L__vOTC,V1_L,vOTC,45,0.009887589144381995,-0.0161234654868115,0.2189377803217522,-0.437946369252409,0.519305423904367,0.032637317309490245,-0.2086047938085981
Run 2,Block-02,lOTC__V1_L,lOTC,V1_L,45,0.0022821271793948945,-0.0226719564806845,0.2577649369564514,-0.532468907277377,0.530123736192752,0.03842532808337154,-0.21147737956244214
Run 2,Block-02,lOTC__vOTC,lOTC,vOTC,45,0.5757616216817615,0.567654023090014,0.16045487154312071,0.172421875834302,0.966893112797877,0.023919200006094297,0.7103451091950559
Run 2,Block-03,IFG_L__V1_L,IFG_L,V1_L,45,-0.03664292330293276,-0.0525552025701298,0.28467759131796205,-0.646550514237656,0.566487257877485,0.04243722972385781,-0.15375391931587987
Run 2,Block-03,IFG_L__lOTC,IFG_L,lOTC,45,0.021668246940367283,0.0066246438601929,0.22825835375480544,-0.53545684575754,0.562761305467848,0.03402674636186262,-0.020667087370639492
Run 2,Block-03,IFG_L__vOTC,IFG_L,vOTC,45,0.07509240944695766,0.0761208452206572,0.22660109308887727,-0.439670108556817,0.579949280875674,0.03377969652816582,0.08076062146601698
Run 2,Block-03,V1_L__vOTC,V1_L,vOTC,45,0.03717682765099757,0.035395074551847,0.21108815326771535,-0.408560571566117,0.532229310310081,0.03146716399676706,0.13043363159212146
Run 2,Block-03,lOTC__V1_L,lOTC,V1_L,45,0.03617522335564819,0.0187030150593266,0.2578694255030002,-0.449386993084842,0.528694293510364,0.038440904316235085,0.17210215777252846
Run 2,Block-03,lOTC__vOTC,lOTC,vOTC,45,0.5967957011228046,0.611185707951952,0.1998612945940281,0.217357174580355,1.17943913977051,0.029793562718890537,0.6082029729388554
