edge,roi1,roi2,AnalysisLevel,Contrast,N,MeanDiff,MedianDiff,SDDiff,SEMDiff,t,df,p,Cohen_dz,q_FDR,FDR_sig_05,stars_FDR
IFG_L__V1_L,IFG_L,V1_L,Run-averaged,Late_B3_minus_mean_B1B2,45,-0.002094669925642457,-0.033655456599514466,0.20535154315435108,0.030612000651840707,-0.06842643019205946,44,0.9457562023812761,-0.01020040995780593,0.9457562023812761,False,
IFG_L__V1_L,IFG_L,V1_L,Run-averaged,B2_minus_B1,45,-0.030460092247556962,-0.031857381671560006,0.19130673069556509,0.028518323625901943,-1.0680884559389525,44,0.29130576991430573,-0.15922122623081914,0.6103959462990521,False,
IFG_L__V1_L,IFG_L,V1_L,Run-averaged,B3_minus_B1,45,-0.01732471604942093,0.009233311862136252,0.2149612634783742,0.0320445331777925,-0.5406449815729348,44,0.591478860879831,-0.08059459536608024,0.8642391131520474,False,
IFG_L__V1_L,IFG_L,V1_L,Run-averaged,B3_minus_B2,45,0.013135376198136026,-0.02713932052423805,0.2375485221175673,0.035411642893966186,0.3709338264103576,44,0.7124668232018972,0.055295550067177755,0.9882641002956252,False,
IFG_L__lOTC,IFG_L,lOTC,Run-averaged,Late_B3_minus_mean_B1B2,45,-0.011228993348302073,-0.03587391911536351,0.20273856407305516,0.03022248072853653,-0.3715443960131136,44,0.712015332677395,-0.055386568409628266,0.9457562023812761,False,
IFG_L__lOTC,IFG_L,lOTC,Run-averaged,B2_minus_B1,45,-0.021402653698507655,-0.04384274811840481,0.21743341704989258,0.03241306007357477,-0.6603095681162324,44,0.5124973707738253,-0.0984331387000949,0.6149968449285903,False,
IFG_L__lOTC,IFG_L,lOTC,Run-averaged,B3_minus_B1,45,-0.0219303201975559,-0.04129614394917974,0.2204307475095167,0.03285987571749145,-0.6673890183304101,44,0.5080090094568999,-0.09948848082824334,0.8642391131520474,False,
IFG_L__lOTC,IFG_L,lOTC,Run-averaged,B3_minus_B2,45,-0.000527666499048238,-0.004671104324644515,0.23927971435581527,0.03566971379575568,-0.01479312399504099,44,0.9882641002956252,-0.0022052287234996613,0.9882641002956252,False,
IFG_L__vOTC,IFG_L,vOTC,Run-averaged,Late_B3_minus_mean_B1B2,45,0.03425647033953512,0.030299274888352268,0.158031542077698,0.023557951378323404,1.4541362187824125,44,0.15300510079585888,0.21676982891613203,0.9180306047751533,False,
IFG_L__vOTC,IFG_L,vOTC,Run-averaged,B2_minus_B1,45,0.01897748618408296,0.041802087808709705,0.27082299563297063,0.0403719085403634,0.47006660993273275,44,0.6406290388278438,0.07007339291749787,0.6406290388278438,False,
IFG_L__vOTC,IFG_L,vOTC,Run-averaged,B3_minus_B1,45,0.04374521343157663,0.03612720304717204,0.212989916013969,0.031750662048613716,1.3777732686202873,44,0.17524080041043136,0.20538631241446936,0.5388228059757278,False,
IFG_L__vOTC,IFG_L,vOTC,Run-averaged,B3_minus_B2,45,0.02476772724749364,0.02852846806869369,0.2031151883564617,0.03027862456184814,0.8179938027535645,44,0.41776861526486203,0.12193931654203498,0.9882641002956252,False,
V1_L__vOTC,V1_L,vOTC,Run-averaged,Late_B3_minus_mean_B1B2,45,0.002036683860832157,-0.031311799765273055,0.19025003513700064,0.02836080075253713,0.07181334118889282,44,0.9430758963038645,0.010705300839316659,0.9457562023812761,False,
V1_L__vOTC,V1_L,vOTC,Run-averaged,B2_minus_B1,45,-0.031563530682925126,-0.0135041548567712,0.2528678621546021,0.03769531527351578,-0.837332980342553,44,0.40693063086603476,-0.12482223092322957,0.6103959462990521,False,
V1_L__vOTC,V1_L,vOTC,Run-averaged,B3_minus_B1,45,-0.013745081480630398,-0.04081336323671775,0.25577025820301,0.038127978930973576,-0.3604985594834262,44,0.7201992609600395,-0.053739952319712826,0.8642391131520474,False,
V1_L__vOTC,V1_L,vOTC,Run-averaged,B3_minus_B2,45,0.017818449202294723,0.01961570355337955,0.19733931340040942,0.029417607959763375,0.6057069366981274,44,0.5478213187624905,0.09029345899334498,0.9882641002956252,False,
lOTC__V1_L,lOTC,V1_L,Run-averaged,Late_B3_minus_mean_B1B2,45,0.009570710269173829,0.013290869101407338,0.2386772664102734,0.0355799061584799,0.2689920042662283,44,0.789193185569386,0.040098960462879994,0.9457562023812761,False,
lOTC__V1_L,lOTC,V1_L,Run-averaged,B2_minus_B1,45,-0.030099768856586342,0.013647080753112342,0.21841353126910112,0.03255916687489906,-0.9244637300529716,44,0.3602874058211613,-0.13781091620876396,0.6103959462990521,False,
lOTC__V1_L,lOTC,V1_L,Run-averaged,B3_minus_B1,45,-0.005479174159119323,-0.010804597508607017,0.26897438389965717,0.04009633377371723,-0.13665025311393608,44,0.8919306026404502,-0.02037061700702089,0.8919306026404502,False,
lOTC__V1_L,lOTC,V1_L,Run-averaged,B3_minus_B2,45,0.024620594697467017,0.020871716396257498,0.2558098730086084,0.03813388435752247,0.6456356364496669,44,0.5218683046178605,0.09624567811985307,0.9882641002956252,False,
lOTC__vOTC,lOTC,vOTC,Run-averaged,Late_B3_minus_mean_B1B2,45,-0.018425120640808222,-0.015168119572952166,0.1637566281594932,0.024411396822052206,-0.7547753524765023,44,0.4544048929229478,-0.11251526639192155,0.9457562023812761,False,
lOTC__vOTC,lOTC,vOTC,Run-averaged,B2_minus_B1,45,-0.03881804604944268,-0.04616450985465692,0.1804736965712789,0.026903430245603356,-1.442866047008502,44,0.15613991029859148,-0.21508977090249448,0.6103959462990521,False,
lOTC__vOTC,lOTC,vOTC,Run-averaged,B3_minus_B1,45,-0.03783414366552959,-0.02049876709829257,0.1861146559727328,0.02774433482426785,-1.363670958600032,44,0.17960760199190925,-0.20328406415813152,0.5388228059757278,False,
lOTC__vOTC,lOTC,vOTC,Run-averaged,B3_minus_B2,45,0.0009839023839131218,0.06550335979423,0.18782752445138434,0.027999674181253285,0.03513977975400432,44,0.9721272175126838,0.0052383290829549674,0.9882641002956252,False,
