Run,edge,roi1,roi2,AnalysisLevel,Contrast,N,MeanDiff,MedianDiff,SDDiff,SEMDiff,t,df,p,Cohen_dz,q_FDR,FDR_sig_05,stars_FDR
Run 1,IFG_L__V1_L,IFG_L,V1_L,Within-run,Late_B3_minus_mean_B1B2,44,-0.0029701194176862578,0.035215953966825184,0.2518512975932932,0.03796801168550416,-0.07822688852627545,43,0.938010469821324,-0.01179314717084607,0.9645229412695445,False,
Run 1,IFG_L__V1_L,IFG_L,V1_L,Within-run,B2_minus_B1,44,0.01368071541695457,0.004348102966151499,0.29539052237038715,0.0445317967877117,0.3072122933231764,43,0.760164750206681,0.04631399581534461,0.8848529732611018,False,
Run 1,IFG_L__V1_L,IFG_L,V1_L,Within-run,B3_minus_B1,44,0.0038702382907910074,-0.0003265040789774982,0.3130239170046386,0.047190131050533435,0.08201372203536736,43,0.9350163785643043,0.012364033802355286,0.9350163785643043,False,
Run 1,IFG_L__V1_L,IFG_L,V1_L,Within-run,B3_minus_B2,44,-0.009810477126163541,-0.006030307355531256,0.2692618798401461,0.040592755717069336,-0.2416804908378816,43,0.8101766109410193,-0.03643470487537178,0.903644476941313,False,
Run 1,IFG_L__lOTC,IFG_L,lOTC,Within-run,Late_B3_minus_mean_B1B2,44,-0.02200089121138196,-0.013972490388465417,0.3079091756522027,0.04641905477936322,-0.4739624991494446,43,0.6379245135272662,-0.07145253519899308,0.9645229412695445,False,
Run 1,IFG_L__lOTC,IFG_L,lOTC,Within-run,B2_minus_B1,44,-0.028306766603850078,-0.069204706884524,0.36361461510254023,0.05481696575384645,-0.5163869655055436,43,0.6082297646559444,-0.07784826414600386,0.8848529732611018,False,
Run 1,IFG_L__lOTC,IFG_L,lOTC,Within-run,B3_minus_B1,44,-0.036154274513307015,-0.030600934086720547,0.3542409415085242,0.053403831289364025,-0.6769977666472695,43,0.5020334186828852,-0.10206125344898064,0.9350163785643043,False,
Run 1,IFG_L__lOTC,IFG_L,lOTC,Within-run,B3_minus_B2,44,-0.007847507909456925,0.0436839092380655,0.36088401241794654,0.0544053119103767,-0.14424157557233255,43,0.8859836319109264,-0.021745235697414544,0.903644476941313,False,
Run 1,IFG_L__vOTC,IFG_L,vOTC,Within-run,Late_B3_minus_mean_B1B2,44,0.0018132213496747235,0.0420759386889909,0.2688417131647681,0.04052941320744935,0.04473840616427802,43,0.9645229412695445,0.00674456849842879,0.9645229412695445,False,
Run 1,IFG_L__vOTC,IFG_L,vOTC,Within-run,B2_minus_B1,44,0.014323993047191796,0.003417205085580008,0.3413320437088804,0.05145774172307025,0.27836419880761815,43,0.7820670440073239,0.04196498193239843,0.8848529732611018,False,
Run 1,IFG_L__vOTC,IFG_L,vOTC,Within-run,B3_minus_B1,44,0.008975217873270623,0.0271235029942482,0.3433916944867904,0.0517682457607744,0.17337303478943233,43,0.8631718000130321,0.026136968416444566,0.9350163785643043,False,
Run 1,IFG_L__vOTC,IFG_L,vOTC,Within-run,B3_minus_B2,44,-0.005348775173921173,0.04234973505194295,0.2913548689544526,0.043923399143867566,-0.1217750738371065,43,0.903644476941313,-0.01835828312434121,0.903644476941313,False,
Run 1,V1_L__vOTC,V1_L,vOTC,Within-run,Late_B3_minus_mean_B1B2,44,0.01100914906365661,0.0358232965436339,0.27744873491136063,0.04182697055726192,0.2632069431991225,43,0.7936482366996266,0.039679939673085245,0.9645229412695445,False,
Run 1,V1_L__vOTC,V1_L,vOTC,Within-run,B2_minus_B1,44,0.007899744132089019,-0.0029704994243705124,0.3596934588727642,0.054225829210276834,0.1456823113106377,43,0.8848529732611018,0.021962434782233354,0.8848529732611018,False,
Run 1,V1_L__vOTC,V1_L,vOTC,Within-run,B3_minus_B1,44,0.014959021129701117,0.0651456648955945,0.3371853418510866,0.050832602896717,0.29428005408448676,43,0.7699598760141885,0.0443643873947153,0.9350163785643043,False,
Run 1,V1_L__vOTC,V1_L,vOTC,Within-run,B3_minus_B2,44,0.007059276997612102,0.056782229923529506,0.323961939780773,0.048839100027660676,0.14454150452432551,43,0.8857482341857316,0.021790451688211147,0.903644476941313,False,
Run 1,lOTC__V1_L,lOTC,V1_L,Within-run,Late_B3_minus_mean_B1B2,44,0.031629517076446075,-0.0048197547488997745,0.306435746919844,0.04619692704024672,0.6846671218821646,43,0.49722802333520877,0.10321745225343952,0.9645229412695445,False,
Run 1,lOTC__V1_L,lOTC,V1_L,Within-run,B2_minus_B1,44,0.02538890662312461,0.06836863795626749,0.30655696494137974,0.04621520134457688,0.549362674714472,43,0.5855985020139064,0.08281953935699851,0.8848529732611018,False,
Run 1,lOTC__V1_L,lOTC,V1_L,Within-run,B3_minus_B1,44,0.04432397038800838,0.018235168008669665,0.3381840949002502,0.050983170584094226,0.8693843454654939,43,0.3894640312466095,0.13106462147808,0.9350163785643043,False,
Run 1,lOTC__V1_L,lOTC,V1_L,Within-run,B3_minus_B2,44,0.018935063764883783,-0.003939484246355485,0.3470242618523655,0.052315875896106326,0.36193724066642363,43,0.7191715825738052,0.0545640920430495,0.903644476941313,False,
Run 1,lOTC__vOTC,lOTC,vOTC,Within-run,Late_B3_minus_mean_B1B2,44,-0.04917890750415008,-0.04489500289665549,0.26522539255297944,0.039984232362407,-1.2299575257167588,43,0.2254000140185893,-0.18542307367619965,0.9645229412695445,False,
Run 1,lOTC__vOTC,lOTC,vOTC,Within-run,B2_minus_B1,44,-0.06969069691008588,-0.14090987136994093,0.3739113175856541,0.05636925205904688,-1.236324669291066,43,0.22304866944161444,-0.18638295668630414,0.8848529732611018,False,
Run 1,lOTC__vOTC,lOTC,vOTC,Within-run,B3_minus_B1,44,-0.08402425595919305,-0.12855919658589549,0.30762088000266485,0.04637559257489918,-1.8118206430136534,43,0.07700147116839919,-0.2731422391043975,0.46200882701039514,False,
Run 1,lOTC__vOTC,lOTC,vOTC,Within-run,B3_minus_B2,44,-0.014333559049107148,-0.009841552005383003,0.34053377013957087,0.051337397454458554,-0.2792030714416807,43,0.7814275187674447,-0.04209144674031127,0.903644476941313,False,
Run 2,IFG_L__V1_L,IFG_L,V1_L,Within-run,Late_B3_minus_mean_B1B2,45,0.0035737463028822822,-0.03094824079011202,0.2779526877989748,0.041434740296485605,0.08624999884904308,44,0.9316589886207889,0.012857390699049263,0.9700311500279971,False,
Run 2,IFG_L__V1_L,IFG_L,V1_L,Within-run,B2_minus_B1,45,-0.07358894219899036,-0.054030388169863,0.32162026888903106,0.04794431894517561,-1.534883461023597,44,0.1319725731573348,-0.22880691709259413,0.3772078464803088,False,
Run 2,IFG_L__V1_L,IFG_L,V1_L,Within-run,B3_minus_B1,45,-0.033220724796612915,-0.075725258116327,0.26708700751615916,0.03981498031420861,-0.8343775266104444,44,0.40857559718364866,-0.12438165789327289,0.7111455359898604,False,
Run 2,IFG_L__V1_L,IFG_L,V1_L,Within-run,B3_minus_B2,45,0.04036821740237746,0.07045202467951003,0.3672869755457415,0.05475190963803873,0.7372933230867944,44,0.46485771742222104,0.10990919931858582,0.6676479380991716,False,
Run 2,IFG_L__lOTC,IFG_L,lOTC,Within-run,Late_B3_minus_mean_B1B2,45,-0.0013761898629835278,-0.011978171982093708,0.24433267800734884,0.03642296514326666,-0.037783575762445516,44,0.9700311500279971,-0.005632442922522774,0.9700311500279971,False,
Run 2,IFG_L__lOTC,IFG_L,lOTC,Within-run,B2_minus_B1,45,-0.004976243121598399,-0.0016869444525753965,0.30317709002454546,0.045194972167697134,-0.1101061220512299,44,0.912825891930972,-0.016413651576362574,0.912825891930972,False,
Run 2,IFG_L__lOTC,IFG_L,lOTC,Within-run,B3_minus_B1,45,-0.003864311423782712,-0.0027298646803552012,0.2935039930806921,0.04375299201307036,-0.08832107807914767,44,0.9300222569771877,-0.013166128962069383,0.9387278323090413,False,
Run 2,IFG_L__lOTC,IFG_L,lOTC,Within-run,B3_minus_B2,45,0.0011119316978156768,0.008957265074227297,0.2814435913074773,0.04195513346634588,0.02650287595217896,44,0.9789760797244083,0.003950815481887774,0.9789760797244083,False,
Run 2,IFG_L__vOTC,IFG_L,vOTC,Within-run,Late_B3_minus_mean_B1B2,45,0.06183290473541452,0.06452242252576,0.25996250473533333,0.03875292214595442,1.5955675420432653,44,0.11774391247615358,0.23785316578006635,0.7064634748569215,False,
Run 2,IFG_L__vOTC,IFG_L,vOTC,Within-run,B2_minus_B1,45,0.027262745258579656,0.032616901600341,0.29354351124376576,0.04375888303300227,0.6230219642036685,44,0.5364861898742651,0.09287463089565622,0.7963950702727014,False,
Run 2,IFG_L__vOTC,IFG_L,vOTC,Within-run,B3_minus_B1,45,0.07546427736470436,0.10790538937423089,0.31190828957184624,0.04649654254855579,1.6230083620926843,44,0.1117317519857561,0.2419438017126557,0.6703905119145367,False,
Run 2,IFG_L__vOTC,IFG_L,vOTC,Within-run,B3_minus_B2,45,0.048201532106124705,0.042537030496347994,0.28453140974163316,0.04241543826107584,1.13641480749142,44,0.2619346757235862,0.1694067173458768,0.6676479380991716,False,
Run 2,V1_L__vOTC,V1_L,vOTC,Within-run,Late_B3_minus_mean_B1B2,45,-0.006269314075397666,-0.018981877933101243,0.2961957241836996,0.04415425159463538,-0.14198664565655036,44,0.8877387080117426,-0.021166119439014787,0.9700311500279971,False,
Run 2,V1_L__vOTC,V1_L,vOTC,Within-run,B2_minus_B1,45,-0.06711710516402651,-0.04316656379078601,0.3371467275692112,0.05025886674909058,-1.3354281444326632,44,0.1886039232401544,-0.19907387400118948,0.3772078464803088,False,
Run 2,V1_L__vOTC,V1_L,vOTC,Within-run,B3_minus_B1,45,-0.03982786665741093,-0.056871242900496596,0.37003181408745855,0.05516108600914144,-0.7220283271944745,44,0.4740970239932402,-0.10763362808582033,0.7111455359898604,False,
Run 2,V1_L__vOTC,V1_L,vOTC,Within-run,B3_minus_B2,45,0.027289238506615573,0.030969362406147102,0.30882718236559253,0.04603723820461261,0.5927644570103986,44,0.5563732817493097,0.08836410803473353,0.6676479380991716,False,
Run 2,lOTC__V1_L,lOTC,V1_L,Within-run,Late_B3_minus_mean_B1B2,45,-0.007117549701200695,-0.022449591770869942,0.3351031789529838,0.04995423250767657,-0.14248141436477732,44,0.8873502150975713,-0.021239875203330472,0.9700311500279971,False,
Run 2,lOTC__V1_L,lOTC,V1_L,Within-run,B2_minus_B1,45,-0.082021291754908,-0.060541520945516,0.26821103880081953,0.03998254100496441,-2.0514276905193163,44,0.04620737788454812,-0.3058087844617728,0.27724426730728874,False,
Run 2,lOTC__V1_L,lOTC,V1_L,Within-run,B3_minus_B1,45,-0.048128195578654706,-0.07236381938061498,0.3604651401587657,0.053734970460932625,-0.8956587333316902,44,0.37530903350457795,-0.1335169208247344,0.7111455359898604,False,
Run 2,lOTC__V1_L,lOTC,V1_L,Within-run,B3_minus_B2,45,0.033893096176253315,-0.009332339882395402,0.36141630357030063,0.05387676153065948,0.6290856245501296,44,0.5325457125033081,0.09377854801080003,0.6676479380991716,False,
Run 2,lOTC__vOTC,lOTC,vOTC,Within-run,Late_B3_minus_mean_B1B2,45,0.011962144906732149,0.025091829133167876,0.19363019486830732,0.028864685214804404,0.4144214571443476,44,0.6805789913240844,0.061778303300618474,0.9700311500279971,False,
Run 2,lOTC__vOTC,lOTC,vOTC,Within-run,B2_minus_B1,45,-0.018143869068621612,0.001687004120229041,0.2780008005094023,0.04144191251589211,-0.43781447252618505,44,0.6636625585605845,-0.06526552814011759,0.7963950702727014,False,
Run 2,lOTC__vOTC,lOTC,vOTC,Within-run,B3_minus_B1,45,0.0028902103724213436,0.04988511545867602,0.25078578293309395,0.037384937228593644,0.07730948843778673,44,0.9387278323090413,0.01152461809684168,0.9387278323090413,False,
Run 2,lOTC__vOTC,lOTC,vOTC,Within-run,B3_minus_B2,45,0.021034079441042956,0.07123407949466909,0.22524213271509982,0.03357711467653283,0.6264409447826602,44,0.5342624962350945,0.09338430242821472,0.6676479380991716,False,
