Condition,edge,roi1,roi2,N,Mean,Median,SD,Min,Max,SEM,ModeHist
ALL,IFG_L__V1_L,IFG_L,V1_L,45,3.620497278925444,3.60074905408118,0.37576756550026236,2.784516129617775,4.499757961697805,0.05601612134654609,3.159725280385282
ALL,IFG_L__lOTC,IFG_L,lOTC,45,3.8727701874367453,3.9339880737523147,0.3310561347221088,3.12036085929288,4.4713312784045005,0.04935093477379758,4.063225630964531
ALL,IFG_L__vOTC,IFG_L,vOTC,45,3.9282900311370206,3.996380559059435,0.35510970730076963,3.1054548334975953,4.613847646286585,0.05293662966630495,3.7496642639595597
ALL,V1_L__vOTC,V1_L,vOTC,45,3.939378709848259,3.94611401934468,0.4122192645504374,3.08218221889706,4.81593139597757,0.06145001981131648,3.4253200768609107
ALL,lOTC__V1_L,lOTC,V1_L,45,3.9016469316026567,3.9062645443677395,0.38970600852440884,2.997923464597075,4.847887585711325,0.058093941753379376,3.364062196900937
ALL,lOTC__vOTC,lOTC,vOTC,45,4.792176473933873,4.79768188976926,0.3341765494288102,4.014670955116575,5.461060425912979,0.04981609873394254,4.692666019552389
Block-01,IFG_L__V1_L,IFG_L,V1_L,45,3.7474557928964236,3.765609427374235,0.385111866497993,3.05557643717664,4.6537202675764,0.057409087495422416,3.5050543894765727
Block-01,IFG_L__lOTC,IFG_L,lOTC,45,4.016050294550419,4.0087026180319505,0.36135032065454364,3.32687287475797,4.891837139087119,0.05386692537832705,3.669208807579971
Block-01,IFG_L__vOTC,IFG_L,vOTC,45,4.0544309290217395,4.076813854042385,0.3797941335400529,3.31748080463623,4.9552449566874905,0.05661636667007941,3.7439818858995793
Block-01,V1_L__vOTC,V1_L,vOTC,45,4.052900815919789,4.05546870842945,0.42816310027231275,3.173091417905505,5.011209564621645,0.06382678651106333,3.5751797624996606
Block-01,lOTC__V1_L,lOTC,V1_L,45,4.01199637606512,4.037975569068095,0.4052121427873806,3.20579473801319,4.86792013366492,0.06040545977206227,3.6386398931308284
Block-01,lOTC__vOTC,lOTC,vOTC,45,4.928664860030305,4.85508508456576,0.3286121769187049,4.0907971939562895,5.747910344301305,0.04898661105496077,4.79852260191614
Block-02,IFG_L__V1_L,IFG_L,V1_L,45,3.4944764676283695,3.4562814453307302,0.3775765587249199,2.6468944437129602,4.295212180541005,0.05628579013462415,3.6255830999546115
Block-02,IFG_L__lOTC,IFG_L,lOTC,45,3.7650137267854245,3.7506498134720347,0.3452740728412128,2.916750539518805,4.421038508356055,0.05147041984941105,3.5905461922271567
Block-02,IFG_L__vOTC,IFG_L,vOTC,45,3.81653479966742,3.80532949819313,0.38833989441230504,2.9171706711042003,4.697074624479249,0.05789029348540032,3.603175319800834
Block-02,V1_L__vOTC,V1_L,vOTC,45,3.823390952228444,3.836664439148235,0.41759690701581126,2.97712074928065,4.632131054272075,0.06225167141873419,3.4081130162055002
Block-02,lOTC__V1_L,lOTC,V1_L,45,3.7821532740805943,3.7596598845345897,0.4101850885612185,2.892676785743975,4.72086379967717,0.06114678275864373,3.711552219068219
Block-02,lOTC__vOTC,lOTC,vOTC,45,4.681359353537959,4.65246043445182,0.3303562348742638,3.767215946463895,5.176403260580646,0.04924659986464937,4.48648863804432
Block-03,IFG_L__V1_L,IFG_L,V1_L,45,3.541485497839891,3.56194772514175,0.41373728051057984,2.67966676009433,4.4375885561907396,0.061676312269837025,3.8699263095346073
Block-03,IFG_L__lOTC,IFG_L,lOTC,45,3.7775414145651167,3.814432696189045,0.3595963543328616,2.9569895821279752,4.403550823919071,0.0536054595166253,3.966568782128011
Block-03,IFG_L__vOTC,IFG_L,vOTC,45,3.8419549852306822,3.93383490002011,0.3748481993437942,2.98129777624432,4.440661914628064,0.05587907033174106,3.9390054920586524
Block-03,V1_L__vOTC,V1_L,vOTC,45,3.871897404700462,3.8732257437484403,0.42634362432424827,2.97144524410125,4.89671123518071,0.06355555505084347,4.034352510009702
Block-03,lOTC__V1_L,lOTC,V1_L,45,3.8340938705782377,3.865125724135215,0.4107343925674883,2.855268389341735,4.955194293228725,0.06122866816519921,3.48962100614093
Block-03,lOTC__vOTC,lOTC,vOTC,45,4.7022461221987975,4.739490808072196,0.3937359421555478,3.9137800865110997,5.375537720630096,0.05869468878964866,4.598978977504379
