subject,run,block,block_num,dcm_path,Mean,Late_B3_gt_mean_B1B2,Mid_B2_gt_B1,Run2_gt_Run1,Late_x_Run,Mid_x_Run
sub-01,1,block-01,1,work/glm/sub-01/GLM_run_1_block-01/DCM_sub-01_GLM_run_1_block-01_4ROI.mat,1,-0.5,-1,-0.5,0.25,0.5
sub-01,1,block-02,2,work/glm/sub-01/GLM_run_1_block-02/DCM_sub-01_GLM_run_1_block-02_4ROI.mat,1,-0.5,1,-0.5,0.25,-0.5
sub-01,1,block-03,3,work/glm/sub-01/GLM_run_1_block-03/DCM_sub-01_GLM_run_1_block-03_4ROI.mat,1,1.0,0,-0.5,-0.5,-0.0
sub-01,2,block-01,1,work/glm/sub-01/GLM_run_2_block-01/DCM_sub-01_GLM_run_2_block-01_4ROI.mat,1,-0.5,-1,0.5,-0.25,-0.5
sub-01,2,block-02,2,work/glm/sub-01/GLM_run_2_block-02/DCM_sub-01_GLM_run_2_block-02_4ROI.mat,1,-0.5,1,0.5,-0.25,0.5
sub-01,2,block-03,3,work/glm/sub-01/GLM_run_2_block-03/DCM_sub-01_GLM_run_2_block-03_4ROI.mat,1,1.0,0,0.5,0.5,0.0
sub-02,1,block-01,1,work/glm/sub-02/GLM_run_1_block-01/DCM_sub-02_GLM_run_1_block-01_4ROI.mat,1,-0.5,-1,-0.5,0.25,0.5
sub-02,1,block-02,2,work/glm/sub-02/GLM_run_1_block-02/DCM_sub-02_GLM_run_1_block-02_4ROI.mat,1,-0.5,1,-0.5,0.25,-0.5
sub-02,1,block-03,3,work/glm/sub-02/GLM_run_1_block-03/DCM_sub-02_GLM_run_1_block-03_4ROI.mat,1,1.0,0,-0.5,-0.5,-0.0
sub-02,2,block-01,1,work/glm/sub-02/GLM_run_2_block-01/DCM_sub-02_GLM_run_2_block-01_4ROI.mat,1,-0.5,-1,0.5,-0.25,-0.5
sub-02,2,block-02,2,work/glm/sub-02/GLM_run_2_block-02/DCM_sub-02_GLM_run_2_block-02_4ROI.mat,1,-0.5,1,0.5,-0.25,0.5
sub-02,2,block-03,3,work/glm/sub-02/GLM_run_2_block-03/DCM_sub-02_GLM_run_2_block-03_4ROI.mat,1,1.0,0,0.5,0.5,0.0
sub-03,1,block-01,1,work/glm/sub-03/GLM_run_1_block-01/DCM_sub-03_GLM_run_1_block-01_4ROI.mat,1,-0.5,-1,-0.5,0.25,0.5
sub-03,1,block-02,2,work/glm/sub-03/GLM_run_1_block-02/DCM_sub-03_GLM_run_1_block-02_4ROI.mat,1,-0.5,1,-0.5,0.25,-0.5
sub-03,1,block-03,3,work/glm/sub-03/GLM_run_1_block-03/DCM_sub-03_GLM_run_1_block-03_4ROI.mat,1,1.0,0,-0.5,-0.5,-0.0
sub-03,2,block-01,1,work/glm/sub-03/GLM_run_2_block-01/DCM_sub-03_GLM_run_2_block-01_4ROI.mat,1,-0.5,-1,0.5,-0.25,-0.5
sub-03,2,block-02,2,work/glm/sub-03/GLM_run_2_block-02/DCM_sub-03_GLM_run_2_block-02_4ROI.mat,1,-0.5,1,0.5,-0.25,0.5
sub-03,2,block-03,3,work/glm/sub-03/GLM_run_2_block-03/DCM_sub-03_GLM_run_2_block-03_4ROI.mat,1,1.0,0,0.5,0.5,0.0
sub-04,1,block-01,1,work/glm/sub-04/GLM_run_1_block-01/DCM_sub-04_GLM_run_1_block-01_4ROI.mat,1,-0.5,-1,-0.5,0.25,0.5
sub-04,1,block-02,2,work/glm/sub-04/GLM_run_1_block-02/DCM_sub-04_GLM_run_1_block-02_4ROI.mat,1,-0.5,1,-0.5,0.25,-0.5
sub-04,1,block-03,3,work/glm/sub-04/GLM_run_1_block-03/DCM_sub-04_GLM_run_1_block-03_4ROI.mat,1,1.0,0,-0.5,-0.5,-0.0
sub-04,2,block-01,1,work/glm/sub-04/GLM_run_2_block-01/DCM_sub-04_GLM_run_2_block-01_4ROI.mat,1,-0.5,-1,0.5,-0.25,-0.5
sub-04,2,block-02,2,work/glm/sub-04/GLM_run_2_block-02/DCM_sub-04_GLM_run_2_block-02_4ROI.mat,1,-0.5,1,0.5,-0.25,0.5
sub-04,2,block-03,3,work/glm/sub-04/GLM_run_2_block-03/DCM_sub-04_GLM_run_2_block-03_4ROI.mat,1,1.0,0,0.5,0.5,0.0
sub-05,1,block-01,1,work/glm/sub-05/GLM_run_1_block-01/DCM_sub-05_GLM_run_1_block-01_4ROI.mat,1,-0.5,-1,-0.5,0.25,0.5
sub-05,1,block-02,2,work/glm/sub-05/GLM_run_1_block-02/DCM_sub-05_GLM_run_1_block-02_4ROI.mat,1,-0.5,1,-0.5,0.25,-0.5
sub-05,1,block-03,3,work/glm/sub-05/GLM_run_1_block-03/DCM_sub-05_GLM_run_1_block-03_4ROI.mat,1,1.0,0,-0.5,-0.5,-0.0
sub-05,2,block-01,1,work/glm/sub-05/GLM_run_2_block-01/DCM_sub-05_GLM_run_2_block-01_4ROI.mat,1,-0.5,-1,0.5,-0.25,-0.5
sub-05,2,block-02,2,work/glm/sub-05/GLM_run_2_block-02/DCM_sub-05_GLM_run_2_block-02_4ROI.mat,1,-0.5,1,0.5,-0.25,0.5
sub-05,2,block-03,3,work/glm/sub-05/GLM_run_2_block-03/DCM_sub-05_GLM_run_2_block-03_4ROI.mat,1,1.0,0,0.5,0.5,0.0
sub-06,1,block-01,1,work/glm/sub-06/GLM_run_1_block-01/DCM_sub-06_GLM_run_1_block-01_4ROI.mat,1,-0.5,-1,-0.5,0.25,0.5
sub-06,1,block-02,2,work/glm/sub-06/GLM_run_1_block-02/DCM_sub-06_GLM_run_1_block-02_4ROI.mat,1,-0.5,1,-0.5,0.25,-0.5
sub-06,1,block-03,3,work/glm/sub-06/GLM_run_1_block-03/DCM_sub-06_GLM_run_1_block-03_4ROI.mat,1,1.0,0,-0.5,-0.5,-0.0
sub-06,2,block-01,1,work/glm/sub-06/GLM_run_2_block-01/DCM_sub-06_GLM_run_2_block-01_4ROI.mat,1,-0.5,-1,0.5,-0.25,-0.5
sub-06,2,block-02,2,work/glm/sub-06/GLM_run_2_block-02/DCM_sub-06_GLM_run_2_block-02_4ROI.mat,1,-0.5,1,0.5,-0.25,0.5
sub-06,2,block-03,3,work/glm/sub-06/GLM_run_2_block-03/DCM_sub-06_GLM_run_2_block-03_4ROI.mat,1,1.0,0,0.5,0.5,0.0
sub-07,1,block-01,1,work/glm/sub-07/GLM_run_1_block-01/DCM_sub-07_GLM_run_1_block-01_4ROI.mat,1,-0.5,-1,-0.5,0.25,0.5
sub-07,1,block-02,2,work/glm/sub-07/GLM_run_1_block-02/DCM_sub-07_GLM_run_1_block-02_4ROI.mat,1,-0.5,1,-0.5,0.25,-0.5
sub-07,1,block-03,3,work/glm/sub-07/GLM_run_1_block-03/DCM_sub-07_GLM_run_1_block-03_4ROI.mat,1,1.0,0,-0.5,-0.5,-0.0
sub-07,2,block-01,1,work/glm/sub-07/GLM_run_2_block-01/DCM_sub-07_GLM_run_2_block-01_4ROI.mat,1,-0.5,-1,0.5,-0.25,-0.5
sub-07,2,block-02,2,work/glm/sub-07/GLM_run_2_block-02/DCM_sub-07_GLM_run_2_block-02_4ROI.mat,1,-0.5,1,0.5,-0.25,0.5
sub-07,2,block-03,3,work/glm/sub-07/GLM_run_2_block-03/DCM_sub-07_GLM_run_2_block-03_4ROI.mat,1,1.0,0,0.5,0.5,0.0
sub-08,1,block-01,1,work/glm/sub-08/GLM_run_1_block-01/DCM_sub-08_GLM_run_1_block-01_4ROI.mat,1,-0.5,-1,-0.5,0.25,0.5
sub-08,1,block-02,2,work/glm/sub-08/GLM_run_1_block-02/DCM_sub-08_GLM_run_1_block-02_4ROI.mat,1,-0.5,1,-0.5,0.25,-0.5
sub-08,1,block-03,3,work/glm/sub-08/GLM_run_1_block-03/DCM_sub-08_GLM_run_1_block-03_4ROI.mat,1,1.0,0,-0.5,-0.5,-0.0
sub-08,2,block-01,1,work/glm/sub-08/GLM_run_2_block-01/DCM_sub-08_GLM_run_2_block-01_4ROI.mat,1,-0.5,-1,0.5,-0.25,-0.5
sub-08,2,block-02,2,work/glm/sub-08/GLM_run_2_block-02/DCM_sub-08_GLM_run_2_block-02_4ROI.mat,1,-0.5,1,0.5,-0.25,0.5
sub-08,2,block-03,3,work/glm/sub-08/GLM_run_2_block-03/DCM_sub-08_GLM_run_2_block-03_4ROI.mat,1,1.0,0,0.5,0.5,0.0
sub-09,1,block-01,1,work/glm/sub-09/GLM_run_1_block-01/DCM_sub-09_GLM_run_1_block-01_4ROI.mat,1,-0.5,-1,-0.5,0.25,0.5
sub-09,1,block-02,2,work/glm/sub-09/GLM_run_1_block-02/DCM_sub-09_GLM_run_1_block-02_4ROI.mat,1,-0.5,1,-0.5,0.25,-0.5
sub-09,1,block-03,3,work/glm/sub-09/GLM_run_1_block-03/DCM_sub-09_GLM_run_1_block-03_4ROI.mat,1,1.0,0,-0.5,-0.5,-0.0
sub-09,2,block-01,1,work/glm/sub-09/GLM_run_2_block-01/DCM_sub-09_GLM_run_2_block-01_4ROI.mat,1,-0.5,-1,0.5,-0.25,-0.5
sub-09,2,block-02,2,work/glm/sub-09/GLM_run_2_block-02/DCM_sub-09_GLM_run_2_block-02_4ROI.mat,1,-0.5,1,0.5,-0.25,0.5
sub-09,2,block-03,3,work/glm/sub-09/GLM_run_2_block-03/DCM_sub-09_GLM_run_2_block-03_4ROI.mat,1,1.0,0,0.5,0.5,0.0
sub-10,1,block-01,1,work/glm/sub-10/GLM_run_1_block-01/DCM_sub-10_GLM_run_1_block-01_4ROI.mat,1,-0.5,-1,-0.5,0.25,0.5
sub-10,1,block-02,2,work/glm/sub-10/GLM_run_1_block-02/DCM_sub-10_GLM_run_1_block-02_4ROI.mat,1,-0.5,1,-0.5,0.25,-0.5
sub-10,1,block-03,3,work/glm/sub-10/GLM_run_1_block-03/DCM_sub-10_GLM_run_1_block-03_4ROI.mat,1,1.0,0,-0.5,-0.5,-0.0
sub-10,2,block-01,1,work/glm/sub-10/GLM_run_2_block-01/DCM_sub-10_GLM_run_2_block-01_4ROI.mat,1,-0.5,-1,0.5,-0.25,-0.5
sub-10,2,block-02,2,work/glm/sub-10/GLM_run_2_block-02/DCM_sub-10_GLM_run_2_block-02_4ROI.mat,1,-0.5,1,0.5,-0.25,0.5
sub-10,2,block-03,3,work/glm/sub-10/GLM_run_2_block-03/DCM_sub-10_GLM_run_2_block-03_4ROI.mat,1,1.0,0,0.5,0.5,0.0
sub-11,1,block-01,1,work/glm/sub-11/GLM_run_1_block-01/DCM_sub-11_GLM_run_1_block-01_4ROI.mat,1,-0.5,-1,-0.5,0.25,0.5
sub-11,1,block-02,2,work/glm/sub-11/GLM_run_1_block-02/DCM_sub-11_GLM_run_1_block-02_4ROI.mat,1,-0.5,1,-0.5,0.25,-0.5
sub-11,1,block-03,3,work/glm/sub-11/GLM_run_1_block-03/DCM_sub-11_GLM_run_1_block-03_4ROI.mat,1,1.0,0,-0.5,-0.5,-0.0
sub-11,2,block-01,1,work/glm/sub-11/GLM_run_2_block-01/DCM_sub-11_GLM_run_2_block-01_4ROI.mat,1,-0.5,-1,0.5,-0.25,-0.5
sub-11,2,block-02,2,work/glm/sub-11/GLM_run_2_block-02/DCM_sub-11_GLM_run_2_block-02_4ROI.mat,1,-0.5,1,0.5,-0.25,0.5
sub-11,2,block-03,3,work/glm/sub-11/GLM_run_2_block-03/DCM_sub-11_GLM_run_2_block-03_4ROI.mat,1,1.0,0,0.5,0.5,0.0
sub-12,1,block-01,1,work/glm/sub-12/GLM_run_1_block-01/DCM_sub-12_GLM_run_1_block-01_4ROI.mat,1,-0.5,-1,-0.5,0.25,0.5
sub-12,1,block-02,2,work/glm/sub-12/GLM_run_1_block-02/DCM_sub-12_GLM_run_1_block-02_4ROI.mat,1,-0.5,1,-0.5,0.25,-0.5
sub-12,1,block-03,3,work/glm/sub-12/GLM_run_1_block-03/DCM_sub-12_GLM_run_1_block-03_4ROI.mat,1,1.0,0,-0.5,-0.5,-0.0
sub-12,2,block-01,1,work/glm/sub-12/GLM_run_2_block-01/DCM_sub-12_GLM_run_2_block-01_4ROI.mat,1,-0.5,-1,0.5,-0.25,-0.5
sub-12,2,block-02,2,work/glm/sub-12/GLM_run_2_block-02/DCM_sub-12_GLM_run_2_block-02_4ROI.mat,1,-0.5,1,0.5,-0.25,0.5
sub-12,2,block-03,3,work/glm/sub-12/GLM_run_2_block-03/DCM_sub-12_GLM_run_2_block-03_4ROI.mat,1,1.0,0,0.5,0.5,0.0
sub-14,1,block-01,1,work/glm/sub-14/GLM_run_1_block-01/DCM_sub-14_GLM_run_1_block-01_4ROI.mat,1,-0.5,-1,-0.5,0.25,0.5
sub-14,1,block-02,2,work/glm/sub-14/GLM_run_1_block-02/DCM_sub-14_GLM_run_1_block-02_4ROI.mat,1,-0.5,1,-0.5,0.25,-0.5
sub-14,1,block-03,3,work/glm/sub-14/GLM_run_1_block-03/DCM_sub-14_GLM_run_1_block-03_4ROI.mat,1,1.0,0,-0.5,-0.5,-0.0
sub-14,2,block-01,1,work/glm/sub-14/GLM_run_2_block-01/DCM_sub-14_GLM_run_2_block-01_4ROI.mat,1,-0.5,-1,0.5,-0.25,-0.5
sub-14,2,block-02,2,work/glm/sub-14/GLM_run_2_block-02/DCM_sub-14_GLM_run_2_block-02_4ROI.mat,1,-0.5,1,0.5,-0.25,0.5
sub-14,2,block-03,3,work/glm/sub-14/GLM_run_2_block-03/DCM_sub-14_GLM_run_2_block-03_4ROI.mat,1,1.0,0,0.5,0.5,0.0
sub-15,1,block-01,1,work/glm/sub-15/GLM_run_1_block-01/DCM_sub-15_GLM_run_1_block-01_4ROI.mat,1,-0.5,-1,-0.5,0.25,0.5
sub-15,1,block-02,2,work/glm/sub-15/GLM_run_1_block-02/DCM_sub-15_GLM_run_1_block-02_4ROI.mat,1,-0.5,1,-0.5,0.25,-0.5
sub-15,1,block-03,3,work/glm/sub-15/GLM_run_1_block-03/DCM_sub-15_GLM_run_1_block-03_4ROI.mat,1,1.0,0,-0.5,-0.5,-0.0
sub-15,2,block-01,1,work/glm/sub-15/GLM_run_2_block-01/DCM_sub-15_GLM_run_2_block-01_4ROI.mat,1,-0.5,-1,0.5,-0.25,-0.5
sub-15,2,block-02,2,work/glm/sub-15/GLM_run_2_block-02/DCM_sub-15_GLM_run_2_block-02_4ROI.mat,1,-0.5,1,0.5,-0.25,0.5
sub-15,2,block-03,3,work/glm/sub-15/GLM_run_2_block-03/DCM_sub-15_GLM_run_2_block-03_4ROI.mat,1,1.0,0,0.5,0.5,0.0
sub-16,1,block-01,1,work/glm/sub-16/GLM_run_1_block-01/DCM_sub-16_GLM_run_1_block-01_4ROI.mat,1,-0.5,-1,-0.5,0.25,0.5
sub-16,1,block-02,2,work/glm/sub-16/GLM_run_1_block-02/DCM_sub-16_GLM_run_1_block-02_4ROI.mat,1,-0.5,1,-0.5,0.25,-0.5
sub-16,1,block-03,3,work/glm/sub-16/GLM_run_1_block-03/DCM_sub-16_GLM_run_1_block-03_4ROI.mat,1,1.0,0,-0.5,-0.5,-0.0
sub-16,2,block-01,1,work/glm/sub-16/GLM_run_2_block-01/DCM_sub-16_GLM_run_2_block-01_4ROI.mat,1,-0.5,-1,0.5,-0.25,-0.5
sub-16,2,block-02,2,work/glm/sub-16/GLM_run_2_block-02/DCM_sub-16_GLM_run_2_block-02_4ROI.mat,1,-0.5,1,0.5,-0.25,0.5
sub-16,2,block-03,3,work/glm/sub-16/GLM_run_2_block-03/DCM_sub-16_GLM_run_2_block-03_4ROI.mat,1,1.0,0,0.5,0.5,0.0
sub-17,1,block-01,1,work/glm/sub-17/GLM_run_1_block-01/DCM_sub-17_GLM_run_1_block-01_4ROI.mat,1,-0.5,-1,-0.5,0.25,0.5
sub-17,1,block-02,2,work/glm/sub-17/GLM_run_1_block-02/DCM_sub-17_GLM_run_1_block-02_4ROI.mat,1,-0.5,1,-0.5,0.25,-0.5
sub-17,1,block-03,3,work/glm/sub-17/GLM_run_1_block-03/DCM_sub-17_GLM_run_1_block-03_4ROI.mat,1,1.0,0,-0.5,-0.5,-0.0
sub-17,2,block-01,1,work/glm/sub-17/GLM_run_2_block-01/DCM_sub-17_GLM_run_2_block-01_4ROI.mat,1,-0.5,-1,0.5,-0.25,-0.5
sub-17,2,block-02,2,work/glm/sub-17/GLM_run_2_block-02/DCM_sub-17_GLM_run_2_block-02_4ROI.mat,1,-0.5,1,0.5,-0.25,0.5
sub-17,2,block-03,3,work/glm/sub-17/GLM_run_2_block-03/DCM_sub-17_GLM_run_2_block-03_4ROI.mat,1,1.0,0,0.5,0.5,0.0
sub-19,1,block-01,1,work/glm/sub-19/GLM_run_1_block-01/DCM_sub-19_GLM_run_1_block-01_4ROI.mat,1,-0.5,-1,-0.5,0.25,0.5
sub-19,1,block-02,2,work/glm/sub-19/GLM_run_1_block-02/DCM_sub-19_GLM_run_1_block-02_4ROI.mat,1,-0.5,1,-0.5,0.25,-0.5
sub-19,1,block-03,3,work/glm/sub-19/GLM_run_1_block-03/DCM_sub-19_GLM_run_1_block-03_4ROI.mat,1,1.0,0,-0.5,-0.5,-0.0
sub-19,2,block-01,1,work/glm/sub-19/GLM_run_2_block-01/DCM_sub-19_GLM_run_2_block-01_4ROI.mat,1,-0.5,-1,0.5,-0.25,-0.5
sub-19,2,block-02,2,work/glm/sub-19/GLM_run_2_block-02/DCM_sub-19_GLM_run_2_block-02_4ROI.mat,1,-0.5,1,0.5,-0.25,0.5
sub-19,2,block-03,3,work/glm/sub-19/GLM_run_2_block-03/DCM_sub-19_GLM_run_2_block-03_4ROI.mat,1,1.0,0,0.5,0.5,0.0
sub-20,1,block-01,1,work/glm/sub-20/GLM_run_1_block-01/DCM_sub-20_GLM_run_1_block-01_4ROI.mat,1,-0.5,-1,-0.5,0.25,0.5
sub-20,1,block-02,2,work/glm/sub-20/GLM_run_1_block-02/DCM_sub-20_GLM_run_1_block-02_4ROI.mat,1,-0.5,1,-0.5,0.25,-0.5
sub-20,1,block-03,3,work/glm/sub-20/GLM_run_1_block-03/DCM_sub-20_GLM_run_1_block-03_4ROI.mat,1,1.0,0,-0.5,-0.5,-0.0
sub-20,2,block-01,1,work/glm/sub-20/GLM_run_2_block-01/DCM_sub-20_GLM_run_2_block-01_4ROI.mat,1,-0.5,-1,0.5,-0.25,-0.5
sub-20,2,block-02,2,work/glm/sub-20/GLM_run_2_block-02/DCM_sub-20_GLM_run_2_block-02_4ROI.mat,1,-0.5,1,0.5,-0.25,0.5
sub-20,2,block-03,3,work/glm/sub-20/GLM_run_2_block-03/DCM_sub-20_GLM_run_2_block-03_4ROI.mat,1,1.0,0,0.5,0.5,0.0
sub-21,1,block-01,1,work/glm/sub-21/GLM_run_1_block-01/DCM_sub-21_GLM_run_1_block-01_4ROI.mat,1,-0.5,-1,-0.5,0.25,0.5
sub-21,1,block-02,2,work/glm/sub-21/GLM_run_1_block-02/DCM_sub-21_GLM_run_1_block-02_4ROI.mat,1,-0.5,1,-0.5,0.25,-0.5
sub-21,1,block-03,3,work/glm/sub-21/GLM_run_1_block-03/DCM_sub-21_GLM_run_1_block-03_4ROI.mat,1,1.0,0,-0.5,-0.5,-0.0
sub-21,2,block-01,1,work/glm/sub-21/GLM_run_2_block-01/DCM_sub-21_GLM_run_2_block-01_4ROI.mat,1,-0.5,-1,0.5,-0.25,-0.5
sub-21,2,block-02,2,work/glm/sub-21/GLM_run_2_block-02/DCM_sub-21_GLM_run_2_block-02_4ROI.mat,1,-0.5,1,0.5,-0.25,0.5
sub-21,2,block-03,3,work/glm/sub-21/GLM_run_2_block-03/DCM_sub-21_GLM_run_2_block-03_4ROI.mat,1,1.0,0,0.5,0.5,0.0
sub-22,1,block-01,1,work/glm/sub-22/GLM_run_1_block-01/DCM_sub-22_GLM_run_1_block-01_4ROI.mat,1,-0.5,-1,-0.5,0.25,0.5
sub-22,1,block-02,2,work/glm/sub-22/GLM_run_1_block-02/DCM_sub-22_GLM_run_1_block-02_4ROI.mat,1,-0.5,1,-0.5,0.25,-0.5
sub-22,1,block-03,3,work/glm/sub-22/GLM_run_1_block-03/DCM_sub-22_GLM_run_1_block-03_4ROI.mat,1,1.0,0,-0.5,-0.5,-0.0
sub-22,2,block-01,1,work/glm/sub-22/GLM_run_2_block-01/DCM_sub-22_GLM_run_2_block-01_4ROI.mat,1,-0.5,-1,0.5,-0.25,-0.5
sub-22,2,block-02,2,work/glm/sub-22/GLM_run_2_block-02/DCM_sub-22_GLM_run_2_block-02_4ROI.mat,1,-0.5,1,0.5,-0.25,0.5
sub-22,2,block-03,3,work/glm/sub-22/GLM_run_2_block-03/DCM_sub-22_GLM_run_2_block-03_4ROI.mat,1,1.0,0,0.5,0.5,0.0
sub-23,1,block-01,1,work/glm/sub-23/GLM_run_1_block-01/DCM_sub-23_GLM_run_1_block-01_4ROI.mat,1,-0.5,-1,-0.5,0.25,0.5
sub-23,1,block-02,2,work/glm/sub-23/GLM_run_1_block-02/DCM_sub-23_GLM_run_1_block-02_4ROI.mat,1,-0.5,1,-0.5,0.25,-0.5
sub-23,1,block-03,3,work/glm/sub-23/GLM_run_1_block-03/DCM_sub-23_GLM_run_1_block-03_4ROI.mat,1,1.0,0,-0.5,-0.5,-0.0
sub-23,2,block-01,1,work/glm/sub-23/GLM_run_2_block-01/DCM_sub-23_GLM_run_2_block-01_4ROI.mat,1,-0.5,-1,0.5,-0.25,-0.5
sub-23,2,block-02,2,work/glm/sub-23/GLM_run_2_block-02/DCM_sub-23_GLM_run_2_block-02_4ROI.mat,1,-0.5,1,0.5,-0.25,0.5
sub-23,2,block-03,3,work/glm/sub-23/GLM_run_2_block-03/DCM_sub-23_GLM_run_2_block-03_4ROI.mat,1,1.0,0,0.5,0.5,0.0
sub-24,1,block-01,1,work/glm/sub-24/GLM_run_1_block-01/DCM_sub-24_GLM_run_1_block-01_4ROI.mat,1,-0.5,-1,-0.5,0.25,0.5
sub-24,1,block-02,2,work/glm/sub-24/GLM_run_1_block-02/DCM_sub-24_GLM_run_1_block-02_4ROI.mat,1,-0.5,1,-0.5,0.25,-0.5
sub-24,1,block-03,3,work/glm/sub-24/GLM_run_1_block-03/DCM_sub-24_GLM_run_1_block-03_4ROI.mat,1,1.0,0,-0.5,-0.5,-0.0
sub-24,2,block-01,1,work/glm/sub-24/GLM_run_2_block-01/DCM_sub-24_GLM_run_2_block-01_4ROI.mat,1,-0.5,-1,0.5,-0.25,-0.5
sub-24,2,block-02,2,work/glm/sub-24/GLM_run_2_block-02/DCM_sub-24_GLM_run_2_block-02_4ROI.mat,1,-0.5,1,0.5,-0.25,0.5
sub-24,2,block-03,3,work/glm/sub-24/GLM_run_2_block-03/DCM_sub-24_GLM_run_2_block-03_4ROI.mat,1,1.0,0,0.5,0.5,0.0
sub-25,1,block-01,1,work/glm/sub-25/GLM_run_1_block-01/DCM_sub-25_GLM_run_1_block-01_4ROI.mat,1,-0.5,-1,-0.5,0.25,0.5
sub-25,1,block-02,2,work/glm/sub-25/GLM_run_1_block-02/DCM_sub-25_GLM_run_1_block-02_4ROI.mat,1,-0.5,1,-0.5,0.25,-0.5
sub-25,1,block-03,3,work/glm/sub-25/GLM_run_1_block-03/DCM_sub-25_GLM_run_1_block-03_4ROI.mat,1,1.0,0,-0.5,-0.5,-0.0
sub-25,2,block-01,1,work/glm/sub-25/GLM_run_2_block-01/DCM_sub-25_GLM_run_2_block-01_4ROI.mat,1,-0.5,-1,0.5,-0.25,-0.5
sub-25,2,block-02,2,work/glm/sub-25/GLM_run_2_block-02/DCM_sub-25_GLM_run_2_block-02_4ROI.mat,1,-0.5,1,0.5,-0.25,0.5
sub-25,2,block-03,3,work/glm/sub-25/GLM_run_2_block-03/DCM_sub-25_GLM_run_2_block-03_4ROI.mat,1,1.0,0,0.5,0.5,0.0
sub-26,1,block-01,1,work/glm/sub-26/GLM_run_1_block-01/DCM_sub-26_GLM_run_1_block-01_4ROI.mat,1,-0.5,-1,-0.5,0.25,0.5
sub-26,1,block-02,2,work/glm/sub-26/GLM_run_1_block-02/DCM_sub-26_GLM_run_1_block-02_4ROI.mat,1,-0.5,1,-0.5,0.25,-0.5
sub-26,1,block-03,3,work/glm/sub-26/GLM_run_1_block-03/DCM_sub-26_GLM_run_1_block-03_4ROI.mat,1,1.0,0,-0.5,-0.5,-0.0
sub-26,2,block-01,1,work/glm/sub-26/GLM_run_2_block-01/DCM_sub-26_GLM_run_2_block-01_4ROI.mat,1,-0.5,-1,0.5,-0.25,-0.5
sub-26,2,block-02,2,work/glm/sub-26/GLM_run_2_block-02/DCM_sub-26_GLM_run_2_block-02_4ROI.mat,1,-0.5,1,0.5,-0.25,0.5
sub-26,2,block-03,3,work/glm/sub-26/GLM_run_2_block-03/DCM_sub-26_GLM_run_2_block-03_4ROI.mat,1,1.0,0,0.5,0.5,0.0
sub-27,1,block-01,1,work/glm/sub-27/GLM_run_1_block-01/DCM_sub-27_GLM_run_1_block-01_4ROI.mat,1,-0.5,-1,-0.5,0.25,0.5
sub-27,1,block-02,2,work/glm/sub-27/GLM_run_1_block-02/DCM_sub-27_GLM_run_1_block-02_4ROI.mat,1,-0.5,1,-0.5,0.25,-0.5
sub-27,1,block-03,3,work/glm/sub-27/GLM_run_1_block-03/DCM_sub-27_GLM_run_1_block-03_4ROI.mat,1,1.0,0,-0.5,-0.5,-0.0
sub-27,2,block-01,1,work/glm/sub-27/GLM_run_2_block-01/DCM_sub-27_GLM_run_2_block-01_4ROI.mat,1,-0.5,-1,0.5,-0.25,-0.5
sub-27,2,block-02,2,work/glm/sub-27/GLM_run_2_block-02/DCM_sub-27_GLM_run_2_block-02_4ROI.mat,1,-0.5,1,0.5,-0.25,0.5
sub-27,2,block-03,3,work/glm/sub-27/GLM_run_2_block-03/DCM_sub-27_GLM_run_2_block-03_4ROI.mat,1,1.0,0,0.5,0.5,0.0
sub-28,1,block-01,1,work/glm/sub-28/GLM_run_1_block-01/DCM_sub-28_GLM_run_1_block-01_4ROI.mat,1,-0.5,-1,-0.5,0.25,0.5
sub-28,1,block-02,2,work/glm/sub-28/GLM_run_1_block-02/DCM_sub-28_GLM_run_1_block-02_4ROI.mat,1,-0.5,1,-0.5,0.25,-0.5
sub-28,1,block-03,3,work/glm/sub-28/GLM_run_1_block-03/DCM_sub-28_GLM_run_1_block-03_4ROI.mat,1,1.0,0,-0.5,-0.5,-0.0
sub-28,2,block-01,1,work/glm/sub-28/GLM_run_2_block-01/DCM_sub-28_GLM_run_2_block-01_4ROI.mat,1,-0.5,-1,0.5,-0.25,-0.5
sub-28,2,block-02,2,work/glm/sub-28/GLM_run_2_block-02/DCM_sub-28_GLM_run_2_block-02_4ROI.mat,1,-0.5,1,0.5,-0.25,0.5
sub-28,2,block-03,3,work/glm/sub-28/GLM_run_2_block-03/DCM_sub-28_GLM_run_2_block-03_4ROI.mat,1,1.0,0,0.5,0.5,0.0
sub-29,1,block-01,1,work/glm/sub-29/GLM_run_1_block-01/DCM_sub-29_GLM_run_1_block-01_4ROI.mat,1,-0.5,-1,-0.5,0.25,0.5
sub-29,1,block-02,2,work/glm/sub-29/GLM_run_1_block-02/DCM_sub-29_GLM_run_1_block-02_4ROI.mat,1,-0.5,1,-0.5,0.25,-0.5
sub-29,1,block-03,3,work/glm/sub-29/GLM_run_1_block-03/DCM_sub-29_GLM_run_1_block-03_4ROI.mat,1,1.0,0,-0.5,-0.5,-0.0
sub-29,2,block-01,1,work/glm/sub-29/GLM_run_2_block-01/DCM_sub-29_GLM_run_2_block-01_4ROI.mat,1,-0.5,-1,0.5,-0.25,-0.5
sub-29,2,block-02,2,work/glm/sub-29/GLM_run_2_block-02/DCM_sub-29_GLM_run_2_block-02_4ROI.mat,1,-0.5,1,0.5,-0.25,0.5
sub-29,2,block-03,3,work/glm/sub-29/GLM_run_2_block-03/DCM_sub-29_GLM_run_2_block-03_4ROI.mat,1,1.0,0,0.5,0.5,0.0
sub-30,1,block-01,1,work/glm/sub-30/GLM_run_1_block-01/DCM_sub-30_GLM_run_1_block-01_4ROI.mat,1,-0.5,-1,-0.5,0.25,0.5
sub-30,1,block-02,2,work/glm/sub-30/GLM_run_1_block-02/DCM_sub-30_GLM_run_1_block-02_4ROI.mat,1,-0.5,1,-0.5,0.25,-0.5
sub-30,1,block-03,3,work/glm/sub-30/GLM_run_1_block-03/DCM_sub-30_GLM_run_1_block-03_4ROI.mat,1,1.0,0,-0.5,-0.5,-0.0
sub-30,2,block-01,1,work/glm/sub-30/GLM_run_2_block-01/DCM_sub-30_GLM_run_2_block-01_4ROI.mat,1,-0.5,-1,0.5,-0.25,-0.5
sub-30,2,block-02,2,work/glm/sub-30/GLM_run_2_block-02/DCM_sub-30_GLM_run_2_block-02_4ROI.mat,1,-0.5,1,0.5,-0.25,0.5
sub-30,2,block-03,3,work/glm/sub-30/GLM_run_2_block-03/DCM_sub-30_GLM_run_2_block-03_4ROI.mat,1,1.0,0,0.5,0.5,0.0
sub-31,1,block-01,1,work/glm/sub-31/GLM_run_1_block-01/DCM_sub-31_GLM_run_1_block-01_4ROI.mat,1,-0.5,-1,-0.5,0.25,0.5
sub-31,1,block-02,2,work/glm/sub-31/GLM_run_1_block-02/DCM_sub-31_GLM_run_1_block-02_4ROI.mat,1,-0.5,1,-0.5,0.25,-0.5
sub-31,1,block-03,3,work/glm/sub-31/GLM_run_1_block-03/DCM_sub-31_GLM_run_1_block-03_4ROI.mat,1,1.0,0,-0.5,-0.5,-0.0
sub-31,2,block-01,1,work/glm/sub-31/GLM_run_2_block-01/DCM_sub-31_GLM_run_2_block-01_4ROI.mat,1,-0.5,-1,0.5,-0.25,-0.5
sub-31,2,block-02,2,work/glm/sub-31/GLM_run_2_block-02/DCM_sub-31_GLM_run_2_block-02_4ROI.mat,1,-0.5,1,0.5,-0.25,0.5
sub-31,2,block-03,3,work/glm/sub-31/GLM_run_2_block-03/DCM_sub-31_GLM_run_2_block-03_4ROI.mat,1,1.0,0,0.5,0.5,0.0
sub-32,1,block-01,1,work/glm/sub-32/GLM_run_1_block-01/DCM_sub-32_GLM_run_1_block-01_4ROI.mat,1,-0.5,-1,-0.5,0.25,0.5
sub-32,1,block-02,2,work/glm/sub-32/GLM_run_1_block-02/DCM_sub-32_GLM_run_1_block-02_4ROI.mat,1,-0.5,1,-0.5,0.25,-0.5
sub-32,1,block-03,3,work/glm/sub-32/GLM_run_1_block-03/DCM_sub-32_GLM_run_1_block-03_4ROI.mat,1,1.0,0,-0.5,-0.5,-0.0
sub-32,2,block-01,1,work/glm/sub-32/GLM_run_2_block-01/DCM_sub-32_GLM_run_2_block-01_4ROI.mat,1,-0.5,-1,0.5,-0.25,-0.5
sub-32,2,block-02,2,work/glm/sub-32/GLM_run_2_block-02/DCM_sub-32_GLM_run_2_block-02_4ROI.mat,1,-0.5,1,0.5,-0.25,0.5
sub-32,2,block-03,3,work/glm/sub-32/GLM_run_2_block-03/DCM_sub-32_GLM_run_2_block-03_4ROI.mat,1,1.0,0,0.5,0.5,0.0
sub-33,1,block-01,1,work/glm/sub-33/GLM_run_1_block-01/DCM_sub-33_GLM_run_1_block-01_4ROI.mat,1,-0.5,-1,-0.5,0.25,0.5
sub-33,1,block-02,2,work/glm/sub-33/GLM_run_1_block-02/DCM_sub-33_GLM_run_1_block-02_4ROI.mat,1,-0.5,1,-0.5,0.25,-0.5
sub-33,1,block-03,3,work/glm/sub-33/GLM_run_1_block-03/DCM_sub-33_GLM_run_1_block-03_4ROI.mat,1,1.0,0,-0.5,-0.5,-0.0
sub-33,2,block-01,1,work/glm/sub-33/GLM_run_2_block-01/DCM_sub-33_GLM_run_2_block-01_4ROI.mat,1,-0.5,-1,0.5,-0.25,-0.5
sub-33,2,block-02,2,work/glm/sub-33/GLM_run_2_block-02/DCM_sub-33_GLM_run_2_block-02_4ROI.mat,1,-0.5,1,0.5,-0.25,0.5
sub-33,2,block-03,3,work/glm/sub-33/GLM_run_2_block-03/DCM_sub-33_GLM_run_2_block-03_4ROI.mat,1,1.0,0,0.5,0.5,0.0
sub-34,1,block-01,1,work/glm/sub-34/GLM_run_1_block-01/DCM_sub-34_GLM_run_1_block-01_4ROI.mat,1,-0.5,-1,-0.5,0.25,0.5
sub-34,1,block-02,2,work/glm/sub-34/GLM_run_1_block-02/DCM_sub-34_GLM_run_1_block-02_4ROI.mat,1,-0.5,1,-0.5,0.25,-0.5
sub-34,1,block-03,3,work/glm/sub-34/GLM_run_1_block-03/DCM_sub-34_GLM_run_1_block-03_4ROI.mat,1,1.0,0,-0.5,-0.5,-0.0
sub-34,2,block-01,1,work/glm/sub-34/GLM_run_2_block-01/DCM_sub-34_GLM_run_2_block-01_4ROI.mat,1,-0.5,-1,0.5,-0.25,-0.5
sub-34,2,block-02,2,work/glm/sub-34/GLM_run_2_block-02/DCM_sub-34_GLM_run_2_block-02_4ROI.mat,1,-0.5,1,0.5,-0.25,0.5
sub-34,2,block-03,3,work/glm/sub-34/GLM_run_2_block-03/DCM_sub-34_GLM_run_2_block-03_4ROI.mat,1,1.0,0,0.5,0.5,0.0
sub-35,1,block-01,1,work/glm/sub-35/GLM_run_1_block-01/DCM_sub-35_GLM_run_1_block-01_4ROI.mat,1,-0.5,-1,-0.5,0.25,0.5
sub-35,1,block-02,2,work/glm/sub-35/GLM_run_1_block-02/DCM_sub-35_GLM_run_1_block-02_4ROI.mat,1,-0.5,1,-0.5,0.25,-0.5
sub-35,1,block-03,3,work/glm/sub-35/GLM_run_1_block-03/DCM_sub-35_GLM_run_1_block-03_4ROI.mat,1,1.0,0,-0.5,-0.5,-0.0
sub-35,2,block-01,1,work/glm/sub-35/GLM_run_2_block-01/DCM_sub-35_GLM_run_2_block-01_4ROI.mat,1,-0.5,-1,0.5,-0.25,-0.5
sub-35,2,block-02,2,work/glm/sub-35/GLM_run_2_block-02/DCM_sub-35_GLM_run_2_block-02_4ROI.mat,1,-0.5,1,0.5,-0.25,0.5
sub-35,2,block-03,3,work/glm/sub-35/GLM_run_2_block-03/DCM_sub-35_GLM_run_2_block-03_4ROI.mat,1,1.0,0,0.5,0.5,0.0
sub-36,1,block-01,1,work/glm/sub-36/GLM_run_1_block-01/DCM_sub-36_GLM_run_1_block-01_4ROI.mat,1,-0.5,-1,-0.5,0.25,0.5
sub-36,1,block-02,2,work/glm/sub-36/GLM_run_1_block-02/DCM_sub-36_GLM_run_1_block-02_4ROI.mat,1,-0.5,1,-0.5,0.25,-0.5
sub-36,1,block-03,3,work/glm/sub-36/GLM_run_1_block-03/DCM_sub-36_GLM_run_1_block-03_4ROI.mat,1,1.0,0,-0.5,-0.5,-0.0
sub-36,2,block-01,1,work/glm/sub-36/GLM_run_2_block-01/DCM_sub-36_GLM_run_2_block-01_4ROI.mat,1,-0.5,-1,0.5,-0.25,-0.5
sub-36,2,block-02,2,work/glm/sub-36/GLM_run_2_block-02/DCM_sub-36_GLM_run_2_block-02_4ROI.mat,1,-0.5,1,0.5,-0.25,0.5
sub-36,2,block-03,3,work/glm/sub-36/GLM_run_2_block-03/DCM_sub-36_GLM_run_2_block-03_4ROI.mat,1,1.0,0,0.5,0.5,0.0
sub-37,1,block-01,1,work/glm/sub-37/GLM_run_1_block-01/DCM_sub-37_GLM_run_1_block-01_4ROI.mat,1,-0.5,-1,-0.5,0.25,0.5
sub-37,1,block-02,2,work/glm/sub-37/GLM_run_1_block-02/DCM_sub-37_GLM_run_1_block-02_4ROI.mat,1,-0.5,1,-0.5,0.25,-0.5
sub-37,1,block-03,3,work/glm/sub-37/GLM_run_1_block-03/DCM_sub-37_GLM_run_1_block-03_4ROI.mat,1,1.0,0,-0.5,-0.5,-0.0
sub-37,2,block-01,1,work/glm/sub-37/GLM_run_2_block-01/DCM_sub-37_GLM_run_2_block-01_4ROI.mat,1,-0.5,-1,0.5,-0.25,-0.5
sub-37,2,block-02,2,work/glm/sub-37/GLM_run_2_block-02/DCM_sub-37_GLM_run_2_block-02_4ROI.mat,1,-0.5,1,0.5,-0.25,0.5
sub-37,2,block-03,3,work/glm/sub-37/GLM_run_2_block-03/DCM_sub-37_GLM_run_2_block-03_4ROI.mat,1,1.0,0,0.5,0.5,0.0
sub-38,1,block-01,1,work/glm/sub-38/GLM_run_1_block-01/DCM_sub-38_GLM_run_1_block-01_4ROI.mat,1,-0.5,-1,-0.5,0.25,0.5
sub-38,1,block-02,2,work/glm/sub-38/GLM_run_1_block-02/DCM_sub-38_GLM_run_1_block-02_4ROI.mat,1,-0.5,1,-0.5,0.25,-0.5
sub-38,1,block-03,3,work/glm/sub-38/GLM_run_1_block-03/DCM_sub-38_GLM_run_1_block-03_4ROI.mat,1,1.0,0,-0.5,-0.5,-0.0
sub-38,2,block-01,1,work/glm/sub-38/GLM_run_2_block-01/DCM_sub-38_GLM_run_2_block-01_4ROI.mat,1,-0.5,-1,0.5,-0.25,-0.5
sub-38,2,block-02,2,work/glm/sub-38/GLM_run_2_block-02/DCM_sub-38_GLM_run_2_block-02_4ROI.mat,1,-0.5,1,0.5,-0.25,0.5
sub-38,2,block-03,3,work/glm/sub-38/GLM_run_2_block-03/DCM_sub-38_GLM_run_2_block-03_4ROI.mat,1,1.0,0,0.5,0.5,0.0
sub-39,1,block-01,1,work/glm/sub-39/GLM_run_1_block-01/DCM_sub-39_GLM_run_1_block-01_4ROI.mat,1,-0.5,-1,-0.5,0.25,0.5
sub-39,1,block-02,2,work/glm/sub-39/GLM_run_1_block-02/DCM_sub-39_GLM_run_1_block-02_4ROI.mat,1,-0.5,1,-0.5,0.25,-0.5
sub-39,1,block-03,3,work/glm/sub-39/GLM_run_1_block-03/DCM_sub-39_GLM_run_1_block-03_4ROI.mat,1,1.0,0,-0.5,-0.5,-0.0
sub-39,2,block-01,1,work/glm/sub-39/GLM_run_2_block-01/DCM_sub-39_GLM_run_2_block-01_4ROI.mat,1,-0.5,-1,0.5,-0.25,-0.5
sub-39,2,block-02,2,work/glm/sub-39/GLM_run_2_block-02/DCM_sub-39_GLM_run_2_block-02_4ROI.mat,1,-0.5,1,0.5,-0.25,0.5
sub-39,2,block-03,3,work/glm/sub-39/GLM_run_2_block-03/DCM_sub-39_GLM_run_2_block-03_4ROI.mat,1,1.0,0,0.5,0.5,0.0
sub-40,1,block-01,1,work/glm/sub-40/GLM_run_1_block-01/DCM_sub-40_GLM_run_1_block-01_4ROI.mat,1,-0.5,-1,-0.5,0.25,0.5
sub-40,1,block-02,2,work/glm/sub-40/GLM_run_1_block-02/DCM_sub-40_GLM_run_1_block-02_4ROI.mat,1,-0.5,1,-0.5,0.25,-0.5
sub-40,1,block-03,3,work/glm/sub-40/GLM_run_1_block-03/DCM_sub-40_GLM_run_1_block-03_4ROI.mat,1,1.0,0,-0.5,-0.5,-0.0
sub-40,2,block-01,1,work/glm/sub-40/GLM_run_2_block-01/DCM_sub-40_GLM_run_2_block-01_4ROI.mat,1,-0.5,-1,0.5,-0.25,-0.5
sub-40,2,block-02,2,work/glm/sub-40/GLM_run_2_block-02/DCM_sub-40_GLM_run_2_block-02_4ROI.mat,1,-0.5,1,0.5,-0.25,0.5
sub-40,2,block-03,3,work/glm/sub-40/GLM_run_2_block-03/DCM_sub-40_GLM_run_2_block-03_4ROI.mat,1,1.0,0,0.5,0.5,0.0
sub-42,1,block-01,1,work/glm/sub-42/GLM_run_1_block-01/DCM_sub-42_GLM_run_1_block-01_4ROI.mat,1,-0.5,-1,-0.5,0.25,0.5
sub-42,1,block-02,2,work/glm/sub-42/GLM_run_1_block-02/DCM_sub-42_GLM_run_1_block-02_4ROI.mat,1,-0.5,1,-0.5,0.25,-0.5
sub-42,1,block-03,3,work/glm/sub-42/GLM_run_1_block-03/DCM_sub-42_GLM_run_1_block-03_4ROI.mat,1,1.0,0,-0.5,-0.5,-0.0
sub-42,2,block-01,1,work/glm/sub-42/GLM_run_2_block-01/DCM_sub-42_GLM_run_2_block-01_4ROI.mat,1,-0.5,-1,0.5,-0.25,-0.5
sub-42,2,block-02,2,work/glm/sub-42/GLM_run_2_block-02/DCM_sub-42_GLM_run_2_block-02_4ROI.mat,1,-0.5,1,0.5,-0.25,0.5
sub-42,2,block-03,3,work/glm/sub-42/GLM_run_2_block-03/DCM_sub-42_GLM_run_2_block-03_4ROI.mat,1,1.0,0,0.5,0.5,0.0
sub-44,1,block-01,1,work/glm/sub-44/GLM_run_1_block-01/DCM_sub-44_GLM_run_1_block-01_4ROI.mat,1,-0.5,-1,-0.5,0.25,0.5
sub-44,1,block-02,2,work/glm/sub-44/GLM_run_1_block-02/DCM_sub-44_GLM_run_1_block-02_4ROI.mat,1,-0.5,1,-0.5,0.25,-0.5
sub-44,1,block-03,3,work/glm/sub-44/GLM_run_1_block-03/DCM_sub-44_GLM_run_1_block-03_4ROI.mat,1,1.0,0,-0.5,-0.5,-0.0
sub-44,2,block-01,1,work/glm/sub-44/GLM_run_2_block-01/DCM_sub-44_GLM_run_2_block-01_4ROI.mat,1,-0.5,-1,0.5,-0.25,-0.5
sub-44,2,block-02,2,work/glm/sub-44/GLM_run_2_block-02/DCM_sub-44_GLM_run_2_block-02_4ROI.mat,1,-0.5,1,0.5,-0.25,0.5
sub-44,2,block-03,3,work/glm/sub-44/GLM_run_2_block-03/DCM_sub-44_GLM_run_2_block-03_4ROI.mat,1,1.0,0,0.5,0.5,0.0
sub-45,1,block-01,1,work/glm/sub-45/GLM_run_1_block-01/DCM_sub-45_GLM_run_1_block-01_4ROI.mat,1,-0.5,-1,-0.5,0.25,0.5
sub-45,1,block-02,2,work/glm/sub-45/GLM_run_1_block-02/DCM_sub-45_GLM_run_1_block-02_4ROI.mat,1,-0.5,1,-0.5,0.25,-0.5
sub-45,1,block-03,3,work/glm/sub-45/GLM_run_1_block-03/DCM_sub-45_GLM_run_1_block-03_4ROI.mat,1,1.0,0,-0.5,-0.5,-0.0
sub-45,2,block-01,1,work/glm/sub-45/GLM_run_2_block-01/DCM_sub-45_GLM_run_2_block-01_4ROI.mat,1,-0.5,-1,0.5,-0.25,-0.5
sub-45,2,block-02,2,work/glm/sub-45/GLM_run_2_block-02/DCM_sub-45_GLM_run_2_block-02_4ROI.mat,1,-0.5,1,0.5,-0.25,0.5
sub-45,2,block-03,3,work/glm/sub-45/GLM_run_2_block-03/DCM_sub-45_GLM_run_2_block-03_4ROI.mat,1,1.0,0,0.5,0.5,0.0
sub-46,1,block-01,1,work/glm/sub-46/GLM_run_1_block-01/DCM_sub-46_GLM_run_1_block-01_4ROI.mat,1,-0.5,-1,-0.5,0.25,0.5
sub-46,1,block-02,2,work/glm/sub-46/GLM_run_1_block-02/DCM_sub-46_GLM_run_1_block-02_4ROI.mat,1,-0.5,1,-0.5,0.25,-0.5
sub-46,1,block-03,3,work/glm/sub-46/GLM_run_1_block-03/DCM_sub-46_GLM_run_1_block-03_4ROI.mat,1,1.0,0,-0.5,-0.5,-0.0
sub-46,2,block-01,1,work/glm/sub-46/GLM_run_2_block-01/DCM_sub-46_GLM_run_2_block-01_4ROI.mat,1,-0.5,-1,0.5,-0.25,-0.5
sub-46,2,block-02,2,work/glm/sub-46/GLM_run_2_block-02/DCM_sub-46_GLM_run_2_block-02_4ROI.mat,1,-0.5,1,0.5,-0.25,0.5
sub-46,2,block-03,3,work/glm/sub-46/GLM_run_2_block-03/DCM_sub-46_GLM_run_2_block-03_4ROI.mat,1,1.0,0,0.5,0.5,0.0
sub-47,1,block-01,1,work/glm/sub-47/GLM_run_1_block-01/DCM_sub-47_GLM_run_1_block-01_4ROI.mat,1,-0.5,-1,-0.5,0.25,0.5
sub-47,1,block-02,2,work/glm/sub-47/GLM_run_1_block-02/DCM_sub-47_GLM_run_1_block-02_4ROI.mat,1,-0.5,1,-0.5,0.25,-0.5
sub-47,1,block-03,3,work/glm/sub-47/GLM_run_1_block-03/DCM_sub-47_GLM_run_1_block-03_4ROI.mat,1,1.0,0,-0.5,-0.5,-0.0
sub-47,2,block-01,1,work/glm/sub-47/GLM_run_2_block-01/DCM_sub-47_GLM_run_2_block-01_4ROI.mat,1,-0.5,-1,0.5,-0.25,-0.5
sub-47,2,block-02,2,work/glm/sub-47/GLM_run_2_block-02/DCM_sub-47_GLM_run_2_block-02_4ROI.mat,1,-0.5,1,0.5,-0.25,0.5
sub-47,2,block-03,3,work/glm/sub-47/GLM_run_2_block-03/DCM_sub-47_GLM_run_2_block-03_4ROI.mat,1,1.0,0,0.5,0.5,0.0
sub-48,1,block-01,1,work/glm/sub-48/GLM_run_1_block-01/DCM_sub-48_GLM_run_1_block-01_4ROI.mat,1,-0.5,-1,-0.5,0.25,0.5
sub-48,1,block-02,2,work/glm/sub-48/GLM_run_1_block-02/DCM_sub-48_GLM_run_1_block-02_4ROI.mat,1,-0.5,1,-0.5,0.25,-0.5
sub-48,1,block-03,3,work/glm/sub-48/GLM_run_1_block-03/DCM_sub-48_GLM_run_1_block-03_4ROI.mat,1,1.0,0,-0.5,-0.5,-0.0
sub-48,2,block-01,1,work/glm/sub-48/GLM_run_2_block-01/DCM_sub-48_GLM_run_2_block-01_4ROI.mat,1,-0.5,-1,0.5,-0.25,-0.5
sub-48,2,block-02,2,work/glm/sub-48/GLM_run_2_block-02/DCM_sub-48_GLM_run_2_block-02_4ROI.mat,1,-0.5,1,0.5,-0.25,0.5
sub-48,2,block-03,3,work/glm/sub-48/GLM_run_2_block-03/DCM_sub-48_GLM_run_2_block-03_4ROI.mat,1,1.0,0,0.5,0.5,0.0
sub-49,1,block-01,1,work/glm/sub-49/GLM_run_1_block-01/DCM_sub-49_GLM_run_1_block-01_4ROI.mat,1,-0.5,-1,-0.5,0.25,0.5
sub-49,1,block-02,2,work/glm/sub-49/GLM_run_1_block-02/DCM_sub-49_GLM_run_1_block-02_4ROI.mat,1,-0.5,1,-0.5,0.25,-0.5
sub-49,1,block-03,3,work/glm/sub-49/GLM_run_1_block-03/DCM_sub-49_GLM_run_1_block-03_4ROI.mat,1,1.0,0,-0.5,-0.5,-0.0
sub-49,2,block-01,1,work/glm/sub-49/GLM_run_2_block-01/DCM_sub-49_GLM_run_2_block-01_4ROI.mat,1,-0.5,-1,0.5,-0.25,-0.5
sub-49,2,block-02,2,work/glm/sub-49/GLM_run_2_block-02/DCM_sub-49_GLM_run_2_block-02_4ROI.mat,1,-0.5,1,0.5,-0.25,0.5
sub-49,2,block-03,3,work/glm/sub-49/GLM_run_2_block-03/DCM_sub-49_GLM_run_2_block-03_4ROI.mat,1,1.0,0,0.5,0.5,0.0
