subject,run,model,n_scans,TR,csv_block_onset,csv_block_end,actual_first_scan_time,actual_segment_end_time,input_name
sub-01,run_1,Block-01,49,3,0,146.6,0,147,TASK_EVENTS_BLOCK_01
sub-01,run_1,Block-02,49,3,162,308.5,162,309,TASK_EVENTS_BLOCK_02
sub-01,run_1,Block-03,49,3,324,470.5,324,471,TASK_EVENTS_BLOCK_03
sub-01,run_1,ALL,164,3,0,492,0,492,ALL_TASK_EVENTS
sub-01,run_2,Block-01,49,3,0,146.6,0,147,TASK_EVENTS_BLOCK_01
sub-01,run_2,Block-02,49,3,162,308.5,162,309,TASK_EVENTS_BLOCK_02
sub-01,run_2,Block-03,49,3,324,470.5,324,471,TASK_EVENTS_BLOCK_03
sub-01,run_2,ALL,164,3,0,492,0,492,ALL_TASK_EVENTS
sub-02,run_1,Block-01,49,3,0,146.6,0,147,TASK_EVENTS_BLOCK_01
sub-02,run_1,Block-02,49,3,162,308.6,162,309,TASK_EVENTS_BLOCK_02
sub-02,run_1,Block-03,51,3,324,475.4,324,477,TASK_EVENTS_BLOCK_03
sub-02,run_1,ALL,165,3,0,495,0,495,ALL_TASK_EVENTS
sub-02,run_2,Block-01,51,3,0,151.2,0,153,TASK_EVENTS_BLOCK_01
sub-02,run_2,Block-02,51,3,168,318.9,168,321,TASK_EVENTS_BLOCK_02
sub-02,run_2,Block-03,50,3,333,481.1,333,483,TASK_EVENTS_BLOCK_03
sub-02,run_2,ALL,165,3,0,495,0,495,ALL_TASK_EVENTS
sub-03,run_1,Block-01,49,3,0,146.6,0,147,TASK_EVENTS_BLOCK_01
sub-03,run_1,Block-02,49,3,162,308.5,162,309,TASK_EVENTS_BLOCK_02
sub-03,run_1,Block-03,49,3,324,470.5,324,471,TASK_EVENTS_BLOCK_03
sub-03,run_1,ALL,164,3,0,492,0,492,ALL_TASK_EVENTS
sub-03,run_2,Block-01,49,3,0,146.5,0,147,TASK_EVENTS_BLOCK_01
sub-03,run_2,Block-02,49,3,162,308.5,162,309,TASK_EVENTS_BLOCK_02
sub-03,run_2,Block-03,49,3,324,470.5,324,471,TASK_EVENTS_BLOCK_03
sub-03,run_2,ALL,166,3,0,498,0,498,ALL_TASK_EVENTS
sub-04,run_1,Block-01,49,3,0,146.6,0,147,TASK_EVENTS_BLOCK_01
sub-04,run_1,Block-02,49,3,162,308.6,162,309,TASK_EVENTS_BLOCK_02
sub-04,run_1,Block-03,49,3,324,470.6,324,471,TASK_EVENTS_BLOCK_03
sub-04,run_1,ALL,164,3,0,492,0,492,ALL_TASK_EVENTS
sub-04,run_2,Block-01,49,3,0,146.7,0,147,TASK_EVENTS_BLOCK_01
sub-04,run_2,Block-02,49,3,162,308.6,162,309,TASK_EVENTS_BLOCK_02
sub-04,run_2,Block-03,49,3,324,470.5,324,471,TASK_EVENTS_BLOCK_03
sub-04,run_2,ALL,166,3,0,498,0,498,ALL_TASK_EVENTS
sub-05,run_1,Block-01,51,3,0,151.9,0,153,TASK_EVENTS_BLOCK_01
sub-05,run_1,Block-02,50,3,168.1,320.1,171,321,TASK_EVENTS_BLOCK_02
sub-05,run_1,Block-03,51,3,336,487.4,336,489,TASK_EVENTS_BLOCK_03
sub-05,run_1,ALL,164,3,0,492,0,492,ALL_TASK_EVENTS
sub-05,run_2,Block-01,51,3,0,150.9,0,153,TASK_EVENTS_BLOCK_01
sub-05,run_2,Block-02,50,3,165,313.2,165,315,TASK_EVENTS_BLOCK_02
sub-05,run_2,Block-03,50,3,330,478.3,330,480,TASK_EVENTS_BLOCK_03
sub-05,run_2,ALL,166,3,0,498,0,498,ALL_TASK_EVENTS
sub-06,run_1,Block-01,49,3,0,146.6,0,147,TASK_EVENTS_BLOCK_01
sub-06,run_1,Block-02,49,3,162,308.6,162,309,TASK_EVENTS_BLOCK_02
sub-06,run_1,Block-03,49,3,324,470.5,324,471,TASK_EVENTS_BLOCK_03
sub-06,run_1,ALL,164,3,0,492,0,492,ALL_TASK_EVENTS
sub-06,run_2,Block-01,49,3,0,146.6,0,147,TASK_EVENTS_BLOCK_01
sub-06,run_2,Block-02,49,3,162,308.6,162,309,TASK_EVENTS_BLOCK_02
sub-06,run_2,Block-03,49,3,324,470.6,324,471,TASK_EVENTS_BLOCK_03
sub-06,run_2,ALL,163,3,0,489,0,489,ALL_TASK_EVENTS
sub-07,run_1,Block-01,49,3,0,146.6,0,147,TASK_EVENTS_BLOCK_01
sub-07,run_1,Block-02,49,3,162,308.5,162,309,TASK_EVENTS_BLOCK_02
sub-07,run_1,Block-03,49,3,324,470.5,324,471,TASK_EVENTS_BLOCK_03
sub-07,run_1,ALL,164,3,0,492,0,492,ALL_TASK_EVENTS
sub-07,run_2,Block-01,49,3,0,146.6,0,147,TASK_EVENTS_BLOCK_01
sub-07,run_2,Block-02,49,3,162,308.6,162,309,TASK_EVENTS_BLOCK_02
sub-07,run_2,Block-03,49,3,324,470.5,324,471,TASK_EVENTS_BLOCK_03
sub-07,run_2,ALL,164,3,0,492,0,492,ALL_TASK_EVENTS
sub-08,run_1,Block-01,50,3,0,148.5,0,150,TASK_EVENTS_BLOCK_01
sub-08,run_1,Block-02,49,3,165.1,314,168,315,TASK_EVENTS_BLOCK_02
sub-08,run_1,Block-03,51,3,330,481.3,330,483,TASK_EVENTS_BLOCK_03
sub-08,run_1,ALL,164,3,0,492,0,492,ALL_TASK_EVENTS
sub-08,run_2,Block-01,50,3,0,148,0,150,TASK_EVENTS_BLOCK_01
sub-08,run_2,Block-02,50,3,165,313,165,315,TASK_EVENTS_BLOCK_02
sub-08,run_2,Block-03,49,3,330.1,477.9,333,480,TASK_EVENTS_BLOCK_03
sub-08,run_2,ALL,166,3,0,498,0,498,ALL_TASK_EVENTS
sub-09,run_1,Block-01,50,3,0,148.5,0,150,TASK_EVENTS_BLOCK_01
sub-09,run_1,Block-02,49,3,165.1,314.1,168,315,TASK_EVENTS_BLOCK_02
sub-09,run_1,Block-03,51,3,330,481.2,330,483,TASK_EVENTS_BLOCK_03
sub-09,run_1,ALL,165,3,0,495,0,495,ALL_TASK_EVENTS
sub-09,run_2,Block-01,51,3,0,151,0,153,TASK_EVENTS_BLOCK_01
sub-09,run_2,Block-02,51,3,168,319,168,321,TASK_EVENTS_BLOCK_02
sub-09,run_2,Block-03,50,3,336.1,487,339,489,TASK_EVENTS_BLOCK_03
sub-09,run_2,ALL,166,3,0,498,0,498,ALL_TASK_EVENTS
sub-10,run_1,Block-01,51,3,0,151.2,0,153,TASK_EVENTS_BLOCK_01
sub-10,run_1,Block-02,51,3,168,319.1,168,321,TASK_EVENTS_BLOCK_02
sub-10,run_1,Block-03,51,3,336,486.9,336,489,TASK_EVENTS_BLOCK_03
sub-10,run_1,ALL,166,3,0,498,0,498,ALL_TASK_EVENTS
sub-10,run_2,Block-01,51,3,0,151.5,0,153,TASK_EVENTS_BLOCK_01
sub-10,run_2,Block-02,50,3,168.1,320,171,321,TASK_EVENTS_BLOCK_02
sub-10,run_2,Block-03,50,3,336.2,487.7,339,489,TASK_EVENTS_BLOCK_03
sub-10,run_2,ALL,166,3,0,498,0,498,ALL_TASK_EVENTS
sub-11,run_1,Block-01,49,3,0,146.6,0,147,TASK_EVENTS_BLOCK_01
sub-11,run_1,Block-02,49,3,162,308.6,162,309,TASK_EVENTS_BLOCK_02
sub-11,run_1,Block-03,49,3,324,470.6,324,471,TASK_EVENTS_BLOCK_03
sub-11,run_1,ALL,166,3,0,498,0,498,ALL_TASK_EVENTS
sub-11,run_2,Block-01,49,3,0,146.6,0,147,TASK_EVENTS_BLOCK_01
sub-11,run_2,Block-02,49,3,162,308.6,162,309,TASK_EVENTS_BLOCK_02
sub-11,run_2,Block-03,49,3,324,470.6,324,471,TASK_EVENTS_BLOCK_03
sub-11,run_2,ALL,166,3,0,498,0,498,ALL_TASK_EVENTS
sub-12,run_1,Block-01,49,3,0,146.7,0,147,TASK_EVENTS_BLOCK_01
sub-12,run_1,Block-02,49,3,162,308.6,162,309,TASK_EVENTS_BLOCK_02
sub-12,run_1,Block-03,49,3,324,470.6,324,471,TASK_EVENTS_BLOCK_03
sub-12,run_1,ALL,165,3,0,495,0,495,ALL_TASK_EVENTS
sub-12,run_2,Block-01,49,3,0,146.6,0,147,TASK_EVENTS_BLOCK_01
sub-12,run_2,Block-02,49,3,162,308.6,162,309,TASK_EVENTS_BLOCK_02
sub-12,run_2,Block-03,49,3,324,470.5,324,471,TASK_EVENTS_BLOCK_03
sub-12,run_2,ALL,166,3,0,498,0,498,ALL_TASK_EVENTS
sub-14,run_1,Block-01,49,3,0,146.6,0,147,TASK_EVENTS_BLOCK_01
sub-14,run_1,Block-02,49,3,162,308.5,162,309,TASK_EVENTS_BLOCK_02
sub-14,run_1,Block-03,49,3,324,470.6,324,471,TASK_EVENTS_BLOCK_03
sub-14,run_1,ALL,166,3,0,498,0,498,ALL_TASK_EVENTS
sub-14,run_2,Block-01,49,3,0,146.5,0,147,TASK_EVENTS_BLOCK_01
sub-14,run_2,Block-02,49,3,162,308.6,162,309,TASK_EVENTS_BLOCK_02
sub-14,run_2,Block-03,49,3,324,470.5,324,471,TASK_EVENTS_BLOCK_03
sub-14,run_2,ALL,165,3,0,495,0,495,ALL_TASK_EVENTS
sub-15,run_1,Block-01,49,3,0,146.5,0,147,TASK_EVENTS_BLOCK_01
sub-15,run_1,Block-02,49,3,162,308.6,162,309,TASK_EVENTS_BLOCK_02
sub-15,run_1,Block-03,49,3,324,470.5,324,471,TASK_EVENTS_BLOCK_03
sub-15,run_1,ALL,165,3,0,495,0,495,ALL_TASK_EVENTS
sub-15,run_2,Block-01,49,3,0,146.6,0,147,TASK_EVENTS_BLOCK_01
sub-15,run_2,Block-02,49,3,162,308.6,162,309,TASK_EVENTS_BLOCK_02
sub-15,run_2,Block-03,49,3,324,470.6,324,471,TASK_EVENTS_BLOCK_03
sub-15,run_2,ALL,166,3,0,498,0,498,ALL_TASK_EVENTS
sub-16,run_1,Block-01,51,3,0,150.9,0,153,TASK_EVENTS_BLOCK_01
sub-16,run_1,Block-02,50,3,165,312.9,165,315,TASK_EVENTS_BLOCK_02
sub-16,run_1,Block-03,50,3,327,475.1,327,477,TASK_EVENTS_BLOCK_03
sub-16,run_1,ALL,165,3,0,495,0,495,ALL_TASK_EVENTS
sub-16,run_2,Block-01,51,3,0,151.5,0,153,TASK_EVENTS_BLOCK_01
sub-16,run_2,Block-02,50,3,168.1,319.8,171,321,TASK_EVENTS_BLOCK_02
sub-16,run_2,Block-03,50,3,336.1,487.4,339,489,TASK_EVENTS_BLOCK_03
sub-16,run_2,ALL,166,3,0,498,0,498,ALL_TASK_EVENTS
sub-17,run_1,Block-01,49,3,0,146.6,0,147,TASK_EVENTS_BLOCK_01
sub-17,run_1,Block-02,49,3,162,308.6,162,309,TASK_EVENTS_BLOCK_02
sub-17,run_1,Block-03,49,3,324,470.5,324,471,TASK_EVENTS_BLOCK_03
sub-17,run_1,ALL,165,3,0,495,0,495,ALL_TASK_EVENTS
sub-17,run_2,Block-01,49,3,0,146.5,0,147,TASK_EVENTS_BLOCK_01
sub-17,run_2,Block-02,49,3,162,308.5,162,309,TASK_EVENTS_BLOCK_02
sub-17,run_2,Block-03,49,3,324,470.5,324,471,TASK_EVENTS_BLOCK_03
sub-17,run_2,ALL,166,3,0,498,0,498,ALL_TASK_EVENTS
sub-19,run_1,Block-01,49,3,0,146.6,0,147,TASK_EVENTS_BLOCK_01
sub-19,run_1,Block-02,49,3,162,308.6,162,309,TASK_EVENTS_BLOCK_02
sub-19,run_1,Block-03,49,3,324,470.6,324,471,TASK_EVENTS_BLOCK_03
sub-19,run_1,ALL,165,3,0,495,0,495,ALL_TASK_EVENTS
sub-19,run_2,Block-01,49,3,0,146.6,0,147,TASK_EVENTS_BLOCK_01
sub-19,run_2,Block-02,49,3,162,308.6,162,309,TASK_EVENTS_BLOCK_02
sub-19,run_2,Block-03,49,3,324,470.5,324,471,TASK_EVENTS_BLOCK_03
sub-19,run_2,ALL,166,3,0,498,0,498,ALL_TASK_EVENTS
sub-20,run_1,Block-01,49,3,0,146.5,0,147,TASK_EVENTS_BLOCK_01
sub-20,run_1,Block-02,49,3,162,308.6,162,309,TASK_EVENTS_BLOCK_02
sub-20,run_1,Block-03,49,3,324,470.5,324,471,TASK_EVENTS_BLOCK_03
sub-20,run_1,ALL,165,3,0,495,0,495,ALL_TASK_EVENTS
sub-20,run_2,Block-01,49,3,0,146.6,0,147,TASK_EVENTS_BLOCK_01
sub-20,run_2,Block-02,49,3,162,308.6,162,309,TASK_EVENTS_BLOCK_02
sub-20,run_2,Block-03,49,3,324,470.6,324,471,TASK_EVENTS_BLOCK_03
sub-20,run_2,ALL,166,3,0,498,0,498,ALL_TASK_EVENTS
sub-21,run_1,Block-01,49,3,0,146.6,0,147,TASK_EVENTS_BLOCK_01
sub-21,run_1,Block-02,49,3,162,308.5,162,309,TASK_EVENTS_BLOCK_02
sub-21,run_1,Block-03,49,3,324,470.5,324,471,TASK_EVENTS_BLOCK_03
sub-21,run_1,ALL,165,3,0,495,0,495,ALL_TASK_EVENTS
sub-21,run_2,Block-01,49,3,0,146.6,0,147,TASK_EVENTS_BLOCK_01
sub-21,run_2,Block-02,49,3,162,308.6,162,309,TASK_EVENTS_BLOCK_02
sub-21,run_2,Block-03,49,3,324,470.5,324,471,TASK_EVENTS_BLOCK_03
sub-21,run_2,ALL,166,3,0,498,0,498,ALL_TASK_EVENTS
sub-22,run_1,Block-01,49,3,0,146.6,0,147,TASK_EVENTS_BLOCK_01
sub-22,run_1,Block-02,49,3,162,308.6,162,309,TASK_EVENTS_BLOCK_02
sub-22,run_1,Block-03,49,3,324,470.5,324,471,TASK_EVENTS_BLOCK_03
sub-22,run_1,ALL,165,3,0,495,0,495,ALL_TASK_EVENTS
sub-22,run_2,Block-01,49,3,0,146.6,0,147,TASK_EVENTS_BLOCK_01
sub-22,run_2,Block-02,49,3,162,308.5,162,309,TASK_EVENTS_BLOCK_02
sub-22,run_2,Block-03,49,3,324,470.6,324,471,TASK_EVENTS_BLOCK_03
sub-22,run_2,ALL,166,3,0,498,0,498,ALL_TASK_EVENTS
sub-23,run_1,Block-01,50,3,0,148.2,0,150,TASK_EVENTS_BLOCK_01
sub-23,run_1,Block-02,50,3,165,312.9,165,315,TASK_EVENTS_BLOCK_02
sub-23,run_1,Block-03,51,3,327,478.1,327,480,TASK_EVENTS_BLOCK_03
sub-23,run_1,ALL,165,3,0,495,0,495,ALL_TASK_EVENTS
sub-23,run_2,Block-01,51,3,0,151.4,0,153,TASK_EVENTS_BLOCK_01
sub-23,run_2,Block-02,50,3,168.1,319.9,171,321,TASK_EVENTS_BLOCK_02
sub-23,run_2,Block-03,50,3,336.1,487.6,339,489,TASK_EVENTS_BLOCK_03
sub-23,run_2,ALL,166,3,0,498,0,498,ALL_TASK_EVENTS
sub-24,run_1,Block-01,51,3,0,150.8,0,153,TASK_EVENTS_BLOCK_01
sub-24,run_1,Block-02,50,3,165,313.2,165,315,TASK_EVENTS_BLOCK_02
sub-24,run_1,Block-03,51,3,330,481,330,483,TASK_EVENTS_BLOCK_03
sub-24,run_1,ALL,165,3,0,495,0,495,ALL_TASK_EVENTS
sub-24,run_2,Block-01,50,3,0,147.5,0,150,TASK_EVENTS_BLOCK_01
sub-24,run_2,Block-02,50,3,162,309.6,162,312,TASK_EVENTS_BLOCK_02
sub-24,run_2,Block-03,49,3,324.1,471.6,327,474,TASK_EVENTS_BLOCK_03
sub-24,run_2,ALL,166,3,0,498,0,498,ALL_TASK_EVENTS
sub-25,run_1,Block-01,51,3,0,150.5,0,153,TASK_EVENTS_BLOCK_01
sub-25,run_1,Block-02,50,3,165,313.1,165,315,TASK_EVENTS_BLOCK_02
sub-25,run_1,Block-03,51,3,330,481,330,483,TASK_EVENTS_BLOCK_03
sub-25,run_1,ALL,165,3,0,495,0,495,ALL_TASK_EVENTS
sub-25,run_2,Block-01,50,3,0,147.9,0,150,TASK_EVENTS_BLOCK_01
sub-25,run_2,Block-02,50,3,162,309.7,162,312,TASK_EVENTS_BLOCK_02
sub-25,run_2,Block-03,49,3,324.1,471.7,327,474,TASK_EVENTS_BLOCK_03
sub-25,run_2,ALL,166,3,0,498,0,498,ALL_TASK_EVENTS
sub-26,run_1,Block-01,51,3,0,150.5,0,153,TASK_EVENTS_BLOCK_01
sub-26,run_1,Block-02,50,3,165,313.1,165,315,TASK_EVENTS_BLOCK_02
sub-26,run_1,Block-03,51,3,330,481.3,330,483,TASK_EVENTS_BLOCK_03
sub-26,run_1,ALL,165,3,0,495,0,495,ALL_TASK_EVENTS
sub-26,run_2,Block-01,50,3,0,147.5,0,150,TASK_EVENTS_BLOCK_01
sub-26,run_2,Block-02,50,3,162,309.6,162,312,TASK_EVENTS_BLOCK_02
sub-26,run_2,Block-03,49,3,324.1,471.6,327,474,TASK_EVENTS_BLOCK_03
sub-26,run_2,ALL,166,3,0,498,0,498,ALL_TASK_EVENTS
sub-27,run_1,Block-01,50,3,0,147.7,0,150,TASK_EVENTS_BLOCK_01
sub-27,run_1,Block-02,50,3,162,309.6,162,312,TASK_EVENTS_BLOCK_02
sub-27,run_1,Block-03,50,3,324,471.7,324,474,TASK_EVENTS_BLOCK_03
sub-27,run_1,ALL,166,3,0,498,0,498,ALL_TASK_EVENTS
sub-27,run_2,Block-01,51,3,0,150.9,0,153,TASK_EVENTS_BLOCK_01
sub-27,run_2,Block-02,50,3,165,313.5,165,315,TASK_EVENTS_BLOCK_02
sub-27,run_2,Block-03,50,3,330.1,481.1,333,483,TASK_EVENTS_BLOCK_03
sub-27,run_2,ALL,165,3,0,495,0,495,ALL_TASK_EVENTS
sub-28,run_1,Block-01,51,3,0,150.7,0,153,TASK_EVENTS_BLOCK_01
sub-28,run_1,Block-02,50,3,165,313.2,165,315,TASK_EVENTS_BLOCK_02
sub-28,run_1,Block-03,51,3,330,480.9,330,483,TASK_EVENTS_BLOCK_03
sub-28,run_1,ALL,165,3,0,495,0,495,ALL_TASK_EVENTS
sub-28,run_2,Block-01,50,3,0,147.7,0,150,TASK_EVENTS_BLOCK_01
sub-28,run_2,Block-02,50,3,162,309.7,162,312,TASK_EVENTS_BLOCK_02
sub-28,run_2,Block-03,49,3,324.1,471.6,327,474,TASK_EVENTS_BLOCK_03
sub-28,run_2,ALL,166,3,0,498,0,498,ALL_TASK_EVENTS
sub-29,run_1,Block-01,49,3,0,146.1,0,147,TASK_EVENTS_BLOCK_01
sub-29,run_1,Block-02,49,3,162,308.1,162,309,TASK_EVENTS_BLOCK_02
sub-29,run_1,Block-03,49,3,324,470.1,324,471,TASK_EVENTS_BLOCK_03
sub-29,run_1,ALL,166,3,0,498,0,498,ALL_TASK_EVENTS
sub-29,run_2,Block-01,49,3,0,146,0,147,TASK_EVENTS_BLOCK_01
sub-29,run_2,Block-02,49,3,162,308,162,309,TASK_EVENTS_BLOCK_02
sub-29,run_2,Block-03,49,3,324,470,324,471,TASK_EVENTS_BLOCK_03
sub-29,run_2,ALL,165,3,0,495,0,495,ALL_TASK_EVENTS
sub-30,run_1,Block-01,49,3,0,146.2,0,147,TASK_EVENTS_BLOCK_01
sub-30,run_1,Block-02,49,3,162,308.1,162,309,TASK_EVENTS_BLOCK_02
sub-30,run_1,Block-03,49,3,324,470.1,324,471,TASK_EVENTS_BLOCK_03
sub-30,run_1,ALL,165,3,0,495,0,495,ALL_TASK_EVENTS
sub-30,run_2,Block-01,49,3,0,146.1,0,147,TASK_EVENTS_BLOCK_01
sub-30,run_2,Block-02,49,3,162,308.1,162,309,TASK_EVENTS_BLOCK_02
sub-30,run_2,Block-03,49,3,324,470.1,324,471,TASK_EVENTS_BLOCK_03
sub-30,run_2,ALL,166,3,0,498,0,498,ALL_TASK_EVENTS
sub-31,run_1,Block-01,49,3,0,146.1,0,147,TASK_EVENTS_BLOCK_01
sub-31,run_1,Block-02,49,3,162,308.1,162,309,TASK_EVENTS_BLOCK_02
sub-31,run_1,Block-03,49,3,324,470.1,324,471,TASK_EVENTS_BLOCK_03
sub-31,run_1,ALL,166,3,0,498,0,498,ALL_TASK_EVENTS
sub-31,run_2,Block-01,49,3,0,146.1,0,147,TASK_EVENTS_BLOCK_01
sub-31,run_2,Block-02,49,3,162,308.2,162,309,TASK_EVENTS_BLOCK_02
sub-31,run_2,Block-03,49,3,324,470.2,324,471,TASK_EVENTS_BLOCK_03
sub-31,run_2,ALL,165,3,0,495,0,495,ALL_TASK_EVENTS
sub-32,run_1,Block-01,49,3,0,146.2,0,147,TASK_EVENTS_BLOCK_01
sub-32,run_1,Block-02,49,3,162,308.2,162,309,TASK_EVENTS_BLOCK_02
sub-32,run_1,Block-03,49,3,324,470.1,324,471,TASK_EVENTS_BLOCK_03
sub-32,run_1,ALL,166,3,0,498,0,498,ALL_TASK_EVENTS
sub-32,run_2,Block-01,49,3,0,146.2,0,147,TASK_EVENTS_BLOCK_01
sub-32,run_2,Block-02,49,3,162,308.2,162,309,TASK_EVENTS_BLOCK_02
sub-32,run_2,Block-03,49,3,324,470.1,324,471,TASK_EVENTS_BLOCK_03
sub-32,run_2,ALL,165,3,0,495,0,495,ALL_TASK_EVENTS
sub-33,run_1,Block-01,49,3,0,146.4,0,147,TASK_EVENTS_BLOCK_01
sub-33,run_1,Block-02,49,3,162,308.4,162,309,TASK_EVENTS_BLOCK_02
sub-33,run_1,Block-03,49,3,324,470.4,324,471,TASK_EVENTS_BLOCK_03
sub-33,run_1,ALL,165,3,0,495,0,495,ALL_TASK_EVENTS
sub-33,run_2,Block-01,49,3,0,146.2,0,147,TASK_EVENTS_BLOCK_01
sub-33,run_2,Block-02,49,3,162,308.2,162,309,TASK_EVENTS_BLOCK_02
sub-33,run_2,Block-03,49,3,324,470.1,324,471,TASK_EVENTS_BLOCK_03
sub-33,run_2,ALL,166,3,0,498,0,498,ALL_TASK_EVENTS
sub-34,run_1,Block-01,49,3,0,146.5,0,147,TASK_EVENTS_BLOCK_01
sub-34,run_1,Block-02,49,3,162,308.3,162,309,TASK_EVENTS_BLOCK_02
sub-34,run_1,Block-03,49,3,324,470.4,324,471,TASK_EVENTS_BLOCK_03
sub-34,run_1,ALL,166,3,0,498,0,498,ALL_TASK_EVENTS
sub-34,run_2,Block-01,49,3,0,146.1,0,147,TASK_EVENTS_BLOCK_01
sub-34,run_2,Block-02,49,3,162,308.1,162,309,TASK_EVENTS_BLOCK_02
sub-34,run_2,Block-03,49,3,324,470.1,324,471,TASK_EVENTS_BLOCK_03
sub-34,run_2,ALL,165,3,0,495,0,495,ALL_TASK_EVENTS
sub-35,run_1,Block-01,51,3,0,150.7,0,153,TASK_EVENTS_BLOCK_01
sub-35,run_1,Block-02,50,3,165,313.3,165,315,TASK_EVENTS_BLOCK_02
sub-35,run_1,Block-03,51,3,330,481,330,483,TASK_EVENTS_BLOCK_03
sub-35,run_1,ALL,165,3,0,495,0,495,ALL_TASK_EVENTS
sub-35,run_2,Block-01,50,3,0,147.7,0,150,TASK_EVENTS_BLOCK_01
sub-35,run_2,Block-02,50,3,162,309.7,162,312,TASK_EVENTS_BLOCK_02
sub-35,run_2,Block-03,49,3,324.1,471.7,327,474,TASK_EVENTS_BLOCK_03
sub-35,run_2,ALL,166,3,0,498,0,498,ALL_TASK_EVENTS
sub-36,run_1,Block-01,49,3,0,146.1,0,147,TASK_EVENTS_BLOCK_01
sub-36,run_1,Block-02,49,3,162,308.1,162,309,TASK_EVENTS_BLOCK_02
sub-36,run_1,Block-03,49,3,324,470.1,324,471,TASK_EVENTS_BLOCK_03
sub-36,run_1,ALL,165,3,0,495,0,495,ALL_TASK_EVENTS
sub-36,run_2,Block-01,49,3,0,146.4,0,147,TASK_EVENTS_BLOCK_01
sub-36,run_2,Block-02,49,3,162,308.4,162,309,TASK_EVENTS_BLOCK_02
sub-36,run_2,Block-03,49,3,324,470.4,324,471,TASK_EVENTS_BLOCK_03
sub-36,run_2,ALL,166,3,0,498,0,498,ALL_TASK_EVENTS
sub-37,run_1,Block-01,49,3,0,146.4,0,147,TASK_EVENTS_BLOCK_01
sub-37,run_1,Block-02,49,3,162,308.4,162,309,TASK_EVENTS_BLOCK_02
sub-37,run_1,Block-03,49,3,324,470.4,324,471,TASK_EVENTS_BLOCK_03
sub-37,run_1,ALL,166,3,0,498,0,498,ALL_TASK_EVENTS
sub-37,run_2,Block-01,49,3,0,146.3,0,147,TASK_EVENTS_BLOCK_01
sub-37,run_2,Block-02,49,3,162,308.4,162,309,TASK_EVENTS_BLOCK_02
sub-37,run_2,Block-03,49,3,324,470.4,324,471,TASK_EVENTS_BLOCK_03
sub-37,run_2,ALL,165,3,0,495,0,495,ALL_TASK_EVENTS
sub-38,run_1,Block-01,49,3,0,146.4,0,147,TASK_EVENTS_BLOCK_01
sub-38,run_1,Block-02,49,3,162,308.4,162,309,TASK_EVENTS_BLOCK_02
sub-38,run_1,Block-03,49,3,324,470.4,324,471,TASK_EVENTS_BLOCK_03
sub-38,run_1,ALL,165,3,0,495,0,495,ALL_TASK_EVENTS
sub-38,run_2,Block-01,49,3,0,146.1,0,147,TASK_EVENTS_BLOCK_01
sub-38,run_2,Block-02,49,3,162,308.2,162,309,TASK_EVENTS_BLOCK_02
sub-38,run_2,Block-03,49,3,324,470.1,324,471,TASK_EVENTS_BLOCK_03
sub-38,run_2,ALL,165,3,0,495,0,495,ALL_TASK_EVENTS
sub-39,run_1,Block-01,49,3,0,146.2,0,147,TASK_EVENTS_BLOCK_01
sub-39,run_1,Block-02,49,3,162,308.1,162,309,TASK_EVENTS_BLOCK_02
sub-39,run_1,Block-03,49,3,324,470.1,324,471,TASK_EVENTS_BLOCK_03
sub-39,run_1,ALL,165,3,0,495,0,495,ALL_TASK_EVENTS
sub-39,run_2,Block-01,49,3,0,146.1,0,147,TASK_EVENTS_BLOCK_01
sub-39,run_2,Block-02,49,3,162,308.1,162,309,TASK_EVENTS_BLOCK_02
sub-39,run_2,Block-03,49,3,324,470.1,324,471,TASK_EVENTS_BLOCK_03
sub-39,run_2,ALL,166,3,0,498,0,498,ALL_TASK_EVENTS
sub-40,run_1,Block-01,49,3,0,146.2,0,147,TASK_EVENTS_BLOCK_01
sub-40,run_1,Block-02,50,3,162,309.2,162,312,TASK_EVENTS_BLOCK_02
sub-40,run_1,Block-03,51,3,324,474.9,324,477,TASK_EVENTS_BLOCK_03
sub-40,run_1,ALL,165,3,0,495,0,495,ALL_TASK_EVENTS
sub-40,run_2,Block-01,50,3,0,147.6,0,150,TASK_EVENTS_BLOCK_01
sub-40,run_2,Block-02,50,3,162,309.5,162,312,TASK_EVENTS_BLOCK_02
sub-40,run_2,Block-03,49,3,324.1,471.8,327,474,TASK_EVENTS_BLOCK_03
sub-40,run_2,ALL,163,3,0,489,0,489,ALL_TASK_EVENTS
sub-42,run_1,Block-01,50,3,0,147.5,0,150,TASK_EVENTS_BLOCK_01
sub-42,run_1,Block-02,50,3,162,309.4,162,312,TASK_EVENTS_BLOCK_02
sub-42,run_1,Block-03,50,3,324,471.5,324,474,TASK_EVENTS_BLOCK_03
sub-42,run_1,ALL,165,3,0,495,0,495,ALL_TASK_EVENTS
sub-42,run_2,Block-01,51,3,0,150.6,0,153,TASK_EVENTS_BLOCK_01
sub-42,run_2,Block-02,50,3,165,313,165,315,TASK_EVENTS_BLOCK_02
sub-42,run_2,Block-03,50,3,330.1,481,333,483,TASK_EVENTS_BLOCK_03
sub-42,run_2,ALL,166,3,0,498,0,498,ALL_TASK_EVENTS
sub-44,run_1,Block-01,49,3,0,146.1,0,147,TASK_EVENTS_BLOCK_01
sub-44,run_1,Block-02,49,3,162,308.1,162,309,TASK_EVENTS_BLOCK_02
sub-44,run_1,Block-03,49,3,324,470.1,324,471,TASK_EVENTS_BLOCK_03
sub-44,run_1,ALL,165,3,0,495,0,495,ALL_TASK_EVENTS
sub-44,run_2,Block-01,49,3,0,146.1,0,147,TASK_EVENTS_BLOCK_01
sub-44,run_2,Block-02,49,3,162,308.1,162,309,TASK_EVENTS_BLOCK_02
sub-44,run_2,Block-03,49,3,324,470.1,324,471,TASK_EVENTS_BLOCK_03
sub-44,run_2,ALL,166,3,0,498,0,498,ALL_TASK_EVENTS
sub-45,run_1,Block-01,49,3,0,146.1,0,147,TASK_EVENTS_BLOCK_01
sub-45,run_1,Block-02,49,3,162,308.1,162,309,TASK_EVENTS_BLOCK_02
sub-45,run_1,Block-03,49,3,324,470.1,324,471,TASK_EVENTS_BLOCK_03
sub-45,run_1,ALL,166,3,0,498,0,498,ALL_TASK_EVENTS
sub-45,run_2,Block-01,49,3,0,146.2,0,147,TASK_EVENTS_BLOCK_01
sub-45,run_2,Block-02,49,3,162,308.2,162,309,TASK_EVENTS_BLOCK_02
sub-45,run_2,Block-03,49,3,324,470.1,324,471,TASK_EVENTS_BLOCK_03
sub-45,run_2,ALL,165,3,0,495,0,495,ALL_TASK_EVENTS
sub-46,run_1,Block-01,49,3,0,146.1,0,147,TASK_EVENTS_BLOCK_01
sub-46,run_1,Block-02,49,3,162,308.1,162,309,TASK_EVENTS_BLOCK_02
sub-46,run_1,Block-03,49,3,324,470.1,324,471,TASK_EVENTS_BLOCK_03
sub-46,run_1,ALL,165,3,0,495,0,495,ALL_TASK_EVENTS
sub-46,run_2,Block-01,49,3,0,146.1,0,147,TASK_EVENTS_BLOCK_01
sub-46,run_2,Block-02,49,3,162,308.2,162,309,TASK_EVENTS_BLOCK_02
sub-46,run_2,Block-03,49,3,324,470.1,324,471,TASK_EVENTS_BLOCK_03
sub-46,run_2,ALL,166,3,0,498,0,498,ALL_TASK_EVENTS
sub-47,run_1,Block-01,50,3,0,147.6,0,150,TASK_EVENTS_BLOCK_01
sub-47,run_1,Block-02,50,3,162,309.5,162,312,TASK_EVENTS_BLOCK_02
sub-47,run_1,Block-03,50,3,324,471.5,324,474,TASK_EVENTS_BLOCK_03
sub-47,run_1,ALL,166,3,0,498,0,498,ALL_TASK_EVENTS
sub-47,run_2,Block-01,51,3,0,150.6,0,153,TASK_EVENTS_BLOCK_01
sub-47,run_2,Block-02,50,3,165,313.3,165,315,TASK_EVENTS_BLOCK_02
sub-47,run_2,Block-03,50,3,330.1,481,333,483,TASK_EVENTS_BLOCK_03
sub-47,run_2,ALL,165,3,0,495,0,495,ALL_TASK_EVENTS
sub-48,run_1,Block-01,50,3,0,147.5,0,150,TASK_EVENTS_BLOCK_01
sub-48,run_1,Block-02,50,3,162,309.4,162,312,TASK_EVENTS_BLOCK_02
sub-48,run_1,Block-03,50,3,324,471.6,324,474,TASK_EVENTS_BLOCK_03
sub-48,run_1,ALL,166,3,0,498,0,498,ALL_TASK_EVENTS
sub-48,run_2,Block-01,51,3,0,150.7,0,153,TASK_EVENTS_BLOCK_01
sub-48,run_2,Block-02,50,3,165,313.1,165,315,TASK_EVENTS_BLOCK_02
sub-48,run_2,Block-03,50,3,330.1,481.2,333,483,TASK_EVENTS_BLOCK_03
sub-48,run_2,ALL,165,3,0,495,0,495,ALL_TASK_EVENTS
sub-49,run_1,Block-01,50,3,0,147.5,0,150,TASK_EVENTS_BLOCK_01
sub-49,run_1,Block-02,50,3,162,309.3,162,312,TASK_EVENTS_BLOCK_02
sub-49,run_1,Block-03,50,3,324,471.4,324,474,TASK_EVENTS_BLOCK_03
sub-49,run_1,ALL,165,3,0,495,0,495,ALL_TASK_EVENTS
sub-49,run_2,Block-01,50,3,0,147.6,0,150,TASK_EVENTS_BLOCK_01
sub-49,run_2,Block-02,50,3,162,310,162,312,TASK_EVENTS_BLOCK_02
sub-49,run_2,Block-03,50,3,327.1,478.1,330,480,TASK_EVENTS_BLOCK_03
sub-49,run_2,ALL,166,3,0,498,0,498,ALL_TASK_EVENTS
