subject,run,model,n_timepoints,path,status,message
sub-01,run_1,ALL,164,work/glm_cropped/sub-01/GLM_run_1_ALL/DCM_sub-01_GLM_run_1_ALL_4ROI.mat,OK,
sub-01,run_1,block-01,49,work/glm_cropped/sub-01/GLM_run_1_block-01/DCM_sub-01_GLM_run_1_block-01_4ROI.mat,OK,
sub-01,run_1,block-02,49,work/glm_cropped/sub-01/GLM_run_1_block-02/DCM_sub-01_GLM_run_1_block-02_4ROI.mat,OK,
sub-01,run_1,block-03,49,work/glm_cropped/sub-01/GLM_run_1_block-03/DCM_sub-01_GLM_run_1_block-03_4ROI.mat,OK,
sub-01,run_2,ALL,164,work/glm_cropped/sub-01/GLM_run_2_ALL/DCM_sub-01_GLM_run_2_ALL_4ROI.mat,OK,
sub-01,run_2,block-01,49,work/glm_cropped/sub-01/GLM_run_2_block-01/DCM_sub-01_GLM_run_2_block-01_4ROI.mat,OK,
sub-01,run_2,block-02,49,work/glm_cropped/sub-01/GLM_run_2_block-02/DCM_sub-01_GLM_run_2_block-02_4ROI.mat,OK,
sub-01,run_2,block-03,49,work/glm_cropped/sub-01/GLM_run_2_block-03/DCM_sub-01_GLM_run_2_block-03_4ROI.mat,OK,
sub-02,run_1,ALL,165,work/glm_cropped/sub-02/GLM_run_1_ALL/DCM_sub-02_GLM_run_1_ALL_4ROI.mat,OK,
sub-02,run_1,block-01,49,work/glm_cropped/sub-02/GLM_run_1_block-01/DCM_sub-02_GLM_run_1_block-01_4ROI.mat,OK,
sub-02,run_1,block-02,49,work/glm_cropped/sub-02/GLM_run_1_block-02/DCM_sub-02_GLM_run_1_block-02_4ROI.mat,OK,
sub-02,run_1,block-03,51,work/glm_cropped/sub-02/GLM_run_1_block-03/DCM_sub-02_GLM_run_1_block-03_4ROI.mat,OK,
sub-02,run_2,ALL,165,work/glm_cropped/sub-02/GLM_run_2_ALL/DCM_sub-02_GLM_run_2_ALL_4ROI.mat,OK,
sub-02,run_2,block-01,51,work/glm_cropped/sub-02/GLM_run_2_block-01/DCM_sub-02_GLM_run_2_block-01_4ROI.mat,OK,
sub-02,run_2,block-02,51,work/glm_cropped/sub-02/GLM_run_2_block-02/DCM_sub-02_GLM_run_2_block-02_4ROI.mat,OK,
sub-02,run_2,block-03,50,work/glm_cropped/sub-02/GLM_run_2_block-03/DCM_sub-02_GLM_run_2_block-03_4ROI.mat,OK,
sub-03,run_1,ALL,164,work/glm_cropped/sub-03/GLM_run_1_ALL/DCM_sub-03_GLM_run_1_ALL_4ROI.mat,OK,
sub-03,run_1,block-01,49,work/glm_cropped/sub-03/GLM_run_1_block-01/DCM_sub-03_GLM_run_1_block-01_4ROI.mat,OK,
sub-03,run_1,block-02,49,work/glm_cropped/sub-03/GLM_run_1_block-02/DCM_sub-03_GLM_run_1_block-02_4ROI.mat,OK,
sub-03,run_1,block-03,49,work/glm_cropped/sub-03/GLM_run_1_block-03/DCM_sub-03_GLM_run_1_block-03_4ROI.mat,OK,
sub-03,run_2,ALL,166,work/glm_cropped/sub-03/GLM_run_2_ALL/DCM_sub-03_GLM_run_2_ALL_4ROI.mat,OK,
sub-03,run_2,block-01,49,work/glm_cropped/sub-03/GLM_run_2_block-01/DCM_sub-03_GLM_run_2_block-01_4ROI.mat,OK,
sub-03,run_2,block-02,49,work/glm_cropped/sub-03/GLM_run_2_block-02/DCM_sub-03_GLM_run_2_block-02_4ROI.mat,OK,
sub-03,run_2,block-03,49,work/glm_cropped/sub-03/GLM_run_2_block-03/DCM_sub-03_GLM_run_2_block-03_4ROI.mat,OK,
sub-04,run_1,ALL,164,work/glm_cropped/sub-04/GLM_run_1_ALL/DCM_sub-04_GLM_run_1_ALL_4ROI.mat,OK,
sub-04,run_1,block-01,49,work/glm_cropped/sub-04/GLM_run_1_block-01/DCM_sub-04_GLM_run_1_block-01_4ROI.mat,OK,
sub-04,run_1,block-02,49,work/glm_cropped/sub-04/GLM_run_1_block-02/DCM_sub-04_GLM_run_1_block-02_4ROI.mat,OK,
sub-04,run_1,block-03,49,work/glm_cropped/sub-04/GLM_run_1_block-03/DCM_sub-04_GLM_run_1_block-03_4ROI.mat,OK,
sub-04,run_2,ALL,166,work/glm_cropped/sub-04/GLM_run_2_ALL/DCM_sub-04_GLM_run_2_ALL_4ROI.mat,OK,
sub-04,run_2,block-01,49,work/glm_cropped/sub-04/GLM_run_2_block-01/DCM_sub-04_GLM_run_2_block-01_4ROI.mat,OK,
sub-04,run_2,block-02,49,work/glm_cropped/sub-04/GLM_run_2_block-02/DCM_sub-04_GLM_run_2_block-02_4ROI.mat,OK,
sub-04,run_2,block-03,49,work/glm_cropped/sub-04/GLM_run_2_block-03/DCM_sub-04_GLM_run_2_block-03_4ROI.mat,OK,
sub-05,run_1,ALL,164,work/glm_cropped/sub-05/GLM_run_1_ALL/DCM_sub-05_GLM_run_1_ALL_4ROI.mat,OK,
sub-05,run_1,block-01,51,work/glm_cropped/sub-05/GLM_run_1_block-01/DCM_sub-05_GLM_run_1_block-01_4ROI.mat,OK,
sub-05,run_1,block-02,50,work/glm_cropped/sub-05/GLM_run_1_block-02/DCM_sub-05_GLM_run_1_block-02_4ROI.mat,OK,
sub-05,run_1,block-03,51,work/glm_cropped/sub-05/GLM_run_1_block-03/DCM_sub-05_GLM_run_1_block-03_4ROI.mat,OK,
sub-05,run_2,ALL,166,work/glm_cropped/sub-05/GLM_run_2_ALL/DCM_sub-05_GLM_run_2_ALL_4ROI.mat,OK,
sub-05,run_2,block-01,51,work/glm_cropped/sub-05/GLM_run_2_block-01/DCM_sub-05_GLM_run_2_block-01_4ROI.mat,OK,
sub-05,run_2,block-02,50,work/glm_cropped/sub-05/GLM_run_2_block-02/DCM_sub-05_GLM_run_2_block-02_4ROI.mat,OK,
sub-05,run_2,block-03,50,work/glm_cropped/sub-05/GLM_run_2_block-03/DCM_sub-05_GLM_run_2_block-03_4ROI.mat,OK,
sub-06,run_1,ALL,164,work/glm_cropped/sub-06/GLM_run_1_ALL/DCM_sub-06_GLM_run_1_ALL_4ROI.mat,OK,
sub-06,run_1,block-01,49,work/glm_cropped/sub-06/GLM_run_1_block-01/DCM_sub-06_GLM_run_1_block-01_4ROI.mat,OK,
sub-06,run_1,block-02,49,work/glm_cropped/sub-06/GLM_run_1_block-02/DCM_sub-06_GLM_run_1_block-02_4ROI.mat,OK,
sub-06,run_1,block-03,49,work/glm_cropped/sub-06/GLM_run_1_block-03/DCM_sub-06_GLM_run_1_block-03_4ROI.mat,OK,
sub-06,run_2,ALL,163,work/glm_cropped/sub-06/GLM_run_2_ALL/DCM_sub-06_GLM_run_2_ALL_4ROI.mat,OK,
sub-06,run_2,block-01,49,work/glm_cropped/sub-06/GLM_run_2_block-01/DCM_sub-06_GLM_run_2_block-01_4ROI.mat,OK,
sub-06,run_2,block-02,49,work/glm_cropped/sub-06/GLM_run_2_block-02/DCM_sub-06_GLM_run_2_block-02_4ROI.mat,OK,
sub-06,run_2,block-03,49,work/glm_cropped/sub-06/GLM_run_2_block-03/DCM_sub-06_GLM_run_2_block-03_4ROI.mat,OK,
sub-07,run_1,ALL,164,work/glm_cropped/sub-07/GLM_run_1_ALL/DCM_sub-07_GLM_run_1_ALL_4ROI.mat,OK,
sub-07,run_1,block-01,49,work/glm_cropped/sub-07/GLM_run_1_block-01/DCM_sub-07_GLM_run_1_block-01_4ROI.mat,OK,
sub-07,run_1,block-02,49,work/glm_cropped/sub-07/GLM_run_1_block-02/DCM_sub-07_GLM_run_1_block-02_4ROI.mat,OK,
sub-07,run_1,block-03,49,work/glm_cropped/sub-07/GLM_run_1_block-03/DCM_sub-07_GLM_run_1_block-03_4ROI.mat,OK,
sub-07,run_2,ALL,164,work/glm_cropped/sub-07/GLM_run_2_ALL/DCM_sub-07_GLM_run_2_ALL_4ROI.mat,OK,
sub-07,run_2,block-01,49,work/glm_cropped/sub-07/GLM_run_2_block-01/DCM_sub-07_GLM_run_2_block-01_4ROI.mat,OK,
sub-07,run_2,block-02,49,work/glm_cropped/sub-07/GLM_run_2_block-02/DCM_sub-07_GLM_run_2_block-02_4ROI.mat,OK,
sub-07,run_2,block-03,49,work/glm_cropped/sub-07/GLM_run_2_block-03/DCM_sub-07_GLM_run_2_block-03_4ROI.mat,OK,
sub-08,run_1,ALL,164,work/glm_cropped/sub-08/GLM_run_1_ALL/DCM_sub-08_GLM_run_1_ALL_4ROI.mat,OK,
sub-08,run_1,block-01,50,work/glm_cropped/sub-08/GLM_run_1_block-01/DCM_sub-08_GLM_run_1_block-01_4ROI.mat,OK,
sub-08,run_1,block-02,49,work/glm_cropped/sub-08/GLM_run_1_block-02/DCM_sub-08_GLM_run_1_block-02_4ROI.mat,OK,
sub-08,run_1,block-03,51,work/glm_cropped/sub-08/GLM_run_1_block-03/DCM_sub-08_GLM_run_1_block-03_4ROI.mat,OK,
sub-08,run_2,ALL,166,work/glm_cropped/sub-08/GLM_run_2_ALL/DCM_sub-08_GLM_run_2_ALL_4ROI.mat,OK,
sub-08,run_2,block-01,50,work/glm_cropped/sub-08/GLM_run_2_block-01/DCM_sub-08_GLM_run_2_block-01_4ROI.mat,OK,
sub-08,run_2,block-02,50,work/glm_cropped/sub-08/GLM_run_2_block-02/DCM_sub-08_GLM_run_2_block-02_4ROI.mat,OK,
sub-08,run_2,block-03,49,work/glm_cropped/sub-08/GLM_run_2_block-03/DCM_sub-08_GLM_run_2_block-03_4ROI.mat,OK,
sub-09,run_1,ALL,165,work/glm_cropped/sub-09/GLM_run_1_ALL/DCM_sub-09_GLM_run_1_ALL_4ROI.mat,OK,
sub-09,run_1,block-01,50,work/glm_cropped/sub-09/GLM_run_1_block-01/DCM_sub-09_GLM_run_1_block-01_4ROI.mat,OK,
sub-09,run_1,block-02,49,work/glm_cropped/sub-09/GLM_run_1_block-02/DCM_sub-09_GLM_run_1_block-02_4ROI.mat,OK,
sub-09,run_1,block-03,51,work/glm_cropped/sub-09/GLM_run_1_block-03/DCM_sub-09_GLM_run_1_block-03_4ROI.mat,OK,
sub-09,run_2,ALL,166,work/glm_cropped/sub-09/GLM_run_2_ALL/DCM_sub-09_GLM_run_2_ALL_4ROI.mat,OK,
sub-09,run_2,block-01,51,work/glm_cropped/sub-09/GLM_run_2_block-01/DCM_sub-09_GLM_run_2_block-01_4ROI.mat,OK,
sub-09,run_2,block-02,51,work/glm_cropped/sub-09/GLM_run_2_block-02/DCM_sub-09_GLM_run_2_block-02_4ROI.mat,OK,
sub-09,run_2,block-03,50,work/glm_cropped/sub-09/GLM_run_2_block-03/DCM_sub-09_GLM_run_2_block-03_4ROI.mat,OK,
sub-10,run_1,ALL,166,work/glm_cropped/sub-10/GLM_run_1_ALL/DCM_sub-10_GLM_run_1_ALL_4ROI.mat,OK,
sub-10,run_1,block-01,51,work/glm_cropped/sub-10/GLM_run_1_block-01/DCM_sub-10_GLM_run_1_block-01_4ROI.mat,OK,
sub-10,run_1,block-02,51,work/glm_cropped/sub-10/GLM_run_1_block-02/DCM_sub-10_GLM_run_1_block-02_4ROI.mat,OK,
sub-10,run_1,block-03,51,work/glm_cropped/sub-10/GLM_run_1_block-03/DCM_sub-10_GLM_run_1_block-03_4ROI.mat,OK,
sub-10,run_2,ALL,166,work/glm_cropped/sub-10/GLM_run_2_ALL/DCM_sub-10_GLM_run_2_ALL_4ROI.mat,OK,
sub-10,run_2,block-01,51,work/glm_cropped/sub-10/GLM_run_2_block-01/DCM_sub-10_GLM_run_2_block-01_4ROI.mat,OK,
sub-10,run_2,block-02,50,work/glm_cropped/sub-10/GLM_run_2_block-02/DCM_sub-10_GLM_run_2_block-02_4ROI.mat,OK,
sub-10,run_2,block-03,50,work/glm_cropped/sub-10/GLM_run_2_block-03/DCM_sub-10_GLM_run_2_block-03_4ROI.mat,OK,
sub-11,run_1,ALL,166,work/glm_cropped/sub-11/GLM_run_1_ALL/DCM_sub-11_GLM_run_1_ALL_4ROI.mat,OK,
sub-11,run_1,block-01,49,work/glm_cropped/sub-11/GLM_run_1_block-01/DCM_sub-11_GLM_run_1_block-01_4ROI.mat,OK,
sub-11,run_1,block-02,49,work/glm_cropped/sub-11/GLM_run_1_block-02/DCM_sub-11_GLM_run_1_block-02_4ROI.mat,OK,
sub-11,run_1,block-03,49,work/glm_cropped/sub-11/GLM_run_1_block-03/DCM_sub-11_GLM_run_1_block-03_4ROI.mat,OK,
sub-11,run_2,ALL,166,work/glm_cropped/sub-11/GLM_run_2_ALL/DCM_sub-11_GLM_run_2_ALL_4ROI.mat,OK,
sub-11,run_2,block-01,49,work/glm_cropped/sub-11/GLM_run_2_block-01/DCM_sub-11_GLM_run_2_block-01_4ROI.mat,OK,
sub-11,run_2,block-02,49,work/glm_cropped/sub-11/GLM_run_2_block-02/DCM_sub-11_GLM_run_2_block-02_4ROI.mat,OK,
sub-11,run_2,block-03,49,work/glm_cropped/sub-11/GLM_run_2_block-03/DCM_sub-11_GLM_run_2_block-03_4ROI.mat,OK,
sub-12,run_1,ALL,165,work/glm_cropped/sub-12/GLM_run_1_ALL/DCM_sub-12_GLM_run_1_ALL_4ROI.mat,OK,
sub-12,run_1,block-01,49,work/glm_cropped/sub-12/GLM_run_1_block-01/DCM_sub-12_GLM_run_1_block-01_4ROI.mat,OK,
sub-12,run_1,block-02,49,work/glm_cropped/sub-12/GLM_run_1_block-02/DCM_sub-12_GLM_run_1_block-02_4ROI.mat,OK,
sub-12,run_1,block-03,49,work/glm_cropped/sub-12/GLM_run_1_block-03/DCM_sub-12_GLM_run_1_block-03_4ROI.mat,OK,
sub-12,run_2,ALL,166,work/glm_cropped/sub-12/GLM_run_2_ALL/DCM_sub-12_GLM_run_2_ALL_4ROI.mat,OK,
sub-12,run_2,block-01,49,work/glm_cropped/sub-12/GLM_run_2_block-01/DCM_sub-12_GLM_run_2_block-01_4ROI.mat,OK,
sub-12,run_2,block-02,49,work/glm_cropped/sub-12/GLM_run_2_block-02/DCM_sub-12_GLM_run_2_block-02_4ROI.mat,OK,
sub-12,run_2,block-03,49,work/glm_cropped/sub-12/GLM_run_2_block-03/DCM_sub-12_GLM_run_2_block-03_4ROI.mat,OK,
sub-14,run_1,ALL,166,work/glm_cropped/sub-14/GLM_run_1_ALL/DCM_sub-14_GLM_run_1_ALL_4ROI.mat,OK,
sub-14,run_1,block-01,49,work/glm_cropped/sub-14/GLM_run_1_block-01/DCM_sub-14_GLM_run_1_block-01_4ROI.mat,OK,
sub-14,run_1,block-02,49,work/glm_cropped/sub-14/GLM_run_1_block-02/DCM_sub-14_GLM_run_1_block-02_4ROI.mat,OK,
sub-14,run_1,block-03,49,work/glm_cropped/sub-14/GLM_run_1_block-03/DCM_sub-14_GLM_run_1_block-03_4ROI.mat,OK,
sub-14,run_2,ALL,165,work/glm_cropped/sub-14/GLM_run_2_ALL/DCM_sub-14_GLM_run_2_ALL_4ROI.mat,OK,
sub-14,run_2,block-01,49,work/glm_cropped/sub-14/GLM_run_2_block-01/DCM_sub-14_GLM_run_2_block-01_4ROI.mat,OK,
sub-14,run_2,block-02,49,work/glm_cropped/sub-14/GLM_run_2_block-02/DCM_sub-14_GLM_run_2_block-02_4ROI.mat,OK,
sub-14,run_2,block-03,49,work/glm_cropped/sub-14/GLM_run_2_block-03/DCM_sub-14_GLM_run_2_block-03_4ROI.mat,OK,
sub-15,run_1,ALL,165,work/glm_cropped/sub-15/GLM_run_1_ALL/DCM_sub-15_GLM_run_1_ALL_4ROI.mat,OK,
sub-15,run_1,block-01,49,work/glm_cropped/sub-15/GLM_run_1_block-01/DCM_sub-15_GLM_run_1_block-01_4ROI.mat,OK,
sub-15,run_1,block-02,49,work/glm_cropped/sub-15/GLM_run_1_block-02/DCM_sub-15_GLM_run_1_block-02_4ROI.mat,OK,
sub-15,run_1,block-03,49,work/glm_cropped/sub-15/GLM_run_1_block-03/DCM_sub-15_GLM_run_1_block-03_4ROI.mat,OK,
sub-15,run_2,ALL,166,work/glm_cropped/sub-15/GLM_run_2_ALL/DCM_sub-15_GLM_run_2_ALL_4ROI.mat,OK,
sub-15,run_2,block-01,49,work/glm_cropped/sub-15/GLM_run_2_block-01/DCM_sub-15_GLM_run_2_block-01_4ROI.mat,OK,
sub-15,run_2,block-02,49,work/glm_cropped/sub-15/GLM_run_2_block-02/DCM_sub-15_GLM_run_2_block-02_4ROI.mat,OK,
sub-15,run_2,block-03,49,work/glm_cropped/sub-15/GLM_run_2_block-03/DCM_sub-15_GLM_run_2_block-03_4ROI.mat,OK,
sub-16,run_1,ALL,165,work/glm_cropped/sub-16/GLM_run_1_ALL/DCM_sub-16_GLM_run_1_ALL_4ROI.mat,OK,
sub-16,run_1,block-01,51,work/glm_cropped/sub-16/GLM_run_1_block-01/DCM_sub-16_GLM_run_1_block-01_4ROI.mat,OK,
sub-16,run_1,block-02,50,work/glm_cropped/sub-16/GLM_run_1_block-02/DCM_sub-16_GLM_run_1_block-02_4ROI.mat,OK,
sub-16,run_1,block-03,50,work/glm_cropped/sub-16/GLM_run_1_block-03/DCM_sub-16_GLM_run_1_block-03_4ROI.mat,OK,
sub-16,run_2,ALL,166,work/glm_cropped/sub-16/GLM_run_2_ALL/DCM_sub-16_GLM_run_2_ALL_4ROI.mat,OK,
sub-16,run_2,block-01,51,work/glm_cropped/sub-16/GLM_run_2_block-01/DCM_sub-16_GLM_run_2_block-01_4ROI.mat,OK,
sub-16,run_2,block-02,50,work/glm_cropped/sub-16/GLM_run_2_block-02/DCM_sub-16_GLM_run_2_block-02_4ROI.mat,OK,
sub-16,run_2,block-03,50,work/glm_cropped/sub-16/GLM_run_2_block-03/DCM_sub-16_GLM_run_2_block-03_4ROI.mat,OK,
sub-17,run_1,ALL,165,work/glm_cropped/sub-17/GLM_run_1_ALL/DCM_sub-17_GLM_run_1_ALL_4ROI.mat,OK,
sub-17,run_1,block-01,49,work/glm_cropped/sub-17/GLM_run_1_block-01/DCM_sub-17_GLM_run_1_block-01_4ROI.mat,OK,
sub-17,run_1,block-02,49,work/glm_cropped/sub-17/GLM_run_1_block-02/DCM_sub-17_GLM_run_1_block-02_4ROI.mat,OK,
sub-17,run_1,block-03,49,work/glm_cropped/sub-17/GLM_run_1_block-03/DCM_sub-17_GLM_run_1_block-03_4ROI.mat,OK,
sub-17,run_2,ALL,166,work/glm_cropped/sub-17/GLM_run_2_ALL/DCM_sub-17_GLM_run_2_ALL_4ROI.mat,OK,
sub-17,run_2,block-01,49,work/glm_cropped/sub-17/GLM_run_2_block-01/DCM_sub-17_GLM_run_2_block-01_4ROI.mat,OK,
sub-17,run_2,block-02,49,work/glm_cropped/sub-17/GLM_run_2_block-02/DCM_sub-17_GLM_run_2_block-02_4ROI.mat,OK,
sub-17,run_2,block-03,49,work/glm_cropped/sub-17/GLM_run_2_block-03/DCM_sub-17_GLM_run_2_block-03_4ROI.mat,OK,
sub-19,run_1,ALL,165,work/glm_cropped/sub-19/GLM_run_1_ALL/DCM_sub-19_GLM_run_1_ALL_4ROI.mat,OK,
sub-19,run_1,block-01,49,work/glm_cropped/sub-19/GLM_run_1_block-01/DCM_sub-19_GLM_run_1_block-01_4ROI.mat,OK,
sub-19,run_1,block-02,49,work/glm_cropped/sub-19/GLM_run_1_block-02/DCM_sub-19_GLM_run_1_block-02_4ROI.mat,OK,
sub-19,run_1,block-03,49,work/glm_cropped/sub-19/GLM_run_1_block-03/DCM_sub-19_GLM_run_1_block-03_4ROI.mat,OK,
sub-19,run_2,ALL,166,work/glm_cropped/sub-19/GLM_run_2_ALL/DCM_sub-19_GLM_run_2_ALL_4ROI.mat,OK,
sub-19,run_2,block-01,49,work/glm_cropped/sub-19/GLM_run_2_block-01/DCM_sub-19_GLM_run_2_block-01_4ROI.mat,OK,
sub-19,run_2,block-02,49,work/glm_cropped/sub-19/GLM_run_2_block-02/DCM_sub-19_GLM_run_2_block-02_4ROI.mat,OK,
sub-19,run_2,block-03,49,work/glm_cropped/sub-19/GLM_run_2_block-03/DCM_sub-19_GLM_run_2_block-03_4ROI.mat,OK,
sub-20,run_1,ALL,165,work/glm_cropped/sub-20/GLM_run_1_ALL/DCM_sub-20_GLM_run_1_ALL_4ROI.mat,OK,
sub-20,run_1,block-01,49,work/glm_cropped/sub-20/GLM_run_1_block-01/DCM_sub-20_GLM_run_1_block-01_4ROI.mat,OK,
sub-20,run_1,block-02,49,work/glm_cropped/sub-20/GLM_run_1_block-02/DCM_sub-20_GLM_run_1_block-02_4ROI.mat,OK,
sub-20,run_1,block-03,49,work/glm_cropped/sub-20/GLM_run_1_block-03/DCM_sub-20_GLM_run_1_block-03_4ROI.mat,OK,
sub-20,run_2,ALL,166,work/glm_cropped/sub-20/GLM_run_2_ALL/DCM_sub-20_GLM_run_2_ALL_4ROI.mat,OK,
sub-20,run_2,block-01,49,work/glm_cropped/sub-20/GLM_run_2_block-01/DCM_sub-20_GLM_run_2_block-01_4ROI.mat,OK,
sub-20,run_2,block-02,49,work/glm_cropped/sub-20/GLM_run_2_block-02/DCM_sub-20_GLM_run_2_block-02_4ROI.mat,OK,
sub-20,run_2,block-03,49,work/glm_cropped/sub-20/GLM_run_2_block-03/DCM_sub-20_GLM_run_2_block-03_4ROI.mat,OK,
sub-21,run_1,ALL,165,work/glm_cropped/sub-21/GLM_run_1_ALL/DCM_sub-21_GLM_run_1_ALL_4ROI.mat,OK,
sub-21,run_1,block-01,49,work/glm_cropped/sub-21/GLM_run_1_block-01/DCM_sub-21_GLM_run_1_block-01_4ROI.mat,OK,
sub-21,run_1,block-02,49,work/glm_cropped/sub-21/GLM_run_1_block-02/DCM_sub-21_GLM_run_1_block-02_4ROI.mat,OK,
sub-21,run_1,block-03,49,work/glm_cropped/sub-21/GLM_run_1_block-03/DCM_sub-21_GLM_run_1_block-03_4ROI.mat,OK,
sub-21,run_2,ALL,166,work/glm_cropped/sub-21/GLM_run_2_ALL/DCM_sub-21_GLM_run_2_ALL_4ROI.mat,OK,
sub-21,run_2,block-01,49,work/glm_cropped/sub-21/GLM_run_2_block-01/DCM_sub-21_GLM_run_2_block-01_4ROI.mat,OK,
sub-21,run_2,block-02,49,work/glm_cropped/sub-21/GLM_run_2_block-02/DCM_sub-21_GLM_run_2_block-02_4ROI.mat,OK,
sub-21,run_2,block-03,49,work/glm_cropped/sub-21/GLM_run_2_block-03/DCM_sub-21_GLM_run_2_block-03_4ROI.mat,OK,
sub-22,run_1,ALL,165,work/glm_cropped/sub-22/GLM_run_1_ALL/DCM_sub-22_GLM_run_1_ALL_4ROI.mat,OK,
sub-22,run_1,block-01,49,work/glm_cropped/sub-22/GLM_run_1_block-01/DCM_sub-22_GLM_run_1_block-01_4ROI.mat,OK,
sub-22,run_1,block-02,49,work/glm_cropped/sub-22/GLM_run_1_block-02/DCM_sub-22_GLM_run_1_block-02_4ROI.mat,OK,
sub-22,run_1,block-03,49,work/glm_cropped/sub-22/GLM_run_1_block-03/DCM_sub-22_GLM_run_1_block-03_4ROI.mat,OK,
sub-22,run_2,ALL,166,work/glm_cropped/sub-22/GLM_run_2_ALL/DCM_sub-22_GLM_run_2_ALL_4ROI.mat,OK,
sub-22,run_2,block-01,49,work/glm_cropped/sub-22/GLM_run_2_block-01/DCM_sub-22_GLM_run_2_block-01_4ROI.mat,OK,
sub-22,run_2,block-02,49,work/glm_cropped/sub-22/GLM_run_2_block-02/DCM_sub-22_GLM_run_2_block-02_4ROI.mat,OK,
sub-22,run_2,block-03,49,work/glm_cropped/sub-22/GLM_run_2_block-03/DCM_sub-22_GLM_run_2_block-03_4ROI.mat,OK,
sub-23,run_1,ALL,165,work/glm_cropped/sub-23/GLM_run_1_ALL/DCM_sub-23_GLM_run_1_ALL_4ROI.mat,OK,
sub-23,run_1,block-01,50,work/glm_cropped/sub-23/GLM_run_1_block-01/DCM_sub-23_GLM_run_1_block-01_4ROI.mat,OK,
sub-23,run_1,block-02,50,work/glm_cropped/sub-23/GLM_run_1_block-02/DCM_sub-23_GLM_run_1_block-02_4ROI.mat,OK,
sub-23,run_1,block-03,51,work/glm_cropped/sub-23/GLM_run_1_block-03/DCM_sub-23_GLM_run_1_block-03_4ROI.mat,OK,
sub-23,run_2,ALL,166,work/glm_cropped/sub-23/GLM_run_2_ALL/DCM_sub-23_GLM_run_2_ALL_4ROI.mat,OK,
sub-23,run_2,block-01,51,work/glm_cropped/sub-23/GLM_run_2_block-01/DCM_sub-23_GLM_run_2_block-01_4ROI.mat,OK,
sub-23,run_2,block-02,50,work/glm_cropped/sub-23/GLM_run_2_block-02/DCM_sub-23_GLM_run_2_block-02_4ROI.mat,OK,
sub-23,run_2,block-03,50,work/glm_cropped/sub-23/GLM_run_2_block-03/DCM_sub-23_GLM_run_2_block-03_4ROI.mat,OK,
sub-24,run_1,ALL,165,work/glm_cropped/sub-24/GLM_run_1_ALL/DCM_sub-24_GLM_run_1_ALL_4ROI.mat,OK,
sub-24,run_1,block-01,51,work/glm_cropped/sub-24/GLM_run_1_block-01/DCM_sub-24_GLM_run_1_block-01_4ROI.mat,OK,
sub-24,run_1,block-02,50,work/glm_cropped/sub-24/GLM_run_1_block-02/DCM_sub-24_GLM_run_1_block-02_4ROI.mat,OK,
sub-24,run_1,block-03,51,work/glm_cropped/sub-24/GLM_run_1_block-03/DCM_sub-24_GLM_run_1_block-03_4ROI.mat,OK,
sub-24,run_2,ALL,166,work/glm_cropped/sub-24/GLM_run_2_ALL/DCM_sub-24_GLM_run_2_ALL_4ROI.mat,OK,
sub-24,run_2,block-01,50,work/glm_cropped/sub-24/GLM_run_2_block-01/DCM_sub-24_GLM_run_2_block-01_4ROI.mat,OK,
sub-24,run_2,block-02,50,work/glm_cropped/sub-24/GLM_run_2_block-02/DCM_sub-24_GLM_run_2_block-02_4ROI.mat,OK,
sub-24,run_2,block-03,49,work/glm_cropped/sub-24/GLM_run_2_block-03/DCM_sub-24_GLM_run_2_block-03_4ROI.mat,OK,
sub-25,run_1,ALL,165,work/glm_cropped/sub-25/GLM_run_1_ALL/DCM_sub-25_GLM_run_1_ALL_4ROI.mat,OK,
sub-25,run_1,block-01,51,work/glm_cropped/sub-25/GLM_run_1_block-01/DCM_sub-25_GLM_run_1_block-01_4ROI.mat,OK,
sub-25,run_1,block-02,50,work/glm_cropped/sub-25/GLM_run_1_block-02/DCM_sub-25_GLM_run_1_block-02_4ROI.mat,OK,
sub-25,run_1,block-03,51,work/glm_cropped/sub-25/GLM_run_1_block-03/DCM_sub-25_GLM_run_1_block-03_4ROI.mat,OK,
sub-25,run_2,ALL,166,work/glm_cropped/sub-25/GLM_run_2_ALL/DCM_sub-25_GLM_run_2_ALL_4ROI.mat,OK,
sub-25,run_2,block-01,50,work/glm_cropped/sub-25/GLM_run_2_block-01/DCM_sub-25_GLM_run_2_block-01_4ROI.mat,OK,
sub-25,run_2,block-02,50,work/glm_cropped/sub-25/GLM_run_2_block-02/DCM_sub-25_GLM_run_2_block-02_4ROI.mat,OK,
sub-25,run_2,block-03,49,work/glm_cropped/sub-25/GLM_run_2_block-03/DCM_sub-25_GLM_run_2_block-03_4ROI.mat,OK,
sub-26,run_1,ALL,165,work/glm_cropped/sub-26/GLM_run_1_ALL/DCM_sub-26_GLM_run_1_ALL_4ROI.mat,OK,
sub-26,run_1,block-01,51,work/glm_cropped/sub-26/GLM_run_1_block-01/DCM_sub-26_GLM_run_1_block-01_4ROI.mat,OK,
sub-26,run_1,block-02,50,work/glm_cropped/sub-26/GLM_run_1_block-02/DCM_sub-26_GLM_run_1_block-02_4ROI.mat,OK,
sub-26,run_1,block-03,51,work/glm_cropped/sub-26/GLM_run_1_block-03/DCM_sub-26_GLM_run_1_block-03_4ROI.mat,OK,
sub-26,run_2,ALL,166,work/glm_cropped/sub-26/GLM_run_2_ALL/DCM_sub-26_GLM_run_2_ALL_4ROI.mat,OK,
sub-26,run_2,block-01,50,work/glm_cropped/sub-26/GLM_run_2_block-01/DCM_sub-26_GLM_run_2_block-01_4ROI.mat,OK,
sub-26,run_2,block-02,50,work/glm_cropped/sub-26/GLM_run_2_block-02/DCM_sub-26_GLM_run_2_block-02_4ROI.mat,OK,
sub-26,run_2,block-03,49,work/glm_cropped/sub-26/GLM_run_2_block-03/DCM_sub-26_GLM_run_2_block-03_4ROI.mat,OK,
sub-27,run_1,ALL,166,work/glm_cropped/sub-27/GLM_run_1_ALL/DCM_sub-27_GLM_run_1_ALL_4ROI.mat,OK,
sub-27,run_1,block-01,50,work/glm_cropped/sub-27/GLM_run_1_block-01/DCM_sub-27_GLM_run_1_block-01_4ROI.mat,OK,
sub-27,run_1,block-02,50,work/glm_cropped/sub-27/GLM_run_1_block-02/DCM_sub-27_GLM_run_1_block-02_4ROI.mat,OK,
sub-27,run_1,block-03,50,work/glm_cropped/sub-27/GLM_run_1_block-03/DCM_sub-27_GLM_run_1_block-03_4ROI.mat,OK,
sub-27,run_2,ALL,165,work/glm_cropped/sub-27/GLM_run_2_ALL/DCM_sub-27_GLM_run_2_ALL_4ROI.mat,OK,
sub-27,run_2,block-01,51,work/glm_cropped/sub-27/GLM_run_2_block-01/DCM_sub-27_GLM_run_2_block-01_4ROI.mat,OK,
sub-27,run_2,block-02,50,work/glm_cropped/sub-27/GLM_run_2_block-02/DCM_sub-27_GLM_run_2_block-02_4ROI.mat,OK,
sub-27,run_2,block-03,50,work/glm_cropped/sub-27/GLM_run_2_block-03/DCM_sub-27_GLM_run_2_block-03_4ROI.mat,OK,
sub-28,run_1,ALL,165,work/glm_cropped/sub-28/GLM_run_1_ALL/DCM_sub-28_GLM_run_1_ALL_4ROI.mat,OK,
sub-28,run_1,block-01,51,work/glm_cropped/sub-28/GLM_run_1_block-01/DCM_sub-28_GLM_run_1_block-01_4ROI.mat,OK,
sub-28,run_1,block-02,50,work/glm_cropped/sub-28/GLM_run_1_block-02/DCM_sub-28_GLM_run_1_block-02_4ROI.mat,OK,
sub-28,run_1,block-03,51,work/glm_cropped/sub-28/GLM_run_1_block-03/DCM_sub-28_GLM_run_1_block-03_4ROI.mat,OK,
sub-28,run_2,ALL,166,work/glm_cropped/sub-28/GLM_run_2_ALL/DCM_sub-28_GLM_run_2_ALL_4ROI.mat,OK,
sub-28,run_2,block-01,50,work/glm_cropped/sub-28/GLM_run_2_block-01/DCM_sub-28_GLM_run_2_block-01_4ROI.mat,OK,
sub-28,run_2,block-02,50,work/glm_cropped/sub-28/GLM_run_2_block-02/DCM_sub-28_GLM_run_2_block-02_4ROI.mat,OK,
sub-28,run_2,block-03,49,work/glm_cropped/sub-28/GLM_run_2_block-03/DCM_sub-28_GLM_run_2_block-03_4ROI.mat,OK,
sub-29,run_1,ALL,166,work/glm_cropped/sub-29/GLM_run_1_ALL/DCM_sub-29_GLM_run_1_ALL_4ROI.mat,OK,
sub-29,run_1,block-01,49,work/glm_cropped/sub-29/GLM_run_1_block-01/DCM_sub-29_GLM_run_1_block-01_4ROI.mat,OK,
sub-29,run_1,block-02,49,work/glm_cropped/sub-29/GLM_run_1_block-02/DCM_sub-29_GLM_run_1_block-02_4ROI.mat,OK,
sub-29,run_1,block-03,49,work/glm_cropped/sub-29/GLM_run_1_block-03/DCM_sub-29_GLM_run_1_block-03_4ROI.mat,OK,
sub-29,run_2,ALL,165,work/glm_cropped/sub-29/GLM_run_2_ALL/DCM_sub-29_GLM_run_2_ALL_4ROI.mat,OK,
sub-29,run_2,block-01,49,work/glm_cropped/sub-29/GLM_run_2_block-01/DCM_sub-29_GLM_run_2_block-01_4ROI.mat,OK,
sub-29,run_2,block-02,49,work/glm_cropped/sub-29/GLM_run_2_block-02/DCM_sub-29_GLM_run_2_block-02_4ROI.mat,OK,
sub-29,run_2,block-03,49,work/glm_cropped/sub-29/GLM_run_2_block-03/DCM_sub-29_GLM_run_2_block-03_4ROI.mat,OK,
sub-30,run_1,ALL,165,work/glm_cropped/sub-30/GLM_run_1_ALL/DCM_sub-30_GLM_run_1_ALL_4ROI.mat,OK,
sub-30,run_1,block-01,49,work/glm_cropped/sub-30/GLM_run_1_block-01/DCM_sub-30_GLM_run_1_block-01_4ROI.mat,OK,
sub-30,run_1,block-02,49,work/glm_cropped/sub-30/GLM_run_1_block-02/DCM_sub-30_GLM_run_1_block-02_4ROI.mat,OK,
sub-30,run_1,block-03,49,work/glm_cropped/sub-30/GLM_run_1_block-03/DCM_sub-30_GLM_run_1_block-03_4ROI.mat,OK,
sub-30,run_2,ALL,166,work/glm_cropped/sub-30/GLM_run_2_ALL/DCM_sub-30_GLM_run_2_ALL_4ROI.mat,OK,
sub-30,run_2,block-01,49,work/glm_cropped/sub-30/GLM_run_2_block-01/DCM_sub-30_GLM_run_2_block-01_4ROI.mat,OK,
sub-30,run_2,block-02,49,work/glm_cropped/sub-30/GLM_run_2_block-02/DCM_sub-30_GLM_run_2_block-02_4ROI.mat,OK,
sub-30,run_2,block-03,49,work/glm_cropped/sub-30/GLM_run_2_block-03/DCM_sub-30_GLM_run_2_block-03_4ROI.mat,OK,
sub-31,run_1,ALL,166,work/glm_cropped/sub-31/GLM_run_1_ALL/DCM_sub-31_GLM_run_1_ALL_4ROI.mat,OK,
sub-31,run_1,block-01,49,work/glm_cropped/sub-31/GLM_run_1_block-01/DCM_sub-31_GLM_run_1_block-01_4ROI.mat,OK,
sub-31,run_1,block-02,49,work/glm_cropped/sub-31/GLM_run_1_block-02/DCM_sub-31_GLM_run_1_block-02_4ROI.mat,OK,
sub-31,run_1,block-03,49,work/glm_cropped/sub-31/GLM_run_1_block-03/DCM_sub-31_GLM_run_1_block-03_4ROI.mat,OK,
sub-31,run_2,ALL,165,work/glm_cropped/sub-31/GLM_run_2_ALL/DCM_sub-31_GLM_run_2_ALL_4ROI.mat,OK,
sub-31,run_2,block-01,49,work/glm_cropped/sub-31/GLM_run_2_block-01/DCM_sub-31_GLM_run_2_block-01_4ROI.mat,OK,
sub-31,run_2,block-02,49,work/glm_cropped/sub-31/GLM_run_2_block-02/DCM_sub-31_GLM_run_2_block-02_4ROI.mat,OK,
sub-31,run_2,block-03,49,work/glm_cropped/sub-31/GLM_run_2_block-03/DCM_sub-31_GLM_run_2_block-03_4ROI.mat,OK,
sub-32,run_1,ALL,166,work/glm_cropped/sub-32/GLM_run_1_ALL/DCM_sub-32_GLM_run_1_ALL_4ROI.mat,OK,
sub-32,run_1,block-01,49,work/glm_cropped/sub-32/GLM_run_1_block-01/DCM_sub-32_GLM_run_1_block-01_4ROI.mat,OK,
sub-32,run_1,block-02,49,work/glm_cropped/sub-32/GLM_run_1_block-02/DCM_sub-32_GLM_run_1_block-02_4ROI.mat,OK,
sub-32,run_1,block-03,49,work/glm_cropped/sub-32/GLM_run_1_block-03/DCM_sub-32_GLM_run_1_block-03_4ROI.mat,OK,
sub-32,run_2,ALL,165,work/glm_cropped/sub-32/GLM_run_2_ALL/DCM_sub-32_GLM_run_2_ALL_4ROI.mat,OK,
sub-32,run_2,block-01,49,work/glm_cropped/sub-32/GLM_run_2_block-01/DCM_sub-32_GLM_run_2_block-01_4ROI.mat,OK,
sub-32,run_2,block-02,49,work/glm_cropped/sub-32/GLM_run_2_block-02/DCM_sub-32_GLM_run_2_block-02_4ROI.mat,OK,
sub-32,run_2,block-03,49,work/glm_cropped/sub-32/GLM_run_2_block-03/DCM_sub-32_GLM_run_2_block-03_4ROI.mat,OK,
sub-33,run_1,ALL,165,work/glm_cropped/sub-33/GLM_run_1_ALL/DCM_sub-33_GLM_run_1_ALL_4ROI.mat,OK,
sub-33,run_1,block-01,49,work/glm_cropped/sub-33/GLM_run_1_block-01/DCM_sub-33_GLM_run_1_block-01_4ROI.mat,OK,
sub-33,run_1,block-02,49,work/glm_cropped/sub-33/GLM_run_1_block-02/DCM_sub-33_GLM_run_1_block-02_4ROI.mat,OK,
sub-33,run_1,block-03,49,work/glm_cropped/sub-33/GLM_run_1_block-03/DCM_sub-33_GLM_run_1_block-03_4ROI.mat,OK,
sub-33,run_2,ALL,166,work/glm_cropped/sub-33/GLM_run_2_ALL/DCM_sub-33_GLM_run_2_ALL_4ROI.mat,OK,
sub-33,run_2,block-01,49,work/glm_cropped/sub-33/GLM_run_2_block-01/DCM_sub-33_GLM_run_2_block-01_4ROI.mat,OK,
sub-33,run_2,block-02,49,work/glm_cropped/sub-33/GLM_run_2_block-02/DCM_sub-33_GLM_run_2_block-02_4ROI.mat,OK,
sub-33,run_2,block-03,49,work/glm_cropped/sub-33/GLM_run_2_block-03/DCM_sub-33_GLM_run_2_block-03_4ROI.mat,OK,
sub-34,run_1,ALL,166,work/glm_cropped/sub-34/GLM_run_1_ALL/DCM_sub-34_GLM_run_1_ALL_4ROI.mat,OK,
sub-34,run_1,block-01,49,work/glm_cropped/sub-34/GLM_run_1_block-01/DCM_sub-34_GLM_run_1_block-01_4ROI.mat,OK,
sub-34,run_1,block-02,49,work/glm_cropped/sub-34/GLM_run_1_block-02/DCM_sub-34_GLM_run_1_block-02_4ROI.mat,OK,
sub-34,run_1,block-03,49,work/glm_cropped/sub-34/GLM_run_1_block-03/DCM_sub-34_GLM_run_1_block-03_4ROI.mat,OK,
sub-34,run_2,ALL,165,work/glm_cropped/sub-34/GLM_run_2_ALL/DCM_sub-34_GLM_run_2_ALL_4ROI.mat,OK,
sub-34,run_2,block-01,49,work/glm_cropped/sub-34/GLM_run_2_block-01/DCM_sub-34_GLM_run_2_block-01_4ROI.mat,OK,
sub-34,run_2,block-02,49,work/glm_cropped/sub-34/GLM_run_2_block-02/DCM_sub-34_GLM_run_2_block-02_4ROI.mat,OK,
sub-34,run_2,block-03,49,work/glm_cropped/sub-34/GLM_run_2_block-03/DCM_sub-34_GLM_run_2_block-03_4ROI.mat,OK,
sub-35,run_1,ALL,165,work/glm_cropped/sub-35/GLM_run_1_ALL/DCM_sub-35_GLM_run_1_ALL_4ROI.mat,OK,
sub-35,run_1,block-01,51,work/glm_cropped/sub-35/GLM_run_1_block-01/DCM_sub-35_GLM_run_1_block-01_4ROI.mat,OK,
sub-35,run_1,block-02,50,work/glm_cropped/sub-35/GLM_run_1_block-02/DCM_sub-35_GLM_run_1_block-02_4ROI.mat,OK,
sub-35,run_1,block-03,51,work/glm_cropped/sub-35/GLM_run_1_block-03/DCM_sub-35_GLM_run_1_block-03_4ROI.mat,OK,
sub-35,run_2,ALL,166,work/glm_cropped/sub-35/GLM_run_2_ALL/DCM_sub-35_GLM_run_2_ALL_4ROI.mat,OK,
sub-35,run_2,block-01,50,work/glm_cropped/sub-35/GLM_run_2_block-01/DCM_sub-35_GLM_run_2_block-01_4ROI.mat,OK,
sub-35,run_2,block-02,50,work/glm_cropped/sub-35/GLM_run_2_block-02/DCM_sub-35_GLM_run_2_block-02_4ROI.mat,OK,
sub-35,run_2,block-03,49,work/glm_cropped/sub-35/GLM_run_2_block-03/DCM_sub-35_GLM_run_2_block-03_4ROI.mat,OK,
sub-36,run_1,ALL,165,work/glm_cropped/sub-36/GLM_run_1_ALL/DCM_sub-36_GLM_run_1_ALL_4ROI.mat,OK,
sub-36,run_1,block-01,49,work/glm_cropped/sub-36/GLM_run_1_block-01/DCM_sub-36_GLM_run_1_block-01_4ROI.mat,OK,
sub-36,run_1,block-02,49,work/glm_cropped/sub-36/GLM_run_1_block-02/DCM_sub-36_GLM_run_1_block-02_4ROI.mat,OK,
sub-36,run_1,block-03,49,work/glm_cropped/sub-36/GLM_run_1_block-03/DCM_sub-36_GLM_run_1_block-03_4ROI.mat,OK,
sub-36,run_2,ALL,166,work/glm_cropped/sub-36/GLM_run_2_ALL/DCM_sub-36_GLM_run_2_ALL_4ROI.mat,OK,
sub-36,run_2,block-01,49,work/glm_cropped/sub-36/GLM_run_2_block-01/DCM_sub-36_GLM_run_2_block-01_4ROI.mat,OK,
sub-36,run_2,block-02,49,work/glm_cropped/sub-36/GLM_run_2_block-02/DCM_sub-36_GLM_run_2_block-02_4ROI.mat,OK,
sub-36,run_2,block-03,49,work/glm_cropped/sub-36/GLM_run_2_block-03/DCM_sub-36_GLM_run_2_block-03_4ROI.mat,OK,
sub-37,run_1,ALL,166,work/glm_cropped/sub-37/GLM_run_1_ALL/DCM_sub-37_GLM_run_1_ALL_4ROI.mat,OK,
sub-37,run_1,block-01,49,work/glm_cropped/sub-37/GLM_run_1_block-01/DCM_sub-37_GLM_run_1_block-01_4ROI.mat,OK,
sub-37,run_1,block-02,49,work/glm_cropped/sub-37/GLM_run_1_block-02/DCM_sub-37_GLM_run_1_block-02_4ROI.mat,OK,
sub-37,run_1,block-03,49,work/glm_cropped/sub-37/GLM_run_1_block-03/DCM_sub-37_GLM_run_1_block-03_4ROI.mat,OK,
sub-37,run_2,ALL,165,work/glm_cropped/sub-37/GLM_run_2_ALL/DCM_sub-37_GLM_run_2_ALL_4ROI.mat,OK,
sub-37,run_2,block-01,49,work/glm_cropped/sub-37/GLM_run_2_block-01/DCM_sub-37_GLM_run_2_block-01_4ROI.mat,OK,
sub-37,run_2,block-02,49,work/glm_cropped/sub-37/GLM_run_2_block-02/DCM_sub-37_GLM_run_2_block-02_4ROI.mat,OK,
sub-37,run_2,block-03,49,work/glm_cropped/sub-37/GLM_run_2_block-03/DCM_sub-37_GLM_run_2_block-03_4ROI.mat,OK,
sub-38,run_1,ALL,165,work/glm_cropped/sub-38/GLM_run_1_ALL/DCM_sub-38_GLM_run_1_ALL_4ROI.mat,OK,
sub-38,run_1,block-01,49,work/glm_cropped/sub-38/GLM_run_1_block-01/DCM_sub-38_GLM_run_1_block-01_4ROI.mat,OK,
sub-38,run_1,block-02,49,work/glm_cropped/sub-38/GLM_run_1_block-02/DCM_sub-38_GLM_run_1_block-02_4ROI.mat,OK,
sub-38,run_1,block-03,49,work/glm_cropped/sub-38/GLM_run_1_block-03/DCM_sub-38_GLM_run_1_block-03_4ROI.mat,OK,
sub-38,run_2,ALL,165,work/glm_cropped/sub-38/GLM_run_2_ALL/DCM_sub-38_GLM_run_2_ALL_4ROI.mat,OK,
sub-38,run_2,block-01,49,work/glm_cropped/sub-38/GLM_run_2_block-01/DCM_sub-38_GLM_run_2_block-01_4ROI.mat,OK,
sub-38,run_2,block-02,49,work/glm_cropped/sub-38/GLM_run_2_block-02/DCM_sub-38_GLM_run_2_block-02_4ROI.mat,OK,
sub-38,run_2,block-03,49,work/glm_cropped/sub-38/GLM_run_2_block-03/DCM_sub-38_GLM_run_2_block-03_4ROI.mat,OK,
sub-39,run_1,ALL,165,work/glm_cropped/sub-39/GLM_run_1_ALL/DCM_sub-39_GLM_run_1_ALL_4ROI.mat,OK,
sub-39,run_1,block-01,49,work/glm_cropped/sub-39/GLM_run_1_block-01/DCM_sub-39_GLM_run_1_block-01_4ROI.mat,OK,
sub-39,run_1,block-02,49,work/glm_cropped/sub-39/GLM_run_1_block-02/DCM_sub-39_GLM_run_1_block-02_4ROI.mat,OK,
sub-39,run_1,block-03,49,work/glm_cropped/sub-39/GLM_run_1_block-03/DCM_sub-39_GLM_run_1_block-03_4ROI.mat,OK,
sub-39,run_2,ALL,166,work/glm_cropped/sub-39/GLM_run_2_ALL/DCM_sub-39_GLM_run_2_ALL_4ROI.mat,OK,
sub-39,run_2,block-01,49,work/glm_cropped/sub-39/GLM_run_2_block-01/DCM_sub-39_GLM_run_2_block-01_4ROI.mat,OK,
sub-39,run_2,block-02,49,work/glm_cropped/sub-39/GLM_run_2_block-02/DCM_sub-39_GLM_run_2_block-02_4ROI.mat,OK,
sub-39,run_2,block-03,49,work/glm_cropped/sub-39/GLM_run_2_block-03/DCM_sub-39_GLM_run_2_block-03_4ROI.mat,OK,
sub-40,run_1,ALL,165,work/glm_cropped/sub-40/GLM_run_1_ALL/DCM_sub-40_GLM_run_1_ALL_4ROI.mat,OK,
sub-40,run_1,block-01,49,work/glm_cropped/sub-40/GLM_run_1_block-01/DCM_sub-40_GLM_run_1_block-01_4ROI.mat,OK,
sub-40,run_1,block-02,50,work/glm_cropped/sub-40/GLM_run_1_block-02/DCM_sub-40_GLM_run_1_block-02_4ROI.mat,OK,
sub-40,run_1,block-03,51,work/glm_cropped/sub-40/GLM_run_1_block-03/DCM_sub-40_GLM_run_1_block-03_4ROI.mat,OK,
sub-40,run_2,ALL,163,work/glm_cropped/sub-40/GLM_run_2_ALL/DCM_sub-40_GLM_run_2_ALL_4ROI.mat,OK,
sub-40,run_2,block-01,50,work/glm_cropped/sub-40/GLM_run_2_block-01/DCM_sub-40_GLM_run_2_block-01_4ROI.mat,OK,
sub-40,run_2,block-02,50,work/glm_cropped/sub-40/GLM_run_2_block-02/DCM_sub-40_GLM_run_2_block-02_4ROI.mat,OK,
sub-40,run_2,block-03,49,work/glm_cropped/sub-40/GLM_run_2_block-03/DCM_sub-40_GLM_run_2_block-03_4ROI.mat,OK,
sub-42,run_1,ALL,165,work/glm_cropped/sub-42/GLM_run_1_ALL/DCM_sub-42_GLM_run_1_ALL_4ROI.mat,OK,
sub-42,run_1,block-01,50,work/glm_cropped/sub-42/GLM_run_1_block-01/DCM_sub-42_GLM_run_1_block-01_4ROI.mat,OK,
sub-42,run_1,block-02,50,work/glm_cropped/sub-42/GLM_run_1_block-02/DCM_sub-42_GLM_run_1_block-02_4ROI.mat,OK,
sub-42,run_1,block-03,50,work/glm_cropped/sub-42/GLM_run_1_block-03/DCM_sub-42_GLM_run_1_block-03_4ROI.mat,OK,
sub-42,run_2,ALL,166,work/glm_cropped/sub-42/GLM_run_2_ALL/DCM_sub-42_GLM_run_2_ALL_4ROI.mat,OK,
sub-42,run_2,block-01,51,work/glm_cropped/sub-42/GLM_run_2_block-01/DCM_sub-42_GLM_run_2_block-01_4ROI.mat,OK,
sub-42,run_2,block-02,50,work/glm_cropped/sub-42/GLM_run_2_block-02/DCM_sub-42_GLM_run_2_block-02_4ROI.mat,OK,
sub-42,run_2,block-03,50,work/glm_cropped/sub-42/GLM_run_2_block-03/DCM_sub-42_GLM_run_2_block-03_4ROI.mat,OK,
sub-44,run_1,ALL,165,work/glm_cropped/sub-44/GLM_run_1_ALL/DCM_sub-44_GLM_run_1_ALL_4ROI.mat,OK,
sub-44,run_1,block-01,49,work/glm_cropped/sub-44/GLM_run_1_block-01/DCM_sub-44_GLM_run_1_block-01_4ROI.mat,OK,
sub-44,run_1,block-02,49,work/glm_cropped/sub-44/GLM_run_1_block-02/DCM_sub-44_GLM_run_1_block-02_4ROI.mat,OK,
sub-44,run_1,block-03,49,work/glm_cropped/sub-44/GLM_run_1_block-03/DCM_sub-44_GLM_run_1_block-03_4ROI.mat,OK,
sub-44,run_2,ALL,166,work/glm_cropped/sub-44/GLM_run_2_ALL/DCM_sub-44_GLM_run_2_ALL_4ROI.mat,OK,
sub-44,run_2,block-01,49,work/glm_cropped/sub-44/GLM_run_2_block-01/DCM_sub-44_GLM_run_2_block-01_4ROI.mat,OK,
sub-44,run_2,block-02,49,work/glm_cropped/sub-44/GLM_run_2_block-02/DCM_sub-44_GLM_run_2_block-02_4ROI.mat,OK,
sub-44,run_2,block-03,49,work/glm_cropped/sub-44/GLM_run_2_block-03/DCM_sub-44_GLM_run_2_block-03_4ROI.mat,OK,
sub-45,run_1,ALL,166,work/glm_cropped/sub-45/GLM_run_1_ALL/DCM_sub-45_GLM_run_1_ALL_4ROI.mat,OK,
sub-45,run_1,block-01,49,work/glm_cropped/sub-45/GLM_run_1_block-01/DCM_sub-45_GLM_run_1_block-01_4ROI.mat,OK,
sub-45,run_1,block-02,49,work/glm_cropped/sub-45/GLM_run_1_block-02/DCM_sub-45_GLM_run_1_block-02_4ROI.mat,OK,
sub-45,run_1,block-03,49,work/glm_cropped/sub-45/GLM_run_1_block-03/DCM_sub-45_GLM_run_1_block-03_4ROI.mat,OK,
sub-45,run_2,ALL,165,work/glm_cropped/sub-45/GLM_run_2_ALL/DCM_sub-45_GLM_run_2_ALL_4ROI.mat,OK,
sub-45,run_2,block-01,49,work/glm_cropped/sub-45/GLM_run_2_block-01/DCM_sub-45_GLM_run_2_block-01_4ROI.mat,OK,
sub-45,run_2,block-02,49,work/glm_cropped/sub-45/GLM_run_2_block-02/DCM_sub-45_GLM_run_2_block-02_4ROI.mat,OK,
sub-45,run_2,block-03,49,work/glm_cropped/sub-45/GLM_run_2_block-03/DCM_sub-45_GLM_run_2_block-03_4ROI.mat,OK,
sub-46,run_1,ALL,165,work/glm_cropped/sub-46/GLM_run_1_ALL/DCM_sub-46_GLM_run_1_ALL_4ROI.mat,OK,
sub-46,run_1,block-01,49,work/glm_cropped/sub-46/GLM_run_1_block-01/DCM_sub-46_GLM_run_1_block-01_4ROI.mat,OK,
sub-46,run_1,block-02,49,work/glm_cropped/sub-46/GLM_run_1_block-02/DCM_sub-46_GLM_run_1_block-02_4ROI.mat,OK,
sub-46,run_1,block-03,49,work/glm_cropped/sub-46/GLM_run_1_block-03/DCM_sub-46_GLM_run_1_block-03_4ROI.mat,OK,
sub-46,run_2,ALL,166,work/glm_cropped/sub-46/GLM_run_2_ALL/DCM_sub-46_GLM_run_2_ALL_4ROI.mat,OK,
sub-46,run_2,block-01,49,work/glm_cropped/sub-46/GLM_run_2_block-01/DCM_sub-46_GLM_run_2_block-01_4ROI.mat,OK,
sub-46,run_2,block-02,49,work/glm_cropped/sub-46/GLM_run_2_block-02/DCM_sub-46_GLM_run_2_block-02_4ROI.mat,OK,
sub-46,run_2,block-03,49,work/glm_cropped/sub-46/GLM_run_2_block-03/DCM_sub-46_GLM_run_2_block-03_4ROI.mat,OK,
sub-47,run_1,ALL,166,work/glm_cropped/sub-47/GLM_run_1_ALL/DCM_sub-47_GLM_run_1_ALL_4ROI.mat,OK,
sub-47,run_1,block-01,50,work/glm_cropped/sub-47/GLM_run_1_block-01/DCM_sub-47_GLM_run_1_block-01_4ROI.mat,OK,
sub-47,run_1,block-02,50,work/glm_cropped/sub-47/GLM_run_1_block-02/DCM_sub-47_GLM_run_1_block-02_4ROI.mat,OK,
sub-47,run_1,block-03,50,work/glm_cropped/sub-47/GLM_run_1_block-03/DCM_sub-47_GLM_run_1_block-03_4ROI.mat,OK,
sub-47,run_2,ALL,165,work/glm_cropped/sub-47/GLM_run_2_ALL/DCM_sub-47_GLM_run_2_ALL_4ROI.mat,OK,
sub-47,run_2,block-01,51,work/glm_cropped/sub-47/GLM_run_2_block-01/DCM_sub-47_GLM_run_2_block-01_4ROI.mat,OK,
sub-47,run_2,block-02,50,work/glm_cropped/sub-47/GLM_run_2_block-02/DCM_sub-47_GLM_run_2_block-02_4ROI.mat,OK,
sub-47,run_2,block-03,50,work/glm_cropped/sub-47/GLM_run_2_block-03/DCM_sub-47_GLM_run_2_block-03_4ROI.mat,OK,
sub-48,run_1,ALL,166,work/glm_cropped/sub-48/GLM_run_1_ALL/DCM_sub-48_GLM_run_1_ALL_4ROI.mat,OK,
sub-48,run_1,block-01,50,work/glm_cropped/sub-48/GLM_run_1_block-01/DCM_sub-48_GLM_run_1_block-01_4ROI.mat,OK,
sub-48,run_1,block-02,50,work/glm_cropped/sub-48/GLM_run_1_block-02/DCM_sub-48_GLM_run_1_block-02_4ROI.mat,OK,
sub-48,run_1,block-03,50,work/glm_cropped/sub-48/GLM_run_1_block-03/DCM_sub-48_GLM_run_1_block-03_4ROI.mat,OK,
sub-48,run_2,ALL,165,work/glm_cropped/sub-48/GLM_run_2_ALL/DCM_sub-48_GLM_run_2_ALL_4ROI.mat,OK,
sub-48,run_2,block-01,51,work/glm_cropped/sub-48/GLM_run_2_block-01/DCM_sub-48_GLM_run_2_block-01_4ROI.mat,OK,
sub-48,run_2,block-02,50,work/glm_cropped/sub-48/GLM_run_2_block-02/DCM_sub-48_GLM_run_2_block-02_4ROI.mat,OK,
sub-48,run_2,block-03,50,work/glm_cropped/sub-48/GLM_run_2_block-03/DCM_sub-48_GLM_run_2_block-03_4ROI.mat,OK,
sub-49,run_1,ALL,165,work/glm_cropped/sub-49/GLM_run_1_ALL/DCM_sub-49_GLM_run_1_ALL_4ROI.mat,OK,
sub-49,run_1,block-01,50,work/glm_cropped/sub-49/GLM_run_1_block-01/DCM_sub-49_GLM_run_1_block-01_4ROI.mat,OK,
sub-49,run_1,block-02,50,work/glm_cropped/sub-49/GLM_run_1_block-02/DCM_sub-49_GLM_run_1_block-02_4ROI.mat,OK,
sub-49,run_1,block-03,50,work/glm_cropped/sub-49/GLM_run_1_block-03/DCM_sub-49_GLM_run_1_block-03_4ROI.mat,OK,
sub-49,run_2,ALL,166,work/glm_cropped/sub-49/GLM_run_2_ALL/DCM_sub-49_GLM_run_2_ALL_4ROI.mat,OK,
sub-49,run_2,block-01,50,work/glm_cropped/sub-49/GLM_run_2_block-01/DCM_sub-49_GLM_run_2_block-01_4ROI.mat,OK,
sub-49,run_2,block-02,50,work/glm_cropped/sub-49/GLM_run_2_block-02/DCM_sub-49_GLM_run_2_block-02_4ROI.mat,OK,
sub-49,run_2,block-03,50,work/glm_cropped/sub-49/GLM_run_2_block-03/DCM_sub-49_GLM_run_2_block-03_4ROI.mat,OK,
