subject,run,tag,IFG_L__lOTC,IFG_L__V1_L,IFG_L__vOTC,lOTC__V1_L,lOTC__vOTC,V1_L__vOTC
sub-01,run_2,ALL,0.211975269591983,-0.208817038258901,0.151765462667031,0.118911678742245,0.456114708223917,-0.019280905920349
sub-02,run_2,ALL,0.156995367089966,0.0344519146273293,0.0991266978960053,0.207349631845312,0.866787349203255,0.0301637925398908
sub-03,run_2,ALL,-0.149773540580629,-0.117662634122292,-0.0766887354580385,-0.0735049334274472,0.724746799646695,-0.246717920815339
sub-04,run_2,ALL,-0.068238253199494,0.265395344275348,0.0635154197039449,0.268826235703873,0.510711699710622,0.215665839412786
sub-05,run_2,ALL,0.10555077772583,0.0531984008081477,0.090305920254306,0.172477405523336,0.613161912312635,0.148550760755228
sub-06,run_2,ALL,0.0691183813931925,-0.133893253796561,0.119232290937542,0.0655439164345105,0.395673649121298,0.119968882016175
sub-07,run_2,ALL,0.106819374688957,-0.00679795947052656,0.0225399972246822,0.113336054794057,0.623112529820014,-0.00355782679331649
sub-08,run_2,ALL,0.138416402925353,-0.129660010002446,-0.0334677197201262,0.025628831725631,0.514804800540491,-0.0108476879692033
sub-09,run_2,ALL,-0.0395832229867039,-0.177668336554444,-0.0706920549213991,0.206820362274704,0.894037926355888,0.200031011919312
sub-10,run_2,ALL,0.0908004806959021,-0.0650267496668695,-0.0867602235663217,-0.213672390033004,0.481019669835976,0.00406783947539385
sub-11,run_2,ALL,0.0933928551705058,0.0911026682473231,0.278265011379133,0.183066128654627,0.473234877452808,0.0849177084330688
sub-12,run_2,ALL,0.152607352016657,0.0814329619372475,0.0318036070399653,0.453303120885162,0.676791504853574,0.24141880018737
sub-14,run_2,ALL,-0.0712520784375322,0.127857099714811,-0.00343308042883089,0.0343477191724701,0.57053024681097,-0.0110029118385656
sub-15,run_2,ALL,0.304310195998409,0.0885157730691775,0.144504795106932,0.160744736426328,0.636041555883181,0.0171004271400061
sub-16,run_2,ALL,-0.049269819319487,-0.136197375085298,-0.23264537711236,-0.17538614060273,0.443268263433762,-0.13696297555322
sub-17,run_2,ALL,0.0784920997920971,-0.217757558417673,0.258339943852958,-0.537705621363088,0.394181115661038,-0.0134861128033328
sub-19,run_2,ALL,-0.0334640536574786,-0.0869925423052533,-0.149846338270047,-0.002251632390995,0.561622719196534,0.0142443869070432
sub-20,run_2,ALL,0.315634135793603,-0.1473838507987,0.109382032140271,0.0896474809913428,0.706383093842886,0.199739621963853
sub-21,run_2,ALL,-0.122076066963135,-0.0979756040003902,-0.0524120612990247,0.156896622649368,0.561016994679581,0.00422689581785735
sub-22,run_2,ALL,0.181201475460043,-0.189913435987865,-0.0395176833919604,0.00719196166604683,0.576811800977252,0.0152147344393028
sub-23,run_2,ALL,-0.128354445900277,-0.337920195375086,-0.0597232746594139,0.152832874995374,0.523131885957851,0.0556314230150008
sub-24,run_2,ALL,0.162047005917615,-0.168926255986629,-0.0315614192789203,-0.160653286991502,0.671229602767174,0.0749667977184113
sub-25,run_2,ALL,0.259918558615856,0.260228081378107,0.12940682006741,0.295066349875607,0.503992595389628,0.221035465889598
sub-26,run_2,ALL,0.0653223271761128,0.035202128467878,-0.167895935211984,-0.364654282236562,0.5818273916008,-0.264615479031408
sub-27,run_2,ALL,0.114025557071578,0.210531938714045,0.0157570151768312,-0.100789129003702,0.583865555343532,-0.159886825740593
sub-28,run_2,ALL,-0.151034986166308,-0.0993476540388347,0.0637950882302799,-0.0223928075983602,0.395159283274762,-0.170417245588551
sub-29,run_2,ALL,-0.0362092622125097,0.214680418816127,0.258882398319641,0.182796784191294,0.430018162487795,0.381054658792937
sub-30,run_2,ALL,-0.273301061806569,-0.243055781911649,-0.136124311690294,0.29087034206575,0.541102824205281,0.262190277058815
sub-31,run_2,ALL,-0.0875337466840248,-0.269287346656777,-0.0126772012957775,0.143575679779112,0.593539802031306,0.0841897112520365
sub-32,run_2,ALL,-0.128325773365596,0.0981266236990805,0.17554352675803,0.0650165210540918,0.470153118480336,0.0117648220722876
sub-33,run_2,ALL,0.0120582993690981,-0.257593233338173,-0.0930283746880619,-0.0371609627622685,0.681801354920168,0.00655526041607293
sub-34,run_2,ALL,-0.0480836677930215,-0.0892209199123648,0.0885613431017178,0.0288707139423917,0.642091828752805,-0.0727601373735807
sub-35,run_2,ALL,-0.0577405335610385,0.158802285539636,0.247273480996372,-0.0365425708387276,0.515264042346572,-0.0738937292067142
sub-36,run_2,ALL,0.320821277003847,-0.139367207599115,0.232567630802676,0.0391244764834382,0.570089051803954,0.21863809380376
sub-37,run_2,ALL,-0.138542392385719,-0.15975187884328,-0.0976047590558529,0.0779560286847481,0.764292268357643,0.142499415472504
sub-38,run_2,ALL,-0.0338037279297769,0.107858928510471,0.00630523411913594,0.179030073736295,0.503200521542653,0.267767023399411
sub-39,run_2,ALL,0.17456153371377,-0.038901355578768,0.294070880486807,0.146080843118427,0.446710670156247,-0.158734560762356
sub-40,run_2,ALL,0.0523655195489252,0.180564590672256,0.0965296100573444,-0.2076425154406,0.624950032404633,0.0500538516729751
sub-42,run_2,ALL,-0.159176581368203,-0.292496668517639,-0.0238125352363335,-0.174070056147306,0.458441136616235,-0.0482520143724183
sub-44,run_2,ALL,-0.259925562988046,-0.224470747603074,-0.215344907796658,0.135855593629818,0.553504036197409,0.0631620391746647
sub-45,run_2,ALL,0.227668732810438,0.221714638797874,0.22596248294045,0.259785187746686,0.294573348212119,0.0530155930281953
sub-46,run_2,ALL,-0.104760168733981,0.0326109527091651,0.0293594741641921,-0.0546661037556023,0.542984437307435,-0.0471520248010177
sub-47,run_2,ALL,-0.15485395739387,-0.00439673117475064,0.0205771380411918,0.0389733409508491,0.680331756123101,0.173952964438079
sub-48,run_2,ALL,-0.173212949090895,-0.0542533852978381,-0.232069697825104,-0.0756214367843272,0.89349811313327,-0.239523325657242
sub-49,run_2,ALL,-0.00669783360417006,0.127380899918176,0.106906141290585,0.0684712679936988,0.808093015296834,0.0554874620627253
