subject,run,tag,exists,path
sub-01,run_1,ALL,1,work/fc_residual/sub-01/run_1/ResidualFC_ALL.mat
sub-01,run_1,Block-01,1,work/fc_residual/sub-01/run_1/ResidualFC_Block-01.mat
sub-01,run_1,Block-02,1,work/fc_residual/sub-01/run_1/ResidualFC_Block-02.mat
sub-01,run_1,Block-03,1,work/fc_residual/sub-01/run_1/ResidualFC_Block-03.mat
sub-01,run_2,ALL,1,work/fc_residual/sub-01/run_2/ResidualFC_ALL.mat
sub-01,run_2,Block-01,1,work/fc_residual/sub-01/run_2/ResidualFC_Block-01.mat
sub-01,run_2,Block-02,1,work/fc_residual/sub-01/run_2/ResidualFC_Block-02.mat
sub-01,run_2,Block-03,1,work/fc_residual/sub-01/run_2/ResidualFC_Block-03.mat
sub-02,run_1,ALL,1,work/fc_residual/sub-02/run_1/ResidualFC_ALL.mat
sub-02,run_1,Block-01,1,work/fc_residual/sub-02/run_1/ResidualFC_Block-01.mat
sub-02,run_1,Block-02,1,work/fc_residual/sub-02/run_1/ResidualFC_Block-02.mat
sub-02,run_1,Block-03,1,work/fc_residual/sub-02/run_1/ResidualFC_Block-03.mat
sub-02,run_2,ALL,1,work/fc_residual/sub-02/run_2/ResidualFC_ALL.mat
sub-02,run_2,Block-01,1,work/fc_residual/sub-02/run_2/ResidualFC_Block-01.mat
sub-02,run_2,Block-02,1,work/fc_residual/sub-02/run_2/ResidualFC_Block-02.mat
sub-02,run_2,Block-03,1,work/fc_residual/sub-02/run_2/ResidualFC_Block-03.mat
sub-03,run_1,ALL,1,work/fc_residual/sub-03/run_1/ResidualFC_ALL.mat
sub-03,run_1,Block-01,1,work/fc_residual/sub-03/run_1/ResidualFC_Block-01.mat
sub-03,run_1,Block-02,1,work/fc_residual/sub-03/run_1/ResidualFC_Block-02.mat
sub-03,run_1,Block-03,1,work/fc_residual/sub-03/run_1/ResidualFC_Block-03.mat
sub-03,run_2,ALL,1,work/fc_residual/sub-03/run_2/ResidualFC_ALL.mat
sub-03,run_2,Block-01,1,work/fc_residual/sub-03/run_2/ResidualFC_Block-01.mat
sub-03,run_2,Block-02,1,work/fc_residual/sub-03/run_2/ResidualFC_Block-02.mat
sub-03,run_2,Block-03,1,work/fc_residual/sub-03/run_2/ResidualFC_Block-03.mat
sub-04,run_1,ALL,1,work/fc_residual/sub-04/run_1/ResidualFC_ALL.mat
sub-04,run_1,Block-01,1,work/fc_residual/sub-04/run_1/ResidualFC_Block-01.mat
sub-04,run_1,Block-02,1,work/fc_residual/sub-04/run_1/ResidualFC_Block-02.mat
sub-04,run_1,Block-03,1,work/fc_residual/sub-04/run_1/ResidualFC_Block-03.mat
sub-04,run_2,ALL,1,work/fc_residual/sub-04/run_2/ResidualFC_ALL.mat
sub-04,run_2,Block-01,1,work/fc_residual/sub-04/run_2/ResidualFC_Block-01.mat
sub-04,run_2,Block-02,1,work/fc_residual/sub-04/run_2/ResidualFC_Block-02.mat
sub-04,run_2,Block-03,1,work/fc_residual/sub-04/run_2/ResidualFC_Block-03.mat
sub-05,run_1,ALL,1,work/fc_residual/sub-05/run_1/ResidualFC_ALL.mat
sub-05,run_1,Block-01,1,work/fc_residual/sub-05/run_1/ResidualFC_Block-01.mat
sub-05,run_1,Block-02,1,work/fc_residual/sub-05/run_1/ResidualFC_Block-02.mat
sub-05,run_1,Block-03,1,work/fc_residual/sub-05/run_1/ResidualFC_Block-03.mat
sub-05,run_2,ALL,1,work/fc_residual/sub-05/run_2/ResidualFC_ALL.mat
sub-05,run_2,Block-01,1,work/fc_residual/sub-05/run_2/ResidualFC_Block-01.mat
sub-05,run_2,Block-02,1,work/fc_residual/sub-05/run_2/ResidualFC_Block-02.mat
sub-05,run_2,Block-03,1,work/fc_residual/sub-05/run_2/ResidualFC_Block-03.mat
sub-06,run_1,ALL,1,work/fc_residual/sub-06/run_1/ResidualFC_ALL.mat
sub-06,run_1,Block-01,1,work/fc_residual/sub-06/run_1/ResidualFC_Block-01.mat
sub-06,run_1,Block-02,1,work/fc_residual/sub-06/run_1/ResidualFC_Block-02.mat
sub-06,run_1,Block-03,1,work/fc_residual/sub-06/run_1/ResidualFC_Block-03.mat
sub-06,run_2,ALL,1,work/fc_residual/sub-06/run_2/ResidualFC_ALL.mat
sub-06,run_2,Block-01,1,work/fc_residual/sub-06/run_2/ResidualFC_Block-01.mat
sub-06,run_2,Block-02,1,work/fc_residual/sub-06/run_2/ResidualFC_Block-02.mat
sub-06,run_2,Block-03,1,work/fc_residual/sub-06/run_2/ResidualFC_Block-03.mat
sub-07,run_1,ALL,1,work/fc_residual/sub-07/run_1/ResidualFC_ALL.mat
sub-07,run_1,Block-01,1,work/fc_residual/sub-07/run_1/ResidualFC_Block-01.mat
sub-07,run_1,Block-02,1,work/fc_residual/sub-07/run_1/ResidualFC_Block-02.mat
sub-07,run_1,Block-03,1,work/fc_residual/sub-07/run_1/ResidualFC_Block-03.mat
sub-07,run_2,ALL,1,work/fc_residual/sub-07/run_2/ResidualFC_ALL.mat
sub-07,run_2,Block-01,1,work/fc_residual/sub-07/run_2/ResidualFC_Block-01.mat
sub-07,run_2,Block-02,1,work/fc_residual/sub-07/run_2/ResidualFC_Block-02.mat
sub-07,run_2,Block-03,1,work/fc_residual/sub-07/run_2/ResidualFC_Block-03.mat
sub-08,run_1,ALL,1,work/fc_residual/sub-08/run_1/ResidualFC_ALL.mat
sub-08,run_1,Block-01,1,work/fc_residual/sub-08/run_1/ResidualFC_Block-01.mat
sub-08,run_1,Block-02,1,work/fc_residual/sub-08/run_1/ResidualFC_Block-02.mat
sub-08,run_1,Block-03,1,work/fc_residual/sub-08/run_1/ResidualFC_Block-03.mat
sub-08,run_2,ALL,1,work/fc_residual/sub-08/run_2/ResidualFC_ALL.mat
sub-08,run_2,Block-01,1,work/fc_residual/sub-08/run_2/ResidualFC_Block-01.mat
sub-08,run_2,Block-02,1,work/fc_residual/sub-08/run_2/ResidualFC_Block-02.mat
sub-08,run_2,Block-03,1,work/fc_residual/sub-08/run_2/ResidualFC_Block-03.mat
sub-09,run_1,ALL,1,work/fc_residual/sub-09/run_1/ResidualFC_ALL.mat
sub-09,run_1,Block-01,1,work/fc_residual/sub-09/run_1/ResidualFC_Block-01.mat
sub-09,run_1,Block-02,1,work/fc_residual/sub-09/run_1/ResidualFC_Block-02.mat
sub-09,run_1,Block-03,1,work/fc_residual/sub-09/run_1/ResidualFC_Block-03.mat
sub-09,run_2,ALL,1,work/fc_residual/sub-09/run_2/ResidualFC_ALL.mat
sub-09,run_2,Block-01,1,work/fc_residual/sub-09/run_2/ResidualFC_Block-01.mat
sub-09,run_2,Block-02,1,work/fc_residual/sub-09/run_2/ResidualFC_Block-02.mat
sub-09,run_2,Block-03,1,work/fc_residual/sub-09/run_2/ResidualFC_Block-03.mat
sub-10,run_1,ALL,1,work/fc_residual/sub-10/run_1/ResidualFC_ALL.mat
sub-10,run_1,Block-01,1,work/fc_residual/sub-10/run_1/ResidualFC_Block-01.mat
sub-10,run_1,Block-02,1,work/fc_residual/sub-10/run_1/ResidualFC_Block-02.mat
sub-10,run_1,Block-03,1,work/fc_residual/sub-10/run_1/ResidualFC_Block-03.mat
sub-10,run_2,ALL,1,work/fc_residual/sub-10/run_2/ResidualFC_ALL.mat
sub-10,run_2,Block-01,1,work/fc_residual/sub-10/run_2/ResidualFC_Block-01.mat
sub-10,run_2,Block-02,1,work/fc_residual/sub-10/run_2/ResidualFC_Block-02.mat
sub-10,run_2,Block-03,1,work/fc_residual/sub-10/run_2/ResidualFC_Block-03.mat
sub-11,run_1,ALL,1,work/fc_residual/sub-11/run_1/ResidualFC_ALL.mat
sub-11,run_1,Block-01,1,work/fc_residual/sub-11/run_1/ResidualFC_Block-01.mat
sub-11,run_1,Block-02,1,work/fc_residual/sub-11/run_1/ResidualFC_Block-02.mat
sub-11,run_1,Block-03,1,work/fc_residual/sub-11/run_1/ResidualFC_Block-03.mat
sub-11,run_2,ALL,1,work/fc_residual/sub-11/run_2/ResidualFC_ALL.mat
sub-11,run_2,Block-01,1,work/fc_residual/sub-11/run_2/ResidualFC_Block-01.mat
sub-11,run_2,Block-02,1,work/fc_residual/sub-11/run_2/ResidualFC_Block-02.mat
sub-11,run_2,Block-03,1,work/fc_residual/sub-11/run_2/ResidualFC_Block-03.mat
sub-12,run_1,ALL,1,work/fc_residual/sub-12/run_1/ResidualFC_ALL.mat
sub-12,run_1,Block-01,1,work/fc_residual/sub-12/run_1/ResidualFC_Block-01.mat
sub-12,run_1,Block-02,1,work/fc_residual/sub-12/run_1/ResidualFC_Block-02.mat
sub-12,run_1,Block-03,1,work/fc_residual/sub-12/run_1/ResidualFC_Block-03.mat
sub-12,run_2,ALL,1,work/fc_residual/sub-12/run_2/ResidualFC_ALL.mat
sub-12,run_2,Block-01,1,work/fc_residual/sub-12/run_2/ResidualFC_Block-01.mat
sub-12,run_2,Block-02,1,work/fc_residual/sub-12/run_2/ResidualFC_Block-02.mat
sub-12,run_2,Block-03,1,work/fc_residual/sub-12/run_2/ResidualFC_Block-03.mat
sub-14,run_1,ALL,1,work/fc_residual/sub-14/run_1/ResidualFC_ALL.mat
sub-14,run_1,Block-01,1,work/fc_residual/sub-14/run_1/ResidualFC_Block-01.mat
sub-14,run_1,Block-02,1,work/fc_residual/sub-14/run_1/ResidualFC_Block-02.mat
sub-14,run_1,Block-03,1,work/fc_residual/sub-14/run_1/ResidualFC_Block-03.mat
sub-14,run_2,ALL,1,work/fc_residual/sub-14/run_2/ResidualFC_ALL.mat
sub-14,run_2,Block-01,1,work/fc_residual/sub-14/run_2/ResidualFC_Block-01.mat
sub-14,run_2,Block-02,1,work/fc_residual/sub-14/run_2/ResidualFC_Block-02.mat
sub-14,run_2,Block-03,1,work/fc_residual/sub-14/run_2/ResidualFC_Block-03.mat
sub-15,run_1,ALL,1,work/fc_residual/sub-15/run_1/ResidualFC_ALL.mat
sub-15,run_1,Block-01,1,work/fc_residual/sub-15/run_1/ResidualFC_Block-01.mat
sub-15,run_1,Block-02,1,work/fc_residual/sub-15/run_1/ResidualFC_Block-02.mat
sub-15,run_1,Block-03,1,work/fc_residual/sub-15/run_1/ResidualFC_Block-03.mat
sub-15,run_2,ALL,1,work/fc_residual/sub-15/run_2/ResidualFC_ALL.mat
sub-15,run_2,Block-01,1,work/fc_residual/sub-15/run_2/ResidualFC_Block-01.mat
sub-15,run_2,Block-02,1,work/fc_residual/sub-15/run_2/ResidualFC_Block-02.mat
sub-15,run_2,Block-03,1,work/fc_residual/sub-15/run_2/ResidualFC_Block-03.mat
sub-16,run_1,ALL,1,work/fc_residual/sub-16/run_1/ResidualFC_ALL.mat
sub-16,run_1,Block-01,1,work/fc_residual/sub-16/run_1/ResidualFC_Block-01.mat
sub-16,run_1,Block-02,1,work/fc_residual/sub-16/run_1/ResidualFC_Block-02.mat
sub-16,run_1,Block-03,1,work/fc_residual/sub-16/run_1/ResidualFC_Block-03.mat
sub-16,run_2,ALL,1,work/fc_residual/sub-16/run_2/ResidualFC_ALL.mat
sub-16,run_2,Block-01,1,work/fc_residual/sub-16/run_2/ResidualFC_Block-01.mat
sub-16,run_2,Block-02,1,work/fc_residual/sub-16/run_2/ResidualFC_Block-02.mat
sub-16,run_2,Block-03,1,work/fc_residual/sub-16/run_2/ResidualFC_Block-03.mat
sub-17,run_1,ALL,1,work/fc_residual/sub-17/run_1/ResidualFC_ALL.mat
sub-17,run_1,Block-01,1,work/fc_residual/sub-17/run_1/ResidualFC_Block-01.mat
sub-17,run_1,Block-02,1,work/fc_residual/sub-17/run_1/ResidualFC_Block-02.mat
sub-17,run_1,Block-03,1,work/fc_residual/sub-17/run_1/ResidualFC_Block-03.mat
sub-17,run_2,ALL,1,work/fc_residual/sub-17/run_2/ResidualFC_ALL.mat
sub-17,run_2,Block-01,1,work/fc_residual/sub-17/run_2/ResidualFC_Block-01.mat
sub-17,run_2,Block-02,1,work/fc_residual/sub-17/run_2/ResidualFC_Block-02.mat
sub-17,run_2,Block-03,1,work/fc_residual/sub-17/run_2/ResidualFC_Block-03.mat
sub-19,run_1,ALL,1,work/fc_residual/sub-19/run_1/ResidualFC_ALL.mat
sub-19,run_1,Block-01,1,work/fc_residual/sub-19/run_1/ResidualFC_Block-01.mat
sub-19,run_1,Block-02,1,work/fc_residual/sub-19/run_1/ResidualFC_Block-02.mat
sub-19,run_1,Block-03,1,work/fc_residual/sub-19/run_1/ResidualFC_Block-03.mat
sub-19,run_2,ALL,1,work/fc_residual/sub-19/run_2/ResidualFC_ALL.mat
sub-19,run_2,Block-01,1,work/fc_residual/sub-19/run_2/ResidualFC_Block-01.mat
sub-19,run_2,Block-02,1,work/fc_residual/sub-19/run_2/ResidualFC_Block-02.mat
sub-19,run_2,Block-03,1,work/fc_residual/sub-19/run_2/ResidualFC_Block-03.mat
sub-20,run_1,ALL,1,work/fc_residual/sub-20/run_1/ResidualFC_ALL.mat
sub-20,run_1,Block-01,1,work/fc_residual/sub-20/run_1/ResidualFC_Block-01.mat
sub-20,run_1,Block-02,1,work/fc_residual/sub-20/run_1/ResidualFC_Block-02.mat
sub-20,run_1,Block-03,1,work/fc_residual/sub-20/run_1/ResidualFC_Block-03.mat
sub-20,run_2,ALL,1,work/fc_residual/sub-20/run_2/ResidualFC_ALL.mat
sub-20,run_2,Block-01,1,work/fc_residual/sub-20/run_2/ResidualFC_Block-01.mat
sub-20,run_2,Block-02,1,work/fc_residual/sub-20/run_2/ResidualFC_Block-02.mat
sub-20,run_2,Block-03,1,work/fc_residual/sub-20/run_2/ResidualFC_Block-03.mat
sub-21,run_1,ALL,1,work/fc_residual/sub-21/run_1/ResidualFC_ALL.mat
sub-21,run_1,Block-01,1,work/fc_residual/sub-21/run_1/ResidualFC_Block-01.mat
sub-21,run_1,Block-02,1,work/fc_residual/sub-21/run_1/ResidualFC_Block-02.mat
sub-21,run_1,Block-03,1,work/fc_residual/sub-21/run_1/ResidualFC_Block-03.mat
sub-21,run_2,ALL,1,work/fc_residual/sub-21/run_2/ResidualFC_ALL.mat
sub-21,run_2,Block-01,1,work/fc_residual/sub-21/run_2/ResidualFC_Block-01.mat
sub-21,run_2,Block-02,1,work/fc_residual/sub-21/run_2/ResidualFC_Block-02.mat
sub-21,run_2,Block-03,1,work/fc_residual/sub-21/run_2/ResidualFC_Block-03.mat
sub-22,run_1,ALL,1,work/fc_residual/sub-22/run_1/ResidualFC_ALL.mat
sub-22,run_1,Block-01,1,work/fc_residual/sub-22/run_1/ResidualFC_Block-01.mat
sub-22,run_1,Block-02,1,work/fc_residual/sub-22/run_1/ResidualFC_Block-02.mat
sub-22,run_1,Block-03,1,work/fc_residual/sub-22/run_1/ResidualFC_Block-03.mat
sub-22,run_2,ALL,1,work/fc_residual/sub-22/run_2/ResidualFC_ALL.mat
sub-22,run_2,Block-01,1,work/fc_residual/sub-22/run_2/ResidualFC_Block-01.mat
sub-22,run_2,Block-02,1,work/fc_residual/sub-22/run_2/ResidualFC_Block-02.mat
sub-22,run_2,Block-03,1,work/fc_residual/sub-22/run_2/ResidualFC_Block-03.mat
sub-23,run_1,ALL,1,work/fc_residual/sub-23/run_1/ResidualFC_ALL.mat
sub-23,run_1,Block-01,1,work/fc_residual/sub-23/run_1/ResidualFC_Block-01.mat
sub-23,run_1,Block-02,1,work/fc_residual/sub-23/run_1/ResidualFC_Block-02.mat
sub-23,run_1,Block-03,1,work/fc_residual/sub-23/run_1/ResidualFC_Block-03.mat
sub-23,run_2,ALL,1,work/fc_residual/sub-23/run_2/ResidualFC_ALL.mat
sub-23,run_2,Block-01,1,work/fc_residual/sub-23/run_2/ResidualFC_Block-01.mat
sub-23,run_2,Block-02,1,work/fc_residual/sub-23/run_2/ResidualFC_Block-02.mat
sub-23,run_2,Block-03,1,work/fc_residual/sub-23/run_2/ResidualFC_Block-03.mat
sub-24,run_1,ALL,1,work/fc_residual/sub-24/run_1/ResidualFC_ALL.mat
sub-24,run_1,Block-01,1,work/fc_residual/sub-24/run_1/ResidualFC_Block-01.mat
sub-24,run_1,Block-02,1,work/fc_residual/sub-24/run_1/ResidualFC_Block-02.mat
sub-24,run_1,Block-03,1,work/fc_residual/sub-24/run_1/ResidualFC_Block-03.mat
sub-24,run_2,ALL,1,work/fc_residual/sub-24/run_2/ResidualFC_ALL.mat
sub-24,run_2,Block-01,1,work/fc_residual/sub-24/run_2/ResidualFC_Block-01.mat
sub-24,run_2,Block-02,1,work/fc_residual/sub-24/run_2/ResidualFC_Block-02.mat
sub-24,run_2,Block-03,1,work/fc_residual/sub-24/run_2/ResidualFC_Block-03.mat
sub-25,run_1,ALL,1,work/fc_residual/sub-25/run_1/ResidualFC_ALL.mat
sub-25,run_1,Block-01,1,work/fc_residual/sub-25/run_1/ResidualFC_Block-01.mat
sub-25,run_1,Block-02,1,work/fc_residual/sub-25/run_1/ResidualFC_Block-02.mat
sub-25,run_1,Block-03,1,work/fc_residual/sub-25/run_1/ResidualFC_Block-03.mat
sub-25,run_2,ALL,1,work/fc_residual/sub-25/run_2/ResidualFC_ALL.mat
sub-25,run_2,Block-01,1,work/fc_residual/sub-25/run_2/ResidualFC_Block-01.mat
sub-25,run_2,Block-02,1,work/fc_residual/sub-25/run_2/ResidualFC_Block-02.mat
sub-25,run_2,Block-03,1,work/fc_residual/sub-25/run_2/ResidualFC_Block-03.mat
sub-26,run_1,ALL,1,work/fc_residual/sub-26/run_1/ResidualFC_ALL.mat
sub-26,run_1,Block-01,1,work/fc_residual/sub-26/run_1/ResidualFC_Block-01.mat
sub-26,run_1,Block-02,1,work/fc_residual/sub-26/run_1/ResidualFC_Block-02.mat
sub-26,run_1,Block-03,1,work/fc_residual/sub-26/run_1/ResidualFC_Block-03.mat
sub-26,run_2,ALL,1,work/fc_residual/sub-26/run_2/ResidualFC_ALL.mat
sub-26,run_2,Block-01,1,work/fc_residual/sub-26/run_2/ResidualFC_Block-01.mat
sub-26,run_2,Block-02,1,work/fc_residual/sub-26/run_2/ResidualFC_Block-02.mat
sub-26,run_2,Block-03,1,work/fc_residual/sub-26/run_2/ResidualFC_Block-03.mat
sub-27,run_1,ALL,1,work/fc_residual/sub-27/run_1/ResidualFC_ALL.mat
sub-27,run_1,Block-01,1,work/fc_residual/sub-27/run_1/ResidualFC_Block-01.mat
sub-27,run_1,Block-02,1,work/fc_residual/sub-27/run_1/ResidualFC_Block-02.mat
sub-27,run_1,Block-03,1,work/fc_residual/sub-27/run_1/ResidualFC_Block-03.mat
sub-27,run_2,ALL,1,work/fc_residual/sub-27/run_2/ResidualFC_ALL.mat
sub-27,run_2,Block-01,1,work/fc_residual/sub-27/run_2/ResidualFC_Block-01.mat
sub-27,run_2,Block-02,1,work/fc_residual/sub-27/run_2/ResidualFC_Block-02.mat
sub-27,run_2,Block-03,1,work/fc_residual/sub-27/run_2/ResidualFC_Block-03.mat
sub-28,run_1,ALL,1,work/fc_residual/sub-28/run_1/ResidualFC_ALL.mat
sub-28,run_1,Block-01,1,work/fc_residual/sub-28/run_1/ResidualFC_Block-01.mat
sub-28,run_1,Block-02,1,work/fc_residual/sub-28/run_1/ResidualFC_Block-02.mat
sub-28,run_1,Block-03,1,work/fc_residual/sub-28/run_1/ResidualFC_Block-03.mat
sub-28,run_2,ALL,1,work/fc_residual/sub-28/run_2/ResidualFC_ALL.mat
sub-28,run_2,Block-01,1,work/fc_residual/sub-28/run_2/ResidualFC_Block-01.mat
sub-28,run_2,Block-02,1,work/fc_residual/sub-28/run_2/ResidualFC_Block-02.mat
sub-28,run_2,Block-03,1,work/fc_residual/sub-28/run_2/ResidualFC_Block-03.mat
sub-29,run_1,ALL,1,work/fc_residual/sub-29/run_1/ResidualFC_ALL.mat
sub-29,run_1,Block-01,1,work/fc_residual/sub-29/run_1/ResidualFC_Block-01.mat
sub-29,run_1,Block-02,1,work/fc_residual/sub-29/run_1/ResidualFC_Block-02.mat
sub-29,run_1,Block-03,1,work/fc_residual/sub-29/run_1/ResidualFC_Block-03.mat
sub-29,run_2,ALL,1,work/fc_residual/sub-29/run_2/ResidualFC_ALL.mat
sub-29,run_2,Block-01,1,work/fc_residual/sub-29/run_2/ResidualFC_Block-01.mat
sub-29,run_2,Block-02,1,work/fc_residual/sub-29/run_2/ResidualFC_Block-02.mat
sub-29,run_2,Block-03,1,work/fc_residual/sub-29/run_2/ResidualFC_Block-03.mat
sub-30,run_1,ALL,1,work/fc_residual/sub-30/run_1/ResidualFC_ALL.mat
sub-30,run_1,Block-01,1,work/fc_residual/sub-30/run_1/ResidualFC_Block-01.mat
sub-30,run_1,Block-02,1,work/fc_residual/sub-30/run_1/ResidualFC_Block-02.mat
sub-30,run_1,Block-03,1,work/fc_residual/sub-30/run_1/ResidualFC_Block-03.mat
sub-30,run_2,ALL,1,work/fc_residual/sub-30/run_2/ResidualFC_ALL.mat
sub-30,run_2,Block-01,1,work/fc_residual/sub-30/run_2/ResidualFC_Block-01.mat
sub-30,run_2,Block-02,1,work/fc_residual/sub-30/run_2/ResidualFC_Block-02.mat
sub-30,run_2,Block-03,1,work/fc_residual/sub-30/run_2/ResidualFC_Block-03.mat
sub-31,run_1,ALL,1,work/fc_residual/sub-31/run_1/ResidualFC_ALL.mat
sub-31,run_1,Block-01,1,work/fc_residual/sub-31/run_1/ResidualFC_Block-01.mat
sub-31,run_1,Block-02,1,work/fc_residual/sub-31/run_1/ResidualFC_Block-02.mat
sub-31,run_1,Block-03,1,work/fc_residual/sub-31/run_1/ResidualFC_Block-03.mat
sub-31,run_2,ALL,1,work/fc_residual/sub-31/run_2/ResidualFC_ALL.mat
sub-31,run_2,Block-01,1,work/fc_residual/sub-31/run_2/ResidualFC_Block-01.mat
sub-31,run_2,Block-02,1,work/fc_residual/sub-31/run_2/ResidualFC_Block-02.mat
sub-31,run_2,Block-03,1,work/fc_residual/sub-31/run_2/ResidualFC_Block-03.mat
sub-32,run_1,ALL,1,work/fc_residual/sub-32/run_1/ResidualFC_ALL.mat
sub-32,run_1,Block-01,1,work/fc_residual/sub-32/run_1/ResidualFC_Block-01.mat
sub-32,run_1,Block-02,1,work/fc_residual/sub-32/run_1/ResidualFC_Block-02.mat
sub-32,run_1,Block-03,1,work/fc_residual/sub-32/run_1/ResidualFC_Block-03.mat
sub-32,run_2,ALL,1,work/fc_residual/sub-32/run_2/ResidualFC_ALL.mat
sub-32,run_2,Block-01,1,work/fc_residual/sub-32/run_2/ResidualFC_Block-01.mat
sub-32,run_2,Block-02,1,work/fc_residual/sub-32/run_2/ResidualFC_Block-02.mat
sub-32,run_2,Block-03,1,work/fc_residual/sub-32/run_2/ResidualFC_Block-03.mat
sub-33,run_1,ALL,1,work/fc_residual/sub-33/run_1/ResidualFC_ALL.mat
sub-33,run_1,Block-01,1,work/fc_residual/sub-33/run_1/ResidualFC_Block-01.mat
sub-33,run_1,Block-02,1,work/fc_residual/sub-33/run_1/ResidualFC_Block-02.mat
sub-33,run_1,Block-03,1,work/fc_residual/sub-33/run_1/ResidualFC_Block-03.mat
sub-33,run_2,ALL,1,work/fc_residual/sub-33/run_2/ResidualFC_ALL.mat
sub-33,run_2,Block-01,1,work/fc_residual/sub-33/run_2/ResidualFC_Block-01.mat
sub-33,run_2,Block-02,1,work/fc_residual/sub-33/run_2/ResidualFC_Block-02.mat
sub-33,run_2,Block-03,1,work/fc_residual/sub-33/run_2/ResidualFC_Block-03.mat
sub-34,run_1,ALL,1,work/fc_residual/sub-34/run_1/ResidualFC_ALL.mat
sub-34,run_1,Block-01,1,work/fc_residual/sub-34/run_1/ResidualFC_Block-01.mat
sub-34,run_1,Block-02,1,work/fc_residual/sub-34/run_1/ResidualFC_Block-02.mat
sub-34,run_1,Block-03,1,work/fc_residual/sub-34/run_1/ResidualFC_Block-03.mat
sub-34,run_2,ALL,1,work/fc_residual/sub-34/run_2/ResidualFC_ALL.mat
sub-34,run_2,Block-01,1,work/fc_residual/sub-34/run_2/ResidualFC_Block-01.mat
sub-34,run_2,Block-02,1,work/fc_residual/sub-34/run_2/ResidualFC_Block-02.mat
sub-34,run_2,Block-03,1,work/fc_residual/sub-34/run_2/ResidualFC_Block-03.mat
sub-35,run_1,ALL,1,work/fc_residual/sub-35/run_1/ResidualFC_ALL.mat
sub-35,run_1,Block-01,1,work/fc_residual/sub-35/run_1/ResidualFC_Block-01.mat
sub-35,run_1,Block-02,1,work/fc_residual/sub-35/run_1/ResidualFC_Block-02.mat
sub-35,run_1,Block-03,1,work/fc_residual/sub-35/run_1/ResidualFC_Block-03.mat
sub-35,run_2,ALL,1,work/fc_residual/sub-35/run_2/ResidualFC_ALL.mat
sub-35,run_2,Block-01,1,work/fc_residual/sub-35/run_2/ResidualFC_Block-01.mat
sub-35,run_2,Block-02,1,work/fc_residual/sub-35/run_2/ResidualFC_Block-02.mat
sub-35,run_2,Block-03,1,work/fc_residual/sub-35/run_2/ResidualFC_Block-03.mat
sub-36,run_1,ALL,1,work/fc_residual/sub-36/run_1/ResidualFC_ALL.mat
sub-36,run_1,Block-01,1,work/fc_residual/sub-36/run_1/ResidualFC_Block-01.mat
sub-36,run_1,Block-02,1,work/fc_residual/sub-36/run_1/ResidualFC_Block-02.mat
sub-36,run_1,Block-03,1,work/fc_residual/sub-36/run_1/ResidualFC_Block-03.mat
sub-36,run_2,ALL,1,work/fc_residual/sub-36/run_2/ResidualFC_ALL.mat
sub-36,run_2,Block-01,1,work/fc_residual/sub-36/run_2/ResidualFC_Block-01.mat
sub-36,run_2,Block-02,1,work/fc_residual/sub-36/run_2/ResidualFC_Block-02.mat
sub-36,run_2,Block-03,1,work/fc_residual/sub-36/run_2/ResidualFC_Block-03.mat
sub-37,run_1,ALL,0,work/fc_residual/sub-37/run_1/ResidualFC_ALL.mat
sub-37,run_1,Block-01,0,work/fc_residual/sub-37/run_1/ResidualFC_Block-01.mat
sub-37,run_1,Block-02,0,work/fc_residual/sub-37/run_1/ResidualFC_Block-02.mat
sub-37,run_1,Block-03,0,work/fc_residual/sub-37/run_1/ResidualFC_Block-03.mat
sub-37,run_2,ALL,1,work/fc_residual/sub-37/run_2/ResidualFC_ALL.mat
sub-37,run_2,Block-01,1,work/fc_residual/sub-37/run_2/ResidualFC_Block-01.mat
sub-37,run_2,Block-02,1,work/fc_residual/sub-37/run_2/ResidualFC_Block-02.mat
sub-37,run_2,Block-03,1,work/fc_residual/sub-37/run_2/ResidualFC_Block-03.mat
sub-38,run_1,ALL,1,work/fc_residual/sub-38/run_1/ResidualFC_ALL.mat
sub-38,run_1,Block-01,1,work/fc_residual/sub-38/run_1/ResidualFC_Block-01.mat
sub-38,run_1,Block-02,1,work/fc_residual/sub-38/run_1/ResidualFC_Block-02.mat
sub-38,run_1,Block-03,1,work/fc_residual/sub-38/run_1/ResidualFC_Block-03.mat
sub-38,run_2,ALL,1,work/fc_residual/sub-38/run_2/ResidualFC_ALL.mat
sub-38,run_2,Block-01,1,work/fc_residual/sub-38/run_2/ResidualFC_Block-01.mat
sub-38,run_2,Block-02,1,work/fc_residual/sub-38/run_2/ResidualFC_Block-02.mat
sub-38,run_2,Block-03,1,work/fc_residual/sub-38/run_2/ResidualFC_Block-03.mat
sub-39,run_1,ALL,1,work/fc_residual/sub-39/run_1/ResidualFC_ALL.mat
sub-39,run_1,Block-01,1,work/fc_residual/sub-39/run_1/ResidualFC_Block-01.mat
sub-39,run_1,Block-02,1,work/fc_residual/sub-39/run_1/ResidualFC_Block-02.mat
sub-39,run_1,Block-03,1,work/fc_residual/sub-39/run_1/ResidualFC_Block-03.mat
sub-39,run_2,ALL,1,work/fc_residual/sub-39/run_2/ResidualFC_ALL.mat
sub-39,run_2,Block-01,1,work/fc_residual/sub-39/run_2/ResidualFC_Block-01.mat
sub-39,run_2,Block-02,1,work/fc_residual/sub-39/run_2/ResidualFC_Block-02.mat
sub-39,run_2,Block-03,1,work/fc_residual/sub-39/run_2/ResidualFC_Block-03.mat
sub-40,run_1,ALL,1,work/fc_residual/sub-40/run_1/ResidualFC_ALL.mat
sub-40,run_1,Block-01,1,work/fc_residual/sub-40/run_1/ResidualFC_Block-01.mat
sub-40,run_1,Block-02,1,work/fc_residual/sub-40/run_1/ResidualFC_Block-02.mat
sub-40,run_1,Block-03,1,work/fc_residual/sub-40/run_1/ResidualFC_Block-03.mat
sub-40,run_2,ALL,1,work/fc_residual/sub-40/run_2/ResidualFC_ALL.mat
sub-40,run_2,Block-01,1,work/fc_residual/sub-40/run_2/ResidualFC_Block-01.mat
sub-40,run_2,Block-02,1,work/fc_residual/sub-40/run_2/ResidualFC_Block-02.mat
sub-40,run_2,Block-03,1,work/fc_residual/sub-40/run_2/ResidualFC_Block-03.mat
sub-42,run_1,ALL,1,work/fc_residual/sub-42/run_1/ResidualFC_ALL.mat
sub-42,run_1,Block-01,1,work/fc_residual/sub-42/run_1/ResidualFC_Block-01.mat
sub-42,run_1,Block-02,1,work/fc_residual/sub-42/run_1/ResidualFC_Block-02.mat
sub-42,run_1,Block-03,1,work/fc_residual/sub-42/run_1/ResidualFC_Block-03.mat
sub-42,run_2,ALL,1,work/fc_residual/sub-42/run_2/ResidualFC_ALL.mat
sub-42,run_2,Block-01,1,work/fc_residual/sub-42/run_2/ResidualFC_Block-01.mat
sub-42,run_2,Block-02,1,work/fc_residual/sub-42/run_2/ResidualFC_Block-02.mat
sub-42,run_2,Block-03,1,work/fc_residual/sub-42/run_2/ResidualFC_Block-03.mat
sub-44,run_1,ALL,1,work/fc_residual/sub-44/run_1/ResidualFC_ALL.mat
sub-44,run_1,Block-01,1,work/fc_residual/sub-44/run_1/ResidualFC_Block-01.mat
sub-44,run_1,Block-02,1,work/fc_residual/sub-44/run_1/ResidualFC_Block-02.mat
sub-44,run_1,Block-03,1,work/fc_residual/sub-44/run_1/ResidualFC_Block-03.mat
sub-44,run_2,ALL,1,work/fc_residual/sub-44/run_2/ResidualFC_ALL.mat
sub-44,run_2,Block-01,1,work/fc_residual/sub-44/run_2/ResidualFC_Block-01.mat
sub-44,run_2,Block-02,1,work/fc_residual/sub-44/run_2/ResidualFC_Block-02.mat
sub-44,run_2,Block-03,1,work/fc_residual/sub-44/run_2/ResidualFC_Block-03.mat
sub-45,run_1,ALL,1,work/fc_residual/sub-45/run_1/ResidualFC_ALL.mat
sub-45,run_1,Block-01,1,work/fc_residual/sub-45/run_1/ResidualFC_Block-01.mat
sub-45,run_1,Block-02,1,work/fc_residual/sub-45/run_1/ResidualFC_Block-02.mat
sub-45,run_1,Block-03,1,work/fc_residual/sub-45/run_1/ResidualFC_Block-03.mat
sub-45,run_2,ALL,1,work/fc_residual/sub-45/run_2/ResidualFC_ALL.mat
sub-45,run_2,Block-01,1,work/fc_residual/sub-45/run_2/ResidualFC_Block-01.mat
sub-45,run_2,Block-02,1,work/fc_residual/sub-45/run_2/ResidualFC_Block-02.mat
sub-45,run_2,Block-03,1,work/fc_residual/sub-45/run_2/ResidualFC_Block-03.mat
sub-46,run_1,ALL,1,work/fc_residual/sub-46/run_1/ResidualFC_ALL.mat
sub-46,run_1,Block-01,1,work/fc_residual/sub-46/run_1/ResidualFC_Block-01.mat
sub-46,run_1,Block-02,1,work/fc_residual/sub-46/run_1/ResidualFC_Block-02.mat
sub-46,run_1,Block-03,1,work/fc_residual/sub-46/run_1/ResidualFC_Block-03.mat
sub-46,run_2,ALL,1,work/fc_residual/sub-46/run_2/ResidualFC_ALL.mat
sub-46,run_2,Block-01,1,work/fc_residual/sub-46/run_2/ResidualFC_Block-01.mat
sub-46,run_2,Block-02,1,work/fc_residual/sub-46/run_2/ResidualFC_Block-02.mat
sub-46,run_2,Block-03,1,work/fc_residual/sub-46/run_2/ResidualFC_Block-03.mat
sub-47,run_1,ALL,1,work/fc_residual/sub-47/run_1/ResidualFC_ALL.mat
sub-47,run_1,Block-01,1,work/fc_residual/sub-47/run_1/ResidualFC_Block-01.mat
sub-47,run_1,Block-02,1,work/fc_residual/sub-47/run_1/ResidualFC_Block-02.mat
sub-47,run_1,Block-03,1,work/fc_residual/sub-47/run_1/ResidualFC_Block-03.mat
sub-47,run_2,ALL,1,work/fc_residual/sub-47/run_2/ResidualFC_ALL.mat
sub-47,run_2,Block-01,1,work/fc_residual/sub-47/run_2/ResidualFC_Block-01.mat
sub-47,run_2,Block-02,1,work/fc_residual/sub-47/run_2/ResidualFC_Block-02.mat
sub-47,run_2,Block-03,1,work/fc_residual/sub-47/run_2/ResidualFC_Block-03.mat
sub-48,run_1,ALL,1,work/fc_residual/sub-48/run_1/ResidualFC_ALL.mat
sub-48,run_1,Block-01,1,work/fc_residual/sub-48/run_1/ResidualFC_Block-01.mat
sub-48,run_1,Block-02,1,work/fc_residual/sub-48/run_1/ResidualFC_Block-02.mat
sub-48,run_1,Block-03,1,work/fc_residual/sub-48/run_1/ResidualFC_Block-03.mat
sub-48,run_2,ALL,1,work/fc_residual/sub-48/run_2/ResidualFC_ALL.mat
sub-48,run_2,Block-01,1,work/fc_residual/sub-48/run_2/ResidualFC_Block-01.mat
sub-48,run_2,Block-02,1,work/fc_residual/sub-48/run_2/ResidualFC_Block-02.mat
sub-48,run_2,Block-03,1,work/fc_residual/sub-48/run_2/ResidualFC_Block-03.mat
sub-49,run_1,ALL,1,work/fc_residual/sub-49/run_1/ResidualFC_ALL.mat
sub-49,run_1,Block-01,1,work/fc_residual/sub-49/run_1/ResidualFC_Block-01.mat
sub-49,run_1,Block-02,1,work/fc_residual/sub-49/run_1/ResidualFC_Block-02.mat
sub-49,run_1,Block-03,1,work/fc_residual/sub-49/run_1/ResidualFC_Block-03.mat
sub-49,run_2,ALL,1,work/fc_residual/sub-49/run_2/ResidualFC_ALL.mat
sub-49,run_2,Block-01,1,work/fc_residual/sub-49/run_2/ResidualFC_Block-01.mat
sub-49,run_2,Block-02,1,work/fc_residual/sub-49/run_2/ResidualFC_Block-02.mat
sub-49,run_2,Block-03,1,work/fc_residual/sub-49/run_2/ResidualFC_Block-03.mat
